source_index,comment,auto_suggestion,manual_formal_wolof,status,video_url,token_corrections_json
250,mann buneh weurseuk rek sama hol bi jekh shetete ‍️‍️,mànn buné weerseek rek sama gól bi jeex seetee,man bu ne wërsëg rek sama xol bi jeex séttétét,keep,https://www.youtube.com/watch?v=Myd-Gg4Mhck,"[{""token"": ""mann"", ""category"": ""informal_wolof"", ""selected_candidate"": ""mànn"", ""final_correction"": ""man""}, {""token"": ""buneh"", ""category"": ""informal_wolof"", ""selected_candidate"": ""buné"", ""final_correction"": ""bu ne""}, {""token"": ""weurseuk"", ""category"": ""informal_wolof"", ""selected_candidate"": ""weerseek"", ""final_correction"": ""wërsëg""}, {""token"": ""rek"", ""category"": ""ambiguous_cognate"", ""selected_candidate"": ""rek"", ""final_correction"": ""rek""}, {""token"": ""sama"", ""category"": ""ambiguous_cognate"", ""selected_candidate"": ""sama"", ""final_correction"": ""sama""}, {""token"": ""hol"", ""category"": ""informal_wolof"", ""selected_candidate"": ""gól"", ""final_correction"": ""xol""}, {""token"": ""bi"", ""category"": ""ambiguous_cognate"", ""selected_candidate"": ""bi"", ""final_correction"": ""bi""}, {""token"": ""jekh"", ""category"": ""informal_wolof"", ""selected_candidate"": ""jeex"", ""final_correction"": ""jeex""}, {""token"": ""shetete"", ""category"": ""informal_wolof"", ""selected_candidate"": ""seetee"", ""final_correction"": ""séttétét""}]"
253,tidiane aka wayadi thi dome,tiijaan aka wayadi thi doom,tidiane aka wayadi ci doom,keep,https://www.youtube.com/watch?v=Myd-Gg4Mhck,"[{""token"": ""tidiane"", ""category"": ""french_substituted"", ""selected_candidate"": ""tidiane"", ""final_correction"": ""tidiane""}, {""token"": ""aka"", ""category"": ""ambiguous_cognate"", ""selected_candidate"": ""aka"", ""final_correction"": ""aka""}, {""token"": ""wayadi"", ""category"": ""wolof_formal"", ""selected_candidate"": ""wayadi"", ""final_correction"": ""wayadi""}, {""token"": ""thi"", ""category"": ""french_native"", ""selected_candidate"": ""thi"", ""final_correction"": ""ci""}, {""token"": ""dome"", ""category"": ""informal_wolof"", ""selected_candidate"": ""doom"", ""final_correction"": ""doom""}]"
254,maman oumy mom bane épisode lay dèwè?,maman um mom bane épisode lay dèwè,maman oumy moom ban épisode lay dee,keep,https://www.youtube.com/watch?v=Myd-Gg4Mhck,"[{""token"": ""maman"", ""category"": ""french_native"", ""selected_candidate"": ""maman"", ""final_correction"": ""maman""}, {""token"": ""oumy"", ""category"": ""informal_wolof"", ""selected_candidate"": ""oumy"", ""final_correction"": ""oumy""}, {""token"": ""mom"", ""category"": ""wolof_formal"", ""selected_candidate"": ""mom"", ""final_correction"": ""moom""}, {""token"": ""bane"", ""category"": ""french_native"", ""selected_candidate"": ""bane"", ""final_correction"": ""ban""}, {""token"": ""épisode"", ""category"": ""french_native"", ""selected_candidate"": ""épisode"", ""final_correction"": ""épisode""}, {""token"": ""lay"", ""category"": ""ambiguous_cognate"", ""selected_candidate"": ""lay"", ""final_correction"": ""lay""}, {""token"": ""dèwè"", ""category"": ""informal_wolof"", ""selected_candidate"": ""dèwè"", ""final_correction"": ""dee""}]"
255,mbeuguel mo nekh cou d'accord lalalma,mbëggeel mo neex cou d'accord laalna,mbëggeel moo neex ku d'accord laalal ma,keep,https://www.youtube.com/watch?v=Myd-Gg4Mhck,"[{""token"": ""mbeuguel"", ""category"": ""informal_wolof"", ""selected_candidate"": ""mbëggeel"", ""final_correction"": ""mbëggeel""}, {""token"": ""mo"", ""category"": ""ambiguous_cognate"", ""selected_candidate"": ""mo"", ""final_correction"": ""moo""}, {""token"": ""nekh"", ""category"": ""informal_wolof"", ""selected_candidate"": ""neex"", ""final_correction"": ""neex""}, {""token"": ""cou"", ""category"": ""french_native"", ""selected_candidate"": ""cou"", ""final_correction"": ""ku""}, {""token"": ""d'accord"", ""category"": ""french_native"", ""selected_candidate"": ""d'accord"", ""final_correction"": ""d'accord""}, {""token"": ""lalalma"", ""category"": ""informal_wolof"", ""selected_candidate"": ""laalna"", ""final_correction"": ""laalal ma""}]"
256,genr maman oumy yi danio may enervé vraiment,géer maman um yi denio may reserve vraiment,genre maman oumy yi dañu may énerver vraiment,keep,https://www.youtube.com/watch?v=Myd-Gg4Mhck,"[{""token"": ""genr"", ""category"": ""informal_wolof"", ""selected_candidate"": ""géer"", ""final_correction"": ""genre""}, {""token"": ""maman"", ""category"": ""french_native"", ""selected_candidate"": ""maman"", ""final_correction"": ""maman""}, {""token"": ""oumy"", ""category"": ""informal_wolof"", ""selected_candidate"": ""oumy"", ""final_correction"": ""oumy""}, {""token"": ""yi"", ""category"": ""ambiguous_cognate"", ""selected_candidate"": ""yi"", ""final_correction"": ""yi""}, {""token"": ""danio"", ""category"": ""informal_wolof"", ""selected_candidate"": ""denio"", ""final_correction"": ""dañu""}, {""token"": ""may"", ""category"": ""ambiguous_cognate"", ""selected_candidate"": ""may"", ""final_correction"": ""may""}, {""token"": ""enervé"", ""category"": ""informal_wolof"", ""selected_candidate"": ""reserve"", ""final_correction"": ""énerver""}, {""token"": ""vraiment"", ""category"": ""french_native"", ""selected_candidate"": ""vraiment"", ""final_correction"": ""vraiment""}]"
257,père mor ak bakir gno gana irresponsables ci serie bi,pappa mor ak bakir gno gana irresponsables ci série bi,père mor ak bakir ñoo gëna irresponsables ci série bi,keep,https://www.youtube.com/watch?v=Myd-Gg4Mhck,"[{""token"": ""père"", ""category"": ""french_substituted"", ""selected_candidate"": ""père"", ""final_correction"": ""père""}, {""token"": ""mor"", ""category"": ""french_native"", ""selected_candidate"": ""mor"", ""final_correction"": ""mor""}, {""token"": ""ak"", ""category"": ""ambiguous_cognate"", ""selected_candidate"": ""ak"", ""final_correction"": ""ak""}, {""token"": ""bakir"", ""category"": ""informal_wolof"", ""selected_candidate"": ""bakir"", ""final_correction"": ""bakir""}, {""token"": ""gno"", ""category"": ""wolof_formal"", ""selected_candidate"": ""ñoo"", ""final_correction"": ""ñoo""}, {""token"": ""gana"", ""category"": ""ambiguous_cognate"", ""selected_candidate"": ""gana"", ""final_correction"": ""gëna""}, {""token"": ""irresponsables"", ""category"": ""french_native"", ""selected_candidate"": ""irresponsables"", ""final_correction"": ""irresponsables""}, {""token"": ""ci"", ""category"": ""ambiguous_cognate"", ""selected_candidate"": ""ci"", ""final_correction"": ""ci""}, {""token"": ""serie"", ""category"": ""informal_wolof"", ""selected_candidate"": ""série"", ""final_correction"": ""série""}, {""token"": ""bi"", ""category"": ""ambiguous_cognate"", ""selected_candidate"": ""bi"", ""final_correction"": ""bi""}]"
258,khady thiam yangi exagérer vrema nekko si deug bene yoon mareme sa badiene la avant goro donc ua wara baalou akh rk lep diaraat yoon nga goor goor lou 06,xaay caam yangi exagérer neemaa nekko si dëgg bene yoon mareem sa bàjjen la avant goro kon ua wara baalu ax r lep jaayaat yoon nga goor goor lou __protected_0__,khady thiam yaa ngi exagérer vraiment nekko ci dëgg bene yoon mareme sa bàjjen la avant goro donc nga wara baalu àq rek lépp jaarat yoon nga goor goor lu __protected_0__,keep,https://www.youtube.com/watch?v=Myd-Gg4Mhck,"[{""token"": ""khady"", ""category"": ""informal_wolof"", ""selected_candidate"": ""khady"", ""final_correction"": ""khady""}, {""token"": ""thiam"", ""category"": ""french_substituted"", ""selected_candidate"": ""thiam"", ""final_correction"": ""thiam""}, {""token"": ""yangi"", ""category"": ""wolof_formal"", ""selected_candidate"": ""yaangi"", ""final_correction"": ""yaa ngi""}, {""token"": ""exagérer"", ""category"": ""french_native"", ""selected_candidate"": ""exagérer"", ""final_correction"": ""exagérer""}, {""token"": ""vrema"", ""category"": ""informal_wolof"", ""selected_candidate"": ""neemaa"", ""final_correction"": ""vraiment""}, {""token"": ""nekko"", ""category"": ""wolof_formal"", ""selected_candidate"": ""nekko"", ""final_correction"": ""nekko""}, {""token"": ""si"", ""category"": ""ambiguous_cognate"", ""selected_candidate"": ""si"", ""final_correction"": ""ci""}, {""token"": ""deug"", ""category"": ""informal_wolof"", ""selected_candidate"": ""dëgg"", ""final_correction"": ""dëgg""}, {""token"": ""bene"", ""category"": ""ambiguous_cognate"", ""selected_candidate"": ""bene"", ""final_correction"": ""bene""}, {""token"": ""yoon"", ""category"": ""ambiguous_cognate"", ""selected_candidate"": ""yoon"", ""final_correction"": ""yoon""}, {""token"": ""mareme"", ""category"": ""informal_wolof"", ""selected_candidate"": ""mareme"", ""final_correction"": ""mareme""}, {""token"": ""sa"", ""category"": ""ambiguous_cognate"", ""selected_candidate"": ""sa"", ""final_correction"": ""sa""}, {""token"": ""badiene"", ""category"": ""informal_wolof"", ""selected_candidate"": ""bàjjen"", ""final_correction"": ""bàjjen""}, {""token"": ""la"", ""category"": ""ambiguous_cognate"", ""selected_candidate"": ""la"", ""final_correction"": ""la""}, {""token"": ""avant"", ""category"": ""ambiguous_cognate"", ""selected_candidate"": ""avant"", ""final_correction"": ""avant""}, {""token"": ""goro"", ""category"": ""ambiguous_cognate"", ""selected_candidate"": ""goro"", ""final_correction"": ""goro""}, {""token"": ""donc"", ""category"": ""french_substituted"", ""selected_candidate"": ""donc"", ""final_correction"": ""donc""}, {""token"": ""ua"", ""category"": ""ambiguous_cognate"", ""selected_candidate"": ""ua"", ""final_correction"": ""nga""}, {""token"": ""wara"", ""category"": ""wolof_formal"", ""selected_candidate"": ""wara"", ""final_correction"": ""wara""}, {""token"": ""baalou"", ""category"": ""informal_wolof"", ""selected_candidate"": ""baalu"", ""final_correction"": ""baalu""}, {""token"": ""akh"", ""category"": ""informal_wolof"", ""selected_candidate"": ""àq"", ""final_correction"": ""àq""}, {""token"": ""rk"", ""category"": ""informal_wolof"", ""selected_candidate"": ""r"", ""final_correction"": ""rek""}, {""token"": ""lep"", ""category"": ""wolof_formal"", ""selected_candidate"": ""lép"", ""final_correction"": ""lépp""}, {""token"": ""diaraat"", ""category"": ""informal_wolof"", ""selected_candidate"": ""jaayaat"", ""final_correction"": ""jaarat""}, {""token"": ""yoon"", ""category"": ""ambiguous_cognate"", ""selected_candidate"": ""yoon"", ""final_correction"": ""yoon""}, {""token"": ""nga"", ""category"": ""ambiguous_cognate"", ""selected_candidate"": ""nga"", ""final_correction"": ""nga""}, {""token"": ""goor"", ""category"": ""wolof_formal"", ""selected_candidate"": ""goor"", ""final_correction"": ""goor""}, {""token"": ""goor"", ""category"": ""wolof_formal"", ""selected_candidate"": ""goor"", ""final_correction"": ""goor""}, {""token"": ""lou"", ""category"": ""wolof_formal"", ""selected_candidate"": ""lu"", ""final_correction"": ""lu""}, {""token"": ""__protected_0__"", ""category"": ""informal_wolof"", ""selected_candidate"": ""__protected_0__"", ""final_correction"": ""__protected_0__""}]"
259,khady thiam elle en demande trop comment tu veut séparer l’unique enfant de sa mère problème amna wakhtanelenko déjà marieme kholou yaye mo wakh mais bonoul dafa dioum rek dafa diar apparemment,xaay caam elle en demande trop nan tu veut séparer l unique enfant de sa mère jafe-jafe amna wakhtanelenko déjà marieme xoolu yaye mo wakh mais bonul dafa juum rek dafa jaar apparemment,khady thiam elle en demande trop comment tu veut séparer l unique enfant de sa mère problème am na waxtaan lene ko déjà marieme xolu yaye moo wax mais bonul dafa juum rek dafa jar apparemment,keep,https://www.youtube.com/watch?v=Myd-Gg4Mhck,"[{""token"": ""khady"", ""category"": ""informal_wolof"", ""selected_candidate"": ""khady"", ""final_correction"": ""khady""}, {""token"": ""thiam"", ""category"": ""french_substituted"", ""selected_candidate"": ""thiam"", ""final_correction"": ""thiam""}, {""token"": ""elle"", ""category"": ""ambiguous_cognate"", ""selected_candidate"": ""elle"", ""final_correction"": ""elle""}, {""token"": ""en"", ""category"": ""ambiguous_cognate"", ""selected_candidate"": ""en"", ""final_correction"": ""en""}, {""token"": ""demande"", ""category"": ""ambiguous_cognate"", ""selected_candidate"": ""demande"", ""final_correction"": ""demande""}, {""token"": ""trop"", ""category"": ""french_native"", ""selected_candidate"": ""trop"", ""final_correction"": ""trop""}, {""token"": ""comment"", ""category"": ""french_substituted"", ""selected_candidate"": ""comment"", ""final_correction"": ""comment""}, {""token"": ""tu"", ""category"": ""ambiguous_cognate"", ""selected_candidate"": ""tu"", ""final_correction"": ""tu""}, {""token"": ""veut"", ""category"": ""french_native"", ""selected_candidate"": ""veut"", ""final_correction"": ""veut""}, {""token"": ""séparer"", ""category"": ""french_native"", ""selected_candidate"": ""séparer"", ""final_correction"": ""séparer""}, {""token"": ""l"", ""category"": ""ambiguous_cognate"", ""selected_candidate"": ""l"", ""final_correction"": ""l""}, {""token"": ""unique"", ""category"": ""french_native"", ""selected_candidate"": ""unique"", ""final_correction"": ""unique""}, {""token"": ""enfant"", ""category"": ""french_native"", ""selected_candidate"": ""enfant"", ""final_correction"": ""enfant""}, {""token"": ""de"", ""category"": ""ambiguous_cognate"", ""selected_candidate"": ""de"", ""final_correction"": ""de""}, {""token"": ""sa"", ""category"": ""ambiguous_cognate"", ""selected_candidate"": ""sa"", ""final_correction"": ""sa""}, {""token"": ""mère"", ""category"": ""ambiguous_cognate"", ""selected_candidate"": ""mère"", ""final_correction"": ""mère""}, {""token"": ""problème"", ""category"": ""french_substituted"", ""selected_candidate"": ""problème"", ""final_correction"": ""problème""}, {""token"": ""amna"", ""category"": ""wolof_formal"", ""selected_candidate"": ""amna"", ""final_correction"": ""am na""}, {""token"": ""wakhtanelenko"", ""category"": ""informal_wolof"", ""selected_candidate"": ""wakhtanelenko"", ""final_correction"": ""waxtaan lene ko""}, {""token"": ""déjà"", ""category"": ""french_native"", ""selected_candidate"": ""déjà"", ""final_correction"": ""déjà""}, {""token"": ""marieme"", ""category"": ""french_native"", ""selected_candidate"": ""marieme"", ""final_correction"": ""marieme""}, {""token"": ""kholou"", ""category"": ""informal_wolof"", ""selected_candidate"": ""xolu"", ""final_correction"": ""xolu""}, {""token"": ""yaye"", ""category"": ""wolof_formal"", ""selected_candidate"": ""yaye"", ""final_correction"": ""yaye""}, {""token"": ""mo"", ""category"": ""ambiguous_cognate"", ""selected_candidate"": ""mo"", ""final_correction"": ""moo""}, {""token"": ""wakh"", ""category"": ""french_native"", ""selected_candidate"": ""wakh"", ""final_correction"": ""wax""}, {""token"": ""mais"", ""category"": ""ambiguous_cognate"", ""selected_candidate"": ""mais"", ""final_correction"": ""mais""}, {""token"": ""bonoul"", ""category"": ""informal_wolof"", ""selected_candidate"": ""bonul"", ""final_correction"": ""bonul""}, {""token"": ""dafa"", ""category"": ""ambiguous_cognate"", ""selected_candidate"": ""dafa"", ""final_correction"": ""dafa""}, {""token"": ""dioum"", ""category"": ""informal_wolof"", ""selected_candidate"": ""juum"", ""final_correction"": ""juum""}, {""token"": ""rek"", ""category"": ""ambiguous_cognate"", ""selected_candidate"": ""rek"", ""final_correction"": ""rek""}, {""token"": ""dafa"", ""category"": ""ambiguous_cognate"", ""selected_candidate"": ""dafa"", ""final_correction"": ""dafa""}, {""token"": ""diar"", ""category"": ""informal_wolof"", ""selected_candidate"": ""jaar"", ""final_correction"": ""jar""}, {""token"": ""apparemment"", ""category"": ""french_native"", ""selected_candidate"": ""apparemment"", ""final_correction"": ""apparemment""}]"
261,série sénégal yi ngay guiss kou am diom si début bi ak fouleu moudjer gnakeu diome ndakh djiguene domou bb maréme bi tmt legui dagnouko yilif sim,série sénégal yi ngay guiss ku am jum si début bi ak fuléet mujjee ñakku diome ndax djiguene doomu bb maree bi tt legui dañuko yilif sim,série sénégal yi ngay gis ku am jom ci début bi ak fulla mujje ñàkk jom ndax jigéen doomu bb maréme bi tamit léegi dañu ko yilif sim,keep,https://www.youtube.com/watch?v=Myd-Gg4Mhck,"[{""token"": ""série"", ""category"": ""ambiguous_cognate"", ""selected_candidate"": ""série"", ""final_correction"": ""série""}, {""token"": ""sénégal"", ""category"": ""ambiguous_cognate"", ""selected_candidate"": ""sénégal"", ""final_correction"": ""sénégal""}, {""token"": ""yi"", ""category"": ""ambiguous_cognate"", ""selected_candidate"": ""yi"", ""final_correction"": ""yi""}, {""token"": ""ngay"", ""category"": ""ambiguous_cognate"", ""selected_candidate"": ""ngay"", ""final_correction"": ""ngay""}, {""token"": ""guiss"", ""category"": ""ambiguous_cognate"", ""selected_candidate"": ""guiss"", ""final_correction"": ""gis""}, {""token"": ""kou"", ""category"": ""informal_wolof"", ""selected_candidate"": ""ku"", ""final_correction"": ""ku""}, {""token"": ""am"", ""category"": ""ambiguous_cognate"", ""selected_candidate"": ""am"", ""final_correction"": ""am""}, {""token"": ""diom"", ""category"": ""informal_wolof"", ""selected_candidate"": ""jum"", ""final_correction"": ""jom""}, {""token"": ""si"", ""category"": ""ambiguous_cognate"", ""selected_candidate"": ""si"", ""final_correction"": ""ci""}, {""token"": ""début"", ""category"": ""french_native"", ""selected_candidate"": ""début"", ""final_correction"": ""début""}, {""token"": ""bi"", ""category"": ""ambiguous_cognate"", ""selected_candidate"": ""bi"", ""final_correction"": ""bi""}, {""token"": ""ak"", ""category"": ""ambiguous_cognate"", ""selected_candidate"": ""ak"", ""final_correction"": ""ak""}, {""token"": ""fouleu"", ""category"": ""informal_wolof"", ""selected_candidate"": ""fuléet"", ""final_correction"": ""fulla""}, {""token"": ""moudjer"", ""category"": ""informal_wolof"", ""selected_candidate"": ""mujjee"", ""final_correction"": ""mujje""}, {""token"": ""gnakeu"", ""category"": ""informal_wolof"", ""selected_candidate"": ""ñàkk"", ""final_correction"": ""ñàkk""}, {""token"": ""diome"", ""category"": ""french_native"", ""selected_candidate"": ""diome"", ""final_correction"": ""jom""}, {""token"": ""ndakh"", ""category"": ""informal_wolof"", ""selected_candidate"": ""ndax"", ""final_correction"": ""ndax""}, {""token"": ""djiguene"", ""category"": ""french_native"", ""selected_candidate"": ""djiguene"", ""final_correction"": ""jigéen""}, {""token"": ""domou"", ""category"": ""informal_wolof"", ""selected_candidate"": ""doomu"", ""final_correction"": ""doomu""}, {""token"": ""bb"", ""category"": ""wolof_formal"", ""selected_candidate"": ""bb"", ""final_correction"": ""bb""}, {""token"": ""maréme"", ""category"": ""informal_wolof"", ""selected_candidate"": ""maree"", ""final_correction"": ""maréme""}, {""token"": ""bi"", ""category"": ""ambiguous_cognate"", ""selected_candidate"": ""bi"", ""final_correction"": ""bi""}, {""token"": ""tmt"", ""category"": ""informal_wolof"", ""selected_candidate"": ""tt"", ""final_correction"": ""tamit""}, {""token"": ""legui"", ""category"": ""wolof_formal"", ""selected_candidate"": ""legui"", ""final_correction"": ""léegi""}, {""token"": ""dagnouko"", ""category"": ""informal_wolof"", ""selected_candidate"": ""dañuko"", ""final_correction"": ""dañu ko""}, {""token"": ""yilif"", ""category"": ""wolof_formal"", ""selected_candidate"": ""yilif"", ""final_correction"": ""yilif""}, {""token"": ""sim"", ""category"": ""wolof_formal"", ""selected_candidate"": ""sim"", ""final_correction"": ""sim""}]"
262,mareme thiam à fin lanegua beugue,mareem caam à jeexitalu langue beugue,mareme thiam à fin lan nga bëgg,keep,https://www.youtube.com/watch?v=Myd-Gg4Mhck,"[{""token"": ""mareme"", ""category"": ""informal_wolof"", ""selected_candidate"": ""mareme"", ""final_correction"": ""mareme""}, {""token"": ""thiam"", ""category"": ""french_substituted"", ""selected_candidate"": ""thiam"", ""final_correction"": ""thiam""}, {""token"": ""à"", ""category"": ""ambiguous_cognate"", ""selected_candidate"": ""à"", ""final_correction"": ""à""}, {""token"": ""fin"", ""category"": ""french_substituted"", ""selected_candidate"": ""fin"", ""final_correction"": ""fin""}, {""token"": ""lanegua"", ""category"": ""informal_wolof"", ""selected_candidate"": ""langue"", ""final_correction"": ""lan nga""}, {""token"": ""beugue"", ""category"": ""french_native"", ""selected_candidate"": ""beugue"", ""final_correction"": ""bëgg""}]"
263,mane aida momay ray,mane aida moomay ray,mane aida moomay rey,keep,https://www.youtube.com/watch?v=Myd-Gg4Mhck,"[{""token"": ""mane"", ""category"": ""ambiguous_cognate"", ""selected_candidate"": ""mane"", ""final_correction"": ""mane""}, {""token"": ""aida"", ""category"": ""ambiguous_cognate"", ""selected_candidate"": ""aida"", ""final_correction"": ""aida""}, {""token"": ""momay"", ""category"": ""informal_wolof"", ""selected_candidate"": ""moomay"", ""final_correction"": ""moomay""}, {""token"": ""ray"", ""category"": ""ambiguous_cognate"", ""selected_candidate"": ""ray"", ""final_correction"": ""rey""}]"
265,mama oumy mo sof kou d’ accord rèk lala j,mama um mo sof ku d'accord rek lala j,mama oumy moo soof ku d'accord rek laal j,keep,https://www.youtube.com/watch?v=Myd-Gg4Mhck,"[{""token"": ""mama"", ""category"": ""ambiguous_cognate"", ""selected_candidate"": ""mama"", ""final_correction"": ""mama""}, {""token"": ""oumy"", ""category"": ""informal_wolof"", ""selected_candidate"": ""oumy"", ""final_correction"": ""oumy""}, {""token"": ""mo"", ""category"": ""ambiguous_cognate"", ""selected_candidate"": ""mo"", ""final_correction"": ""moo""}, {""token"": ""sof"", ""category"": ""wolof_formal"", ""selected_candidate"": ""soof"", ""final_correction"": ""soof""}, {""token"": ""kou"", ""category"": ""informal_wolof"", ""selected_candidate"": ""ku"", ""final_correction"": ""ku""},  {""token"": ""d'accord"", ""category"": ""ambiguous_cognate"", ""selected_candidate"": ""d'accord"", ""final_correction"": ""d'accord""}, {""token"": ""rèk"", ""category"": ""informal_wolof"", ""selected_candidate"": ""rek"", ""final_correction"": ""rek""}, {""token"": ""lala"", ""category"": ""ambiguous_cognate"", ""selected_candidate"": ""laal"", ""final_correction"": ""laal""}, {""token"": ""j"", ""category"": ""ambiguous_cognate"", ""selected_candidate"": ""j"", ""final_correction"": ""j""}]"
267,maman oumy la beug quoi,maman um la beug quoi,maman oumy laa bëgg quoi,keep,https://www.youtube.com/watch?v=Myd-Gg4Mhck,"[{""token"": ""maman"", ""category"": ""french_native"", ""selected_candidate"": ""maman"", ""final_correction"": ""maman""}, {""token"": ""oumy"", ""category"": ""informal_wolof"", ""selected_candidate"": ""oumy"", ""final_correction"": ""oumy""}, {""token"": ""la"", ""category"": ""ambiguous_cognate"", ""selected_candidate"": ""laa"", ""final_correction"": ""laa""}, {""token"": ""beug"", ""category"": ""wolof_formal"", ""selected_candidate"": ""bëgg"", ""final_correction"": ""bëgg""}, {""token"": ""quoi"", ""category"": ""ambiguous_cognate"", ""selected_candidate"": ""quoi"", ""final_correction"": ""quoi""}]"
268,khalika moy djiguénou diam ak salam yoyou bilahi daniou laye topato bangay mire,saalika moy djiguen diam ak salam yoyu bilahi duniu laye toppato baanay mire,khalika mooy jigéenu jàmm ak salam yooyu bilahi dañu laye toppatoo ba ngay miir,keep,https://www.youtube.com/watch?v=Myd-Gg4Mhck,"[{""token"": ""khalika"", ""category"": ""informal_wolof"", ""selected_candidate"": ""khalika"", ""final_correction"": ""khalika""}, {""token"": ""moy"", ""category"": ""wolof_formal"", ""selected_candidate"": ""mooy"", ""final_correction"": ""mooy""}, {""token"": ""djiguénou"", ""category"": ""informal_wolof"", ""selected_candidate"": ""djiguen"", ""final_correction"": ""jigéenu""}, {""token"": ""diam"", ""category"": ""ambiguous_cognate"", ""selected_candidate"": ""jàam"", ""final_correction"": ""jàmm""}, {""token"": ""ak"", ""category"": ""ambiguous_cognate"", ""selected_candidate"": ""ak"", ""final_correction"": ""ak""}, {""token"": ""salam"", ""category"": ""ambiguous_cognate"", ""selected_candidate"": ""salam"", ""final_correction"": ""salam""}, {""token"": ""yoyou"", ""category"": ""informal_wolof"", ""selected_candidate"": ""yooyu"", ""final_correction"": ""yooyu""}, {""token"": ""bilahi"", ""category"": ""informal_wolof"", ""selected_candidate"": ""bilahi"", ""final_correction"": ""bilahi""}, {""token"": ""daniou"", ""category"": ""informal_wolof"", ""selected_candidate"": ""duniu"", ""final_correction"": ""dañu""}, {""token"": ""laye"", ""category"": ""ambiguous_cognate"", ""selected_candidate"": ""laye"", ""final_correction"": ""laye""}, {""token"": ""topato"", ""category"": ""informal_wolof"", ""selected_candidate"": ""toppato"", ""final_correction"": ""toppatoo""}, {""token"": ""bangay"", ""category"": ""informal_wolof"", ""selected_candidate"": ""bangay"", ""final_correction"": ""ba ngay""}, {""token"": ""mire"", ""category"": ""french_native"", ""selected_candidate"": ""mire"", ""final_correction"": ""miir""}]"
269,tidiane bis boo dof dof lo ba khadi thiam took sa boop bi yakhou nga goor daye deugeur waay,tiijaan bis boo dof dof lo ba xadi caam took sa boop bi yaqu nga goor ayee dëger waay,tidiane bés boo dof dof loo ba khadi thiam toog sa bopp bi yàqu nga goor daye dëgër waay,keep,https://www.youtube.com/watch?v=Myd-Gg4Mhck,"[{""token"": ""tidiane"", ""category"": ""french_substituted"", ""selected_candidate"": ""tidiane"", ""final_correction"": ""tidiane""}, {""token"": ""bis"", ""category"": ""ambiguous_cognate"", ""selected_candidate"": ""bis"", ""final_correction"": ""bés""}, {""token"": ""boo"", ""category"": ""ambiguous_cognate"", ""selected_candidate"": ""boo"", ""final_correction"": ""boo""}, {""token"": ""dof"", ""category"": ""ambiguous_cognate"", ""selected_candidate"": ""dof"", ""final_correction"": ""dof""}, {""token"": ""dof"", ""category"": ""ambiguous_cognate"", ""selected_candidate"": ""dof"", ""final_correction"": ""dof""}, {""token"": ""lo"", ""category"": ""ambiguous_cognate"", ""selected_candidate"": ""loo"", ""final_correction"": ""loo""}, {""token"": ""ba"", ""category"": ""ambiguous_cognate"", ""selected_candidate"": ""ba"", ""final_correction"": ""ba""}, {""token"": ""khadi"", ""category"": ""informal_wolof"", ""selected_candidate"": ""khadi"", ""final_correction"": ""khadi""}, {""token"": ""thiam"", ""category"": ""french_substituted"", ""selected_candidate"": ""thiam"", ""final_correction"": ""thiam""}, {""token"": ""took"", ""category"": ""wolof_formal"", ""selected_candidate"": ""took"", ""final_correction"": ""toog""}, {""token"": ""sa"", ""category"": ""ambiguous_cognate"", ""selected_candidate"": ""sa"", ""final_correction"": ""sa""}, {""token"": ""boop"", ""category"": ""wolof_formal"", ""selected_candidate"": ""boop"", ""final_correction"": ""bopp""}, {""token"": ""bi"", ""category"": ""ambiguous_cognate"", ""selected_candidate"": ""bi"", ""final_correction"": ""bi""}, {""token"": ""yakhou"", ""category"": ""informal_wolof"", ""selected_candidate"": ""yàqu"", ""final_correction"": ""yàqu""}, {""token"": ""nga"", ""category"": ""ambiguous_cognate"", ""selected_candidate"": ""nga"", ""final_correction"": ""nga""}, {""token"": ""goor"", ""category"": ""wolof_formal"", ""selected_candidate"": ""goor"", ""final_correction"": ""goor""}, {""token"": ""daye"", ""category"": ""informal_wolof"", ""selected_candidate"": ""daye"", ""final_correction"": ""daye""}, {""token"": ""deugeur"", ""category"": ""informal_wolof"", ""selected_candidate"": ""dëger"", ""final_correction"": ""dëgër""}, {""token"": ""waay"", ""category"": ""wolof_formal"", ""selected_candidate"": ""waay"", ""final_correction"": ""waay""}]"
270,légui djiguéne gni mére yi laniouy seuyeul goor gni sakh bégeutou niou contana touniou ndakh mére yi tass naniou keur yép,légui djiguen gni mere yi lanuy seeyul goor gni saax déggatu niou montana tuniku ndax mere yi tass nangou keur yép,léegi jigéen ñi mére yi lañuy séyël goor ñi sax bëggëtu ñu kontaana tuñu ndax mére yi tas nañu kër yépp,keep,https://www.youtube.com/watch?v=Myd-Gg4Mhck,"[{""token"": ""légui"", ""category"": ""wolof_formal"", ""selected_candidate"": ""légui"", ""final_correction"": ""léegi""}, {""token"": ""djiguéne"", ""category"": ""informal_wolof"", ""selected_candidate"": ""jiggén"", ""final_correction"": ""jigéen""}, {""token"": ""gni"", ""category"": ""wolof_formal"", ""selected_candidate"": ""ñi"", ""final_correction"": ""ñi""}, {""token"": ""mére"", ""category"": ""informal_wolof"", ""selected_candidate"": ""mére"", ""final_correction"": ""mére""}, {""token"": ""yi"", ""category"": ""ambiguous_cognate"", ""selected_candidate"": ""yi"", ""final_correction"": ""yi""}, {""token"": ""laniouy"", ""category"": ""informal_wolof"", ""selected_candidate"": ""lanuy"", ""final_correction"": ""lañuy""}, {""token"": ""seuyeul"", ""category"": ""informal_wolof"", ""selected_candidate"": ""seeyul"", ""final_correction"": ""séyël""}, {""token"": ""goor"", ""category"": ""wolof_formal"", ""selected_candidate"": ""goor"", ""final_correction"": ""goor""}, {""token"": ""gni"", ""category"": ""wolof_formal"", ""selected_candidate"": ""ñi"", ""final_correction"": ""ñi""}, {""token"": ""sakh"", ""category"": ""informal_wolof"", ""selected_candidate"": ""sax"", ""final_correction"": ""sax""}, {""token"": ""bégeutou"", ""category"": ""informal_wolof"", ""selected_candidate"": ""déggatu"", ""final_correction"": ""bëggëtu""}, {""token"": ""niou"", ""category"": ""ambiguous_cognate"", ""selected_candidate"": ""niou"", ""final_correction"": ""ñu""}, {""token"": ""contana"", ""category"": ""informal_wolof"", ""selected_candidate"": ""montana"", ""final_correction"": ""kontaana""}, {""token"": ""touniou"", ""category"": ""informal_wolof"", ""selected_candidate"": ""tuniku"", ""final_correction"": ""tuñu""}, {""token"": ""ndakh"", ""category"": ""informal_wolof"", ""selected_candidate"": ""ndax"", ""final_correction"": ""ndax""}, {""token"": ""mére"", ""category"": ""informal_wolof"", ""selected_candidate"": ""mére"", ""final_correction"": ""mére""}, {""token"": ""yi"", ""category"": ""ambiguous_cognate"", ""selected_candidate"": ""yi"", ""final_correction"": ""yi""}, {""token"": ""tass"", ""category"": ""wolof_formal"", ""selected_candidate"": ""tass"", ""final_correction"": ""tas""}, {""token"": ""naniou"", ""category"": ""informal_wolof"", ""selected_candidate"": ""nangou"", ""final_correction"": ""nañu""}, {""token"": ""keur"", ""category"": ""ambiguous_cognate"", ""selected_candidate"": ""kër"", ""final_correction"": ""kër""}, {""token"": ""yép"", ""category"": ""wolof_formal"", ""selected_candidate"": ""yép"", ""final_correction"": ""yépp""}]"
271,khady thiam mi sofna deh ishh…,xaay caam mi safna dee ishq,khady thiam mi soof na de ishh,keep,https://www.youtube.com/watch?v=Myd-Gg4Mhck,"[{""token"": ""khady"", ""category"": ""informal_wolof"", ""selected_candidate"": ""khady"", ""final_correction"": ""khady""}, {""token"": ""thiam"", ""category"": ""french_substituted"", ""selected_candidate"": ""thiam"", ""final_correction"": ""thiam""}, {""token"": ""mi"", ""category"": ""ambiguous_cognate"", ""selected_candidate"": ""mi"", ""final_correction"": ""mi""}, {""token"": ""sofna"", ""category"": ""informal_wolof"", ""selected_candidate"": ""safna"", ""final_correction"": ""soof na""}, {""token"": ""deh"", ""category"": ""informal_wolof"", ""selected_candidate"": ""deh"", ""final_correction"": ""de""}, {""token"": ""ishh"", ""category"": ""informal_wolof"", ""selected_candidate"": ""ishh"", ""final_correction"": ""ishh""}]"
272,pourtant mareme thiam ya djiteul nidiaye mor tay niou djiteul sa dome nga mér voilà famme,pourtant mareem caam ya jiitël nijaay mor tay niou jiitël sa doom nga mer voilà fomme,pourtant mareme thiam ya jiital nijaay mor tay ñu jiital sa doom nga mer voilà femme,keep,https://www.youtube.com/watch?v=Myd-Gg4Mhck,"[{""token"": ""pourtant"", ""category"": ""french_native"", ""selected_candidate"": ""pourtant"", ""final_correction"": ""pourtant""}, {""token"": ""mareme"", ""category"": ""informal_wolof"", ""selected_candidate"": ""mareme"", ""final_correction"": ""mareme""}, {""token"": ""thiam"", ""category"": ""french_substituted"", ""selected_candidate"": ""thiam"", ""final_correction"": ""thiam""}, {""token"": ""ya"", ""category"": ""ambiguous_cognate"", ""selected_candidate"": ""ya"", ""final_correction"": ""ya""}, {""token"": ""djiteul"", ""category"": ""informal_wolof"", ""selected_candidate"": ""jiitël"", ""final_correction"": ""jiital""}, {""token"": ""nidiaye"", ""category"": ""informal_wolof"", ""selected_candidate"": ""nijaay"", ""final_correction"": ""nijaay""}, {""token"": ""mor"", ""category"": ""french_native"", ""selected_candidate"": ""mor"", ""final_correction"": ""mor""}, {""token"": ""tay"", ""category"": ""ambiguous_cognate"", ""selected_candidate"": ""tay"", ""final_correction"": ""tay""}, {""token"": ""niou"", ""category"": ""ambiguous_cognate"", ""selected_candidate"": ""niou"", ""final_correction"": ""ñu""}, {""token"": ""djiteul"", ""category"": ""informal_wolof"", ""selected_candidate"": ""jiitël"", ""final_correction"": ""jiital""}, {""token"": ""sa"", ""category"": ""ambiguous_cognate"", ""selected_candidate"": ""sa"", ""final_correction"": ""sa""}, {""token"": ""dome"", ""category"": ""informal_wolof"", ""selected_candidate"": ""doom"", ""final_correction"": ""doom""}, {""token"": ""nga"", ""category"": ""ambiguous_cognate"", ""selected_candidate"": ""nga"", ""final_correction"": ""nga""}, {""token"": ""mér"", ""category"": ""informal_wolof"", ""selected_candidate"": ""mer"", ""final_correction"": ""mer""}, {""token"": ""voilà"", ""category"": ""french_native"", ""selected_candidate"": ""voilà"", ""final_correction"": ""voilà""}, {""token"": ""famme"", ""category"": ""informal_wolof"", ""selected_candidate"": ""fomme"", ""final_correction"": ""femme""}]"
274,ahhh vraiment rôle maman oumy mii sof nañou ça énerve enfin,ahhh vraiment rôle maman um mii sof nañu ça énerve mujjantal,ahhh vraiment rôle maman oumy mii soof nañu ça énerve enfin,keep,https://www.youtube.com/watch?v=Myd-Gg4Mhck,"[{""token"": ""ahhh"", ""category"": ""informal_wolof"", ""selected_candidate"": ""ahhh"", ""final_correction"": ""ahhh""}, {""token"": ""vraiment"", ""category"": ""french_native"", ""selected_candidate"": ""vraiment"", ""final_correction"": ""vraiment""}, {""token"": ""rôle"", ""category"": ""ambiguous_cognate"", ""selected_candidate"": ""rôle"", ""final_correction"": ""rôle""}, {""token"": ""maman"", ""category"": ""french_native"", ""selected_candidate"": ""maman"", ""final_correction"": ""maman""}, {""token"": ""oumy"", ""category"": ""informal_wolof"", ""selected_candidate"": ""oumy"", ""final_correction"": ""oumy""}, {""token"": ""mii"", ""category"": ""wolof_formal"", ""selected_candidate"": ""mii"", ""final_correction"": ""mii""}, {""token"": ""sof"", ""category"": ""wolof_formal"", ""selected_candidate"": ""soof"", ""final_correction"": ""soof""}, {""token"": ""nañou"", ""category"": ""informal_wolof"", ""selected_candidate"": ""nañu"", ""final_correction"": ""nañu""}, {""token"": ""ça"", ""category"": ""french_native"", ""selected_candidate"": ""ça"", ""final_correction"": ""ça""}, {""token"": ""énerve"", ""category"": ""french_native"", ""selected_candidate"": ""énerve"", ""final_correction"": ""énerve""}, {""token"": ""enfin"", ""category"": ""french_substituted"", ""selected_candidate"": ""enfin"", ""final_correction"": ""enfin""}]"
282,genou goro yi maman oumy souma ko.amone damakoye raye mou de bilahi,genou goro yi maman um suma ko amone damakoye raye mou de bilahi,genrou goro yi maman oumy su ma ko amoon dama key rey mu dee bilahi,keep,https://www.youtube.com/watch?v=Myd-Gg4Mhck,"[{""token"": ""genou"", ""category"": ""french_native"", ""selected_candidate"": ""genou"", ""final_correction"": ""genrou""}, {""token"": ""goro"", ""category"": ""ambiguous_cognate"", ""selected_candidate"": ""goro"", ""final_correction"": ""goro""}, {""token"": ""yi"", ""category"": ""ambiguous_cognate"", ""selected_candidate"": ""yi"", ""final_correction"": ""yi""}, {""token"": ""maman"", ""category"": ""french_native"", ""selected_candidate"": ""maman"", ""final_correction"": ""maman""}, {""token"": ""oumy"", ""category"": ""informal_wolof"", ""selected_candidate"": ""oumy"", ""final_correction"": ""oumy""}, {""token"": ""souma"", ""category"": ""informal_wolof"", ""selected_candidate"": ""suma"", ""final_correction"": ""su ma""}, {""token"": ""ko"", ""category"": ""ambiguous_cognate"", ""selected_candidate"": ""ko"", ""final_correction"": ""ko""}, {""token"": ""amone"", ""category"": ""wolof_formal"", ""selected_candidate"": ""amoon"", ""final_correction"": ""amoon""}, {""token"": ""damakoye"", ""category"": ""informal_wolof"", ""selected_candidate"": ""damakoye"", ""final_correction"": ""dama key""}, {""token"": ""raye"", ""category"": ""ambiguous_cognate"", ""selected_candidate"": ""raye"", ""final_correction"": ""rey""}, {""token"": ""mou"", ""category"": ""ambiguous_cognate"", ""selected_candidate"": ""mu"", ""final_correction"": ""mu""}, {""token"": ""de"", ""category"": ""ambiguous_cognate"", ""selected_candidate"": ""de"", ""final_correction"": ""dee""}, {""token"": ""bilahi"", ""category"": ""informal_wolof"", ""selected_candidate"": ""bilahi"", ""final_correction"": ""bilahi""}]"
283,tieuye khallil problème sur problème,tëyee xellil jafe-jafe sur jafe-jafe,céy khallil problème sur problème,keep,https://www.youtube.com/watch?v=Myd-Gg4Mhck,"[{""token"": ""tieuye"", ""category"": ""informal_wolof"", ""selected_candidate"": ""tëyee"", ""final_correction"": ""céy""}, {""token"": ""khallil"", ""category"": ""informal_wolof"", ""selected_candidate"": ""khallil"", ""final_correction"": ""khallil""}, {""token"": ""problème"", ""category"": ""french_substituted"", ""selected_candidate"": ""problème"", ""final_correction"": ""problème""}, {""token"": ""sur"", ""category"": ""ambiguous_cognate"", ""selected_candidate"": ""sur"", ""final_correction"": ""sur""}, {""token"": ""problème"", ""category"": ""french_substituted"", ""selected_candidate"": ""problème"", ""final_correction"": ""problème""}]"
284,tidiane migui commencer gniak fayda nak,tiijaan magui commencer ñiak fayda nak,tidiane mi ngi commencer ñàkk fayda nak,keep,https://www.youtube.com/watch?v=Myd-Gg4Mhck,"[{""token"": ""tidiane"", ""category"": ""french_substituted"", ""selected_candidate"": ""tidiane"", ""final_correction"": ""tidiane""}, {""token"": ""migui"", ""category"": ""informal_wolof"", ""selected_candidate"": ""mingui"", ""final_correction"": ""mi ngi""}, {""token"": ""commencer"", ""category"": ""french_native"", ""selected_candidate"": ""commencer"", ""final_correction"": ""commencer""}, {""token"": ""gniak"", ""category"": ""informal_wolof"", ""selected_candidate"": ""ñiak"", ""final_correction"": ""ñàkk""}, {""token"": ""fayda"", ""category"": ""wolof_formal"", ""selected_candidate"": ""fayda"", ""final_correction"": ""fayda""}, {""token"": ""nak"", ""category"": ""ambiguous_cognate"", ""selected_candidate"": ""nak"", ""final_correction"": ""nak""}]"
291,khalil dey güent dé mohhhh,khalid dey gent dé mohhhh,khalil dey gént dé mohhhh,keep,https://www.youtube.com/watch?v=Myd-Gg4Mhck,"[{""token"": ""khalil"", ""category"": ""informal_wolof"", ""selected_candidate"": ""khalil"", ""final_correction"": ""khalil""}, {""token"": ""dey"", ""category"": ""ambiguous_cognate"", ""selected_candidate"": ""dey"", ""final_correction"": ""dey""}, {""token"": ""güent"", ""category"": ""informal_wolof"", ""selected_candidate"": ""gént"", ""final_correction"": ""gént""}, {""token"": ""dé"", ""category"": ""ambiguous_cognate"", ""selected_candidate"": ""dé"", ""final_correction"": ""dé""}, {""token"": ""mohhhh"", ""category"": ""informal_wolof"", ""selected_candidate"": ""mohhhh"", ""final_correction"": ""mohhhh""}]"
292,maman oumy dafa niaw pour nakharal nou,maman um dafa naaw pour naqaral nou,maman oumy dafa ñaaw pour naqaral ñu,keep,https://www.youtube.com/watch?v=Myd-Gg4Mhck,"[{""token"": ""maman"", ""category"": ""french_native"", ""selected_candidate"": ""maman"", ""final_correction"": ""maman""}, {""token"": ""oumy"", ""category"": ""informal_wolof"", ""selected_candidate"": ""oumy"", ""final_correction"": ""oumy""}, {""token"": ""dafa"", ""category"": ""ambiguous_cognate"", ""selected_candidate"": ""dafa"", ""final_correction"": ""dafa""}, {""token"": ""niaw"", ""category"": ""informal_wolof"", ""selected_candidate"": ""naaw"", ""final_correction"": ""ñaaw""}, {""token"": ""pour"", ""category"": ""ambiguous_cognate"", ""selected_candidate"": ""pour"", ""final_correction"": ""pour""}, {""token"": ""nakharal"", ""category"": ""informal_wolof"", ""selected_candidate"": ""naqaral"", ""final_correction"": ""naqaral""}, {""token"": ""nou"", ""category"": ""french_native"", ""selected_candidate"": ""nou"", ""final_correction"": ""ñu""}]"
293,"wah mére bi kagne la teudj gatam gui , marodi deff lén ko mou paralysé guir yallah",wàq mere bi kaañ la ténji gëtam gui saroja deff léñ ko mou paralysé gui yallah,wa mére bi kañ lay téj gatam gui marodi def leen ko mu paralysé ngir yallah,keep,https://www.youtube.com/watch?v=Myd-Gg4Mhck,"[{""token"": ""wah"", ""category"": ""informal_wolof"", ""selected_candidate"": ""wàq"", ""final_correction"": ""wa""}, {""token"": ""mére"", ""category"": ""informal_wolof"", ""selected_candidate"": ""mére"", ""final_correction"": ""mére""}, {""token"": ""bi"", ""category"": ""ambiguous_cognate"", ""selected_candidate"": ""bi"", ""final_correction"": ""bi""}, {""token"": ""kagne"", ""category"": ""informal_wolof"", ""selected_candidate"": ""kañ"", ""final_correction"": ""kañ""}, {""token"": ""la"", ""category"": ""ambiguous_cognate"", ""selected_candidate"": ""la"", ""final_correction"": ""lay""}, {""token"": ""teudj"", ""category"": ""informal_wolof"", ""selected_candidate"": ""tëj"", ""final_correction"": ""téj""}, {""token"": ""gatam"", ""category"": ""informal_wolof"", ""selected_candidate"": ""gatam"", ""final_correction"": ""gatam""}, {""token"": ""gui"", ""category"": ""ambiguous_cognate"", ""selected_candidate"": ""gui"", ""final_correction"": ""gui""}, {""token"": ""marodi"", ""category"": ""informal_wolof"", ""selected_candidate"": ""marodi"", ""final_correction"": ""marodi""}, {""token"": ""deff"", ""category"": ""ambiguous_cognate"", ""selected_candidate"": ""deff"", ""final_correction"": ""def""}, {""token"": ""lén"", ""category"": ""informal_wolof"", ""selected_candidate"": ""lén"", ""final_correction"": ""leen""}, {""token"": ""ko"", ""category"": ""ambiguous_cognate"", ""selected_candidate"": ""ko"", ""final_correction"": ""ko""}, {""token"": ""mou"", ""category"": ""ambiguous_cognate"", ""selected_candidate"": ""mou"", ""final_correction"": ""mu""}, {""token"": ""paralysé"", ""category"": ""french_native"", ""selected_candidate"": ""paralysé"", ""final_correction"": ""paralysé""}, {""token"": ""guir"", ""category"": ""informal_wolof"", ""selected_candidate"": ""gui"", ""final_correction"": ""ngir""}, {""token"": ""yallah"", ""category"": ""wolof_formal"", ""selected_candidate"": ""yallah"", ""final_correction"": ""yallah""}]"
300,marichou sonne gua menone na geuna simple,marinu sonne gaa mënoon na gëna simple,marichou sonn nga mënoon na gëna simple,keep,https://www.youtube.com/watch?v=Myd-Gg4Mhck,"[{""token"": ""marichou"", ""category"": ""informal_wolof"", ""selected_candidate"": ""marichou"", ""final_correction"": ""marichou""}, {""token"": ""sonne"", ""category"": ""french_native"", ""selected_candidate"": ""sonne"", ""final_correction"": ""sonn""}, {""token"": ""gua"", ""category"": ""informal_wolof"", ""selected_candidate"": ""gaa"", ""final_correction"": ""nga""}, {""token"": ""menone"", ""category"": ""informal_wolof"", ""selected_candidate"": ""mënoon"", ""final_correction"": ""mënoon""}, {""token"": ""na"", ""category"": ""ambiguous_cognate"", ""selected_candidate"": ""na"", ""final_correction"": ""na""}, {""token"": ""geuna"", ""category"": ""informal_wolof"", ""selected_candidate"": ""gëna"", ""final_correction"": ""gëna""}, {""token"": ""simple"", ""category"": ""french_native"", ""selected_candidate"": ""simple"", ""final_correction"": ""simple""}]"
303,sokhna djalika djabar la. gnikoy khasse fiire dongue moléne djape.ne soyez pas égoïstes à la fin,soxna saalika jibar la jikooy chasse fiire doonee moolén jaayee ne soyez pas égoïstes à la jeexitalu,sokhna djalika jabar la ñi koy xas fiir dong moo leen jàpp ne soyez pas égoïstes à la fin,keep,https://www.youtube.com/watch?v=Myd-Gg4Mhck,"[{""token"": ""sokhna"", ""category"": ""french_substituted"", ""selected_candidate"": ""soxna"", ""final_correction"": ""sokhna""}, {""token"": ""djalika"", ""category"": ""informal_wolof"", ""selected_candidate"": ""djalika"", ""final_correction"": ""djalika""}, {""token"": ""djabar"", ""category"": ""informal_wolof"", ""selected_candidate"": ""jabar"", ""final_correction"": ""jabar""}, {""token"": ""la"", ""category"": ""ambiguous_cognate"", ""selected_candidate"": ""la"", ""final_correction"": ""la""}, {""token"": ""gnikoy"", ""category"": ""informal_wolof"", ""selected_candidate"": ""jikooy"", ""final_correction"": ""ñi koy""}, {""token"": ""khasse"", ""category"": ""informal_wolof"", ""selected_candidate"": ""khasse"", ""final_correction"": ""xas""}, {""token"": ""fiire"", ""category"": ""wolof_formal"", ""selected_candidate"": ""fiire"", ""final_correction"": ""fiir""}, {""token"": ""dongue"", ""category"": ""informal_wolof"", ""selected_candidate"": ""doonee"", ""final_correction"": ""dong""}, {""token"": ""moléne"", ""category"": ""informal_wolof"", ""selected_candidate"": ""moolén"", ""final_correction"": ""moo leen""}, {""token"": ""djape"", ""category"": ""informal_wolof"", ""selected_candidate"": ""jaayee"", ""final_correction"": ""jàpp""}, {""token"": ""ne"", ""category"": ""ambiguous_cognate"", ""selected_candidate"": ""ne"", ""final_correction"": ""ne""}, {""token"": ""soyez"", ""category"": ""french_native"", ""selected_candidate"": ""soyez"", ""final_correction"": ""soyez""}, {""token"": ""pas"", ""category"": ""ambiguous_cognate"", ""selected_candidate"": ""pas"", ""final_correction"": ""pas""}, {""token"": ""égoïstes"", ""category"": ""french_native"", ""selected_candidate"": ""égoïstes"", ""final_correction"": ""égoïstes""}, {""token"": ""à"", ""category"": ""ambiguous_cognate"", ""selected_candidate"": ""à"", ""final_correction"": ""à""}, {""token"": ""la"", ""category"": ""ambiguous_cognate"", ""selected_candidate"": ""la"", ""final_correction"": ""la""}, {""token"": ""fin"", ""category"": ""french_substituted"", ""selected_candidate"": ""fin"", ""final_correction"": ""fin""}]"
305,khali yaw mom baby mounèla ne m'appelee pas baby ngay kotinè ay mo romantiques do nopi khamna di ngène wakhe barina wah mai deuk la wah,xaali yaw mom baby zoungla ne m'appelee pas baby ngay kontine ay mo romantiques do nopi xamna di ngen waxee barina wàq mai deuk la wàq,khali yow mom baby mu ne la ne m'appelle pas baby ngay continuer ay mots romantiques do noppi xam na di ngeen wax bari naa wax mais dëgg la wax,keep,https://www.youtube.com/watch?v=Myd-Gg4Mhck,"[{""token"": ""khali"", ""category"": ""informal_wolof"", ""selected_candidate"": ""khalil"", ""final_correction"": ""khali""}, {""token"": ""yaw"", ""category"": ""ambiguous_cognate"", ""selected_candidate"": ""yaw"", ""final_correction"": ""yow""}, {""token"": ""mom"", ""category"": ""wolof_formal"", ""selected_candidate"": ""mom"", ""final_correction"": ""mom""}, {""token"": ""baby"", ""category"": ""ambiguous_cognate"", ""selected_candidate"": ""baby"", ""final_correction"": ""baby""}, {""token"": ""mounèla"", ""category"": ""informal_wolof"", ""selected_candidate"": ""zoungla"", ""final_correction"": ""mu ne la""}, {""token"": ""ne"", ""category"": ""ambiguous_cognate"", ""selected_candidate"": ""ne"", ""final_correction"": ""ne""}, {""token"": ""m'appelee"", ""category"": ""informal_wolof"", ""selected_candidate"": ""m'appelee"", ""final_correction"": ""m'appelle""}, {""token"": ""pas"", ""category"": ""ambiguous_cognate"", ""selected_candidate"": ""pas"", ""final_correction"": ""pas""}, {""token"": ""baby"", ""category"": ""ambiguous_cognate"", ""selected_candidate"": ""baby"", ""final_correction"": ""baby""}, {""token"": ""ngay"", ""category"": ""ambiguous_cognate"", ""selected_candidate"": ""ngay"", ""final_correction"": ""ngay""}, {""token"": ""kotinè"", ""category"": ""informal_wolof"", ""selected_candidate"": ""kotinè"", ""final_correction"": ""continuer""}, {""token"": ""ay"", ""category"": ""ambiguous_cognate"", ""selected_candidate"": ""ay"", ""final_correction"": ""ay""}, {""token"": ""mo"", ""category"": ""ambiguous_cognate"", ""selected_candidate"": ""mo"", ""final_correction"": ""mots""}, {""token"": ""romantiques"", ""category"": ""french_native"", ""selected_candidate"": ""romantiques"", ""final_correction"": ""romantiques""}, {""token"": ""do"", ""category"": ""ambiguous_cognate"", ""selected_candidate"": ""do"", ""final_correction"": ""do""}, {""token"": ""nopi"", ""category"": ""wolof_formal"", ""selected_candidate"": ""nopi"", ""final_correction"": ""noppi""}, {""token"": ""khamna"", ""category"": ""informal_wolof"", ""selected_candidate"": ""xamna"", ""final_correction"": ""xam na""}, {""token"": ""di"", ""category"": ""ambiguous_cognate"", ""selected_candidate"": ""di"", ""final_correction"": ""di""}, {""token"": ""ngène"", ""category"": ""informal_wolof"", ""selected_candidate"": ""ngen"", ""final_correction"": ""ngeen""}, {""token"": ""wakhe"", ""category"": ""informal_wolof"", ""selected_candidate"": ""waxee"", ""final_correction"": ""wax""}, {""token"": ""barina"", ""category"": ""wolof_formal"", ""selected_candidate"": ""barina"", ""final_correction"": ""bari naa""}, {""token"": ""wah"", ""category"": ""informal_wolof"", ""selected_candidate"": ""wàq"", ""final_correction"": ""wax""}, {""token"": ""mai"", ""category"": ""ambiguous_cognate"", ""selected_candidate"": ""mai"", ""final_correction"": ""mais""}, {""token"": ""deuk"", ""category"": ""ambiguous_cognate"", ""selected_candidate"": ""deuk"", ""final_correction"": ""dëgg""}, {""token"": ""la"", ""category"": ""ambiguous_cognate"", ""selected_candidate"": ""la"", ""final_correction"": ""la""}, {""token"": ""wah"", ""category"": ""informal_wolof"", ""selected_candidate"": ""wàq"", ""final_correction"": ""wax""}]"
306,weurseuk mon dieu marichou kagne gañou wath nak,weerseek sama dieu marinu kaañ gañu with nak,wërsëg mon dieu marichou kañ nga ñuy wàcc nak,keep,https://www.youtube.com/watch?v=Myd-Gg4Mhck,"[{""token"": ""weurseuk"", ""category"": ""informal_wolof"", ""selected_candidate"": ""weerseek"", ""final_correction"": ""wërsëg""}, {""token"": ""mon"", ""category"": ""french_substituted"", ""selected_candidate"": ""mon"", ""final_correction"": ""mon""}, {""token"": ""dieu"", ""category"": ""ambiguous_cognate"", ""selected_candidate"": ""dieu"", ""final_correction"": ""dieu""}, {""token"": ""marichou"", ""category"": ""informal_wolof"", ""selected_candidate"": ""marichou"", ""final_correction"": ""marichou""}, {""token"": ""kagne"", ""category"": ""informal_wolof"", ""selected_candidate"": ""kañ"", ""final_correction"": ""kañ""}, {""token"": ""gañou"", ""category"": ""informal_wolof"", ""selected_candidate"": ""gañu"", ""final_correction"": ""nga ñuy""}, {""token"": ""wath"", ""category"": ""informal_wolof"", ""selected_candidate"": ""with"", ""final_correction"": ""wàcc""}, {""token"": ""nak"", ""category"": ""ambiguous_cognate"", ""selected_candidate"": ""nak"", ""final_correction"": ""nak""}]"
307,"tidjane goor daye ame foula,boule nangue koula séparé ak yaye",tijaan goor ayee ame foula boule naangu koula séparé ak yaye,tidjane goor day am fulla bul nangu ku la séparé ak yaye,keep,https://www.youtube.com/watch?v=Myd-Gg4Mhck,"[{""token"": ""tidjane"", ""category"": ""informal_wolof"", ""selected_candidate"": ""tidjane"", ""final_correction"": ""tidjane""}, {""token"": ""goor"", ""category"": ""wolof_formal"", ""selected_candidate"": ""goor"", ""final_correction"": ""goor""}, {""token"": ""daye"", ""category"": ""informal_wolof"", ""selected_candidate"": ""day"", ""final_correction"": ""day""}, {""token"": ""ame"", ""category"": ""ambiguous_cognate"", ""selected_candidate"": ""ame"", ""final_correction"": ""am""}, {""token"": ""foula"", ""category"": ""french_native"", ""selected_candidate"": ""foula"", ""final_correction"": ""fulla""}, {""token"": ""boule"", ""category"": ""ambiguous_cognate"", ""selected_candidate"": ""boule"", ""final_correction"": ""bul""}, {""token"": ""nangue"", ""category"": ""informal_wolof"", ""selected_candidate"": ""nangu"", ""final_correction"": ""nangu""}, {""token"": ""koula"", ""category"": ""french_native"", ""selected_candidate"": ""koula"", ""final_correction"": ""ku la""}, {""token"": ""séparé"", ""category"": ""french_native"", ""selected_candidate"": ""séparé"", ""final_correction"": ""séparé""}, {""token"": ""ak"", ""category"": ""ambiguous_cognate"", ""selected_candidate"": ""ak"", ""final_correction"": ""ak""}, {""token"": ""yaye"", ""category"": ""wolof_formal"", ""selected_candidate"": ""yaye"", ""final_correction"": ""yaye""}]"
308,maman oumy mo sof rek ta bari wakh,maman um mo sof rek ta bari wakh,maman oumy moo sof rek te bari wax,keep,https://www.youtube.com/watch?v=Myd-Gg4Mhck,"[{""token"": ""maman"", ""category"": ""french_native"", ""selected_candidate"": ""maman"", ""final_correction"": ""maman""}, {""token"": ""oumy"", ""category"": ""informal_wolof"", ""selected_candidate"": ""oumy"", ""final_correction"": ""oumy""}, {""token"": ""mo"", ""category"": ""ambiguous_cognate"", ""selected_candidate"": ""moo"", ""final_correction"": ""moo""}, {""token"": ""sof"", ""category"": ""wolof_formal"", ""selected_candidate"": ""sof"", ""final_correction"": ""sof""}, {""token"": ""rek"", ""category"": ""ambiguous_cognate"", ""selected_candidate"": ""rek"", ""final_correction"": ""rek""}, {""token"": ""ta"", ""category"": ""ambiguous_cognate"", ""selected_candidate"": ""ta"", ""final_correction"": ""te""}, {""token"": ""bari"", ""category"": ""ambiguous_cognate"", ""selected_candidate"": ""bari"", ""final_correction"": ""bari""}, {""token"": ""wakh"", ""category"": ""french_native"", ""selected_candidate"": ""wakh"", ""final_correction"": ""wax""}]"
312,tidiane mii amoul bénne foulla bilahi,tiijaan mii amoul bénn fulla bilahi,tidiane mii amul benn fulla bilahi,keep,https://www.youtube.com/watch?v=Myd-Gg4Mhck,"[{""token"": ""tidiane"", ""category"": ""french_substituted"", ""selected_candidate"": ""tidiane"", ""final_correction"": ""tidiane""}, {""token"": ""mii"", ""category"": ""wolof_formal"", ""selected_candidate"": ""mii"", ""final_correction"": ""mii""}, {""token"": ""amoul"", ""category"": ""ambiguous_cognate"", ""selected_candidate"": ""amoul"", ""final_correction"": ""amul""}, {""token"": ""bénne"", ""category"": ""informal_wolof"", ""selected_candidate"": ""bénn"", ""final_correction"": ""benn""}, {""token"": ""foulla"", ""category"": ""informal_wolof"", ""selected_candidate"": ""fulla"", ""final_correction"": ""fulla""}, {""token"": ""bilahi"", ""category"": ""informal_wolof"", ""selected_candidate"": ""bilahi"", ""final_correction"": ""bilahi""}]"
314,khady thiam sofga bonega,xaay caam sooga onega,khady thiam soof nga bon nga,keep,https://www.youtube.com/watch?v=Myd-Gg4Mhck,"[{""token"": ""khady"", ""category"": ""informal_wolof"", ""selected_candidate"": ""khady"", ""final_correction"": ""khady""}, {""token"": ""thiam"", ""category"": ""french_substituted"", ""selected_candidate"": ""thiam"", ""final_correction"": ""thiam""}, {""token"": ""sofga"", ""category"": ""informal_wolof"", ""selected_candidate"": ""sooga"", ""final_correction"": ""soof nga""}, {""token"": ""bonega"", ""category"": ""informal_wolof"", ""selected_candidate"": ""onega"", ""final_correction"": ""bon nga""}]"
318,lékhou fékhal n'a sama khol bi,lexu féñaal n'a sama xool bi,lékhou féexal na sama xol bi,keep,https://www.youtube.com/watch?v=Myd-Gg4Mhck,"[{""token"": ""lékhou"", ""category"": ""informal_wolof"", ""selected_candidate"": ""lékhou"", ""final_correction"": ""lékhou""}, {""token"": ""fékhal"", ""category"": ""informal_wolof"", ""selected_candidate"": ""féñaal"", ""final_correction"": ""féexal""}, {""token"": ""n'a"", ""category"": ""french_native"", ""selected_candidate"": ""n'a"", ""final_correction"": ""na""}, {""token"": ""sama"", ""category"": ""ambiguous_cognate"", ""selected_candidate"": ""sama"", ""final_correction"": ""sama""}, {""token"": ""khol"", ""category"": ""informal_wolof"", ""selected_candidate"": ""xol"", ""final_correction"": ""xol""}, {""token"": ""bi"", ""category"": ""ambiguous_cognate"", ""selected_candidate"": ""bi"", ""final_correction"": ""bi""}]"
322,bilahi khady thiame dafa rew tidiane mom. amoul foula,bilahi xaay thiaabi dafa rew tiijaan mom amoul foula,bilahi khady thiame dafa reew tidiane mom amul fulla,keep,https://www.youtube.com/watch?v=Myd-Gg4Mhck,"[{""token"": ""bilahi"", ""category"": ""informal_wolof"", ""selected_candidate"": ""bilahi"", ""final_correction"": ""bilahi""}, {""token"": ""khady"", ""category"": ""informal_wolof"", ""selected_candidate"": ""khady"", ""final_correction"": ""khady""}, {""token"": ""thiame"", ""category"": ""informal_wolof"", ""selected_candidate"": ""thiame"", ""final_correction"": ""thiame""}, {""token"": ""dafa"", ""category"": ""ambiguous_cognate"", ""selected_candidate"": ""dafa"", ""final_correction"": ""dafa""}, {""token"": ""rew"", ""category"": ""wolof_formal"", ""selected_candidate"": ""réw"", ""final_correction"": ""reew""}, {""token"": ""tidiane"", ""category"": ""french_substituted"", ""selected_candidate"": ""tidiane"", ""final_correction"": ""tidiane""}, {""token"": ""mom"", ""category"": ""wolof_formal"", ""selected_candidate"": ""mom"", ""final_correction"": ""mom""}, {""token"": ""amoul"", ""category"": ""ambiguous_cognate"", ""selected_candidate"": ""amoul"", ""final_correction"": ""amul""}, {""token"": ""foula"", ""category"": ""french_native"", ""selected_candidate"": ""foula"", ""final_correction"": ""fulla""}]"
327,khady thiam sofna nk ahhhhh duull wayyy,xaay caam safna n ahhhhh duul wayyy,khady thiam soof na nak ah duul waay,keep,https://www.youtube.com/watch?v=Myd-Gg4Mhck,"[{""token"": ""khady"", ""category"": ""informal_wolof"", ""selected_candidate"": ""khady"", ""final_correction"": ""khady""}, {""token"": ""thiam"", ""category"": ""french_substituted"", ""selected_candidate"": ""thiam"", ""final_correction"": ""thiam""}, {""token"": ""sofna"", ""category"": ""informal_wolof"", ""selected_candidate"": ""safna"", ""final_correction"": ""soof na""}, {""token"": ""nk"", ""category"": ""informal_wolof"", ""selected_candidate"": ""n"", ""final_correction"": ""nak""}, {""token"": ""ahhhhh"", ""category"": ""informal_wolof"", ""selected_candidate"": ""ahhhhh"", ""final_correction"": ""ah""}, {""token"": ""duull"", ""category"": ""informal_wolof"", ""selected_candidate"": ""duul"", ""final_correction"": ""duul""}, {""token"": ""wayyy"", ""category"": ""informal_wolof"", ""selected_candidate"": ""wayyy"", ""final_correction"": ""waay""}]"
331,weurseuk mom moyi lane,weerseek mom mooy lane,wërsëg mom mooy lan,keep,https://www.youtube.com/watch?v=Myd-Gg4Mhck,"[{""token"": ""weurseuk"", ""category"": ""informal_wolof"", ""selected_candidate"": ""weerseek"", ""final_correction"": ""wërsëg""}, {""token"": ""mom"", ""category"": ""wolof_formal"", ""selected_candidate"": ""mom"", ""final_correction"": ""mom""}, {""token"": ""moyi"", ""category"": ""informal_wolof"", ""selected_candidate"": ""mooy"", ""final_correction"": ""mooy""}, {""token"": ""lane"", ""category"": ""wolof_formal"", ""selected_candidate"": ""lan"", ""final_correction"": ""lan""}]"
332,tidiane mbeuguéll kenn douko forcé,tiijaan mbëggeel kenn duko forcé,tidiane mbëggeel kenn du ko forcé,keep,https://www.youtube.com/watch?v=Myd-Gg4Mhck,"[{""token"": ""tidiane"", ""category"": ""french_substituted"", ""selected_candidate"": ""tidiane"", ""final_correction"": ""tidiane""}, {""token"": ""mbeuguéll"", ""category"": ""informal_wolof"", ""selected_candidate"": ""mbëggeel"", ""final_correction"": ""mbëggeel""}, {""token"": ""kenn"", ""category"": ""ambiguous_cognate"", ""selected_candidate"": ""kenn"", ""final_correction"": ""kenn""}, {""token"": ""douko"", ""category"": ""informal_wolof"", ""selected_candidate"": ""duko"", ""final_correction"": ""du ko""}, {""token"": ""forcé"", ""category"": ""french_native"", ""selected_candidate"": ""forcé"", ""final_correction"": ""forcé""}]"
335,niata diabar gua am,niàka jabar gaa am,ñaata jabar nga am,keep,https://www.youtube.com/watch?v=Myd-Gg4Mhck,"[{""token"": ""niata"", ""category"": ""informal_wolof"", ""selected_candidate"": ""ñaata"", ""final_correction"": ""ñaata""}, {""token"": ""diabar"", ""category"": ""informal_wolof"", ""selected_candidate"": ""jabar"", ""final_correction"": ""jabar""}, {""token"": ""gua"", ""category"": ""informal_wolof"", ""selected_candidate"": ""gaa"", ""final_correction"": ""nga""}, {""token"": ""am"", ""category"": ""ambiguous_cognate"", ""selected_candidate"": ""am"", ""final_correction"": ""am""}]"
336,lii dhé la wakhno vraiment maman oumy barina wax,lii dée la waxna vraiment maman um barina wax,lii de la waxon vraiment maman oumy bari na wax,keep,https://www.youtube.com/watch?v=Myd-Gg4Mhck,"[{""token"": ""lii"", ""category"": ""ambiguous_cognate"", ""selected_candidate"": ""lii"", ""final_correction"": ""lii""}, {""token"": ""dhé"", ""category"": ""informal_wolof"", ""selected_candidate"": ""dé"", ""final_correction"": ""de""}, {""token"": ""la"", ""category"": ""ambiguous_cognate"", ""selected_candidate"": ""la"", ""final_correction"": ""la""}, {""token"": ""wakhno"", ""category"": ""informal_wolof"", ""selected_candidate"": ""waxna"", ""final_correction"": ""waxon""}, {""token"": ""vraiment"", ""category"": ""french_native"", ""selected_candidate"": ""vraiment"", ""final_correction"": ""vraiment""}, {""token"": ""maman"", ""category"": ""french_native"", ""selected_candidate"": ""maman"", ""final_correction"": ""maman""}, {""token"": ""oumy"", ""category"": ""informal_wolof"", ""selected_candidate"": ""oumy"", ""final_correction"": ""oumy""}, {""token"": ""barina"", ""category"": ""wolof_formal"", ""selected_candidate"": ""barina"", ""final_correction"": ""bari na""}, {""token"": ""wax"", ""category"": ""ambiguous_cognate"", ""selected_candidate"": ""wax"", ""final_correction"": ""wax""}]"
338,juboo ak say goro nekhna deh. bravo sokhna djalika.,juboo ak say goro neexna dee bravo soxna saalika,juboo ak say goro neex na de bravo sokhna djalika,keep,https://www.youtube.com/watch?v=Myd-Gg4Mhck,"[{""token"": ""juboo"", ""category"": ""wolof_formal"", ""selected_candidate"": ""juboo"", ""final_correction"": ""juboo""}, {""token"": ""ak"", ""category"": ""ambiguous_cognate"", ""selected_candidate"": ""ak"", ""final_correction"": ""ak""}, {""token"": ""say"", ""category"": ""ambiguous_cognate"", ""selected_candidate"": ""say"", ""final_correction"": ""say""}, {""token"": ""goro"", ""category"": ""ambiguous_cognate"", ""selected_candidate"": ""goro"", ""final_correction"": ""goro""}, {""token"": ""nekhna"", ""category"": ""informal_wolof"", ""selected_candidate"": ""neexna"", ""final_correction"": ""neex na""}, {""token"": ""deh"", ""category"": ""informal_wolof"", ""selected_candidate"": ""deh"", ""final_correction"": ""de""}, {""token"": ""bravo"", ""category"": ""ambiguous_cognate"", ""selected_candidate"": ""bravo"", ""final_correction"": ""bravo""}, {""token"": ""sokhna"", ""category"": ""french_substituted"", ""selected_candidate"": ""sokhna"", ""final_correction"": ""sokhna""}, {""token"": ""djalika"", ""category"": ""informal_wolof"", ""selected_candidate"": ""djalika"", ""final_correction"": ""djalika""}]"
343,mere bii sof nama,mere bii sof nama,mère bii soof na ma,keep,https://www.youtube.com/watch?v=Myd-Gg4Mhck,"[{""token"": ""mere"", ""category"": ""ambiguous_cognate"", ""selected_candidate"": ""mere"", ""final_correction"": ""mère""}, {""token"": ""bii"", ""category"": ""ambiguous_cognate"", ""selected_candidate"": ""bii"", ""final_correction"": ""bii""}, {""token"": ""sof"", ""category"": ""wolof_formal"", ""selected_candidate"": ""soof"", ""final_correction"": ""soof""}, {""token"": ""nama"", ""category"": ""ambiguous_cognate"", ""selected_candidate"": ""nama"", ""final_correction"": ""na ma""}]"
344,thiey homme khalil dafay metti sama khol ou mane ma fiire,thiey homme khalid dafay metti sama xool ou mane ma fiire,céy homme khalil dafay metti sama xol ou man ma fiire,keep,https://www.youtube.com/watch?v=Myd-Gg4Mhck,"[{""token"": ""thiey"", ""category"": ""french_native"", ""selected_candidate"": ""thiey"", ""final_correction"": ""céy""}, {""token"": ""homme"", ""category"": ""ambiguous_cognate"", ""selected_candidate"": ""homme"", ""final_correction"": ""homme""}, {""token"": ""khalil"", ""category"": ""informal_wolof"", ""selected_candidate"": ""khalil"", ""final_correction"": ""khalil""}, {""token"": ""dafay"", ""category"": ""wolof_formal"", ""selected_candidate"": ""dafay"", ""final_correction"": ""dafay""}, {""token"": ""metti"", ""category"": ""ambiguous_cognate"", ""selected_candidate"": ""metti"", ""final_correction"": ""metti""}, {""token"": ""sama"", ""category"": ""ambiguous_cognate"", ""selected_candidate"": ""sama"", ""final_correction"": ""sama""}, {""token"": ""khol"", ""category"": ""informal_wolof"", ""selected_candidate"": ""xol"", ""final_correction"": ""xol""}, {""token"": ""ou"", ""category"": ""ambiguous_cognate"", ""selected_candidate"": ""ou"", ""final_correction"": ""ou""}, {""token"": ""mane"", ""category"": ""ambiguous_cognate"", ""selected_candidate"": ""mane"", ""final_correction"": ""man""}, {""token"": ""ma"", ""category"": ""ambiguous_cognate"", ""selected_candidate"": ""ma"", ""final_correction"": ""ma""}, {""token"": ""fiire"", ""category"": ""wolof_formal"", ""selected_candidate"": ""fiire"", ""final_correction"": ""fiire""}]"
345,wa goor niata khol la am,wa goor niàka xool la am,wa goor ñaata xol la am,keep,https://www.youtube.com/watch?v=Myd-Gg4Mhck,"[{""token"": ""wa"", ""category"": ""ambiguous_cognate"", ""selected_candidate"": ""wa"", ""final_correction"": ""wa""}, {""token"": ""goor"", ""category"": ""wolof_formal"", ""selected_candidate"": ""goor"", ""final_correction"": ""goor""}, {""token"": ""niata"", ""category"": ""informal_wolof"", ""selected_candidate"": ""ñaata"", ""final_correction"": ""ñaata""}, {""token"": ""khol"", ""category"": ""informal_wolof"", ""selected_candidate"": ""xol"", ""final_correction"": ""xol""}, {""token"": ""la"", ""category"": ""ambiguous_cognate"", ""selected_candidate"": ""la"", ""final_correction"": ""la""}, {""token"": ""am"", ""category"": ""ambiguous_cognate"", ""selected_candidate"": ""am"", ""final_correction"": ""am""}]"
346,maman oumy mi féthe ba paré tok ni day dioy,maman um mi féte ba paré tok ni day juy,maman oumy mi fecc ba pare toog ne day jooy,keep,https://www.youtube.com/watch?v=Myd-Gg4Mhck,"[{""token"": ""maman"", ""category"": ""french_native"", ""selected_candidate"": ""maman"", ""final_correction"": ""maman""}, {""token"": ""oumy"", ""category"": ""informal_wolof"", ""selected_candidate"": ""oumy"", ""final_correction"": ""oumy""}, {""token"": ""mi"", ""category"": ""ambiguous_cognate"", ""selected_candidate"": ""mi"", ""final_correction"": ""mi""}, {""token"": ""féthe"", ""category"": ""informal_wolof"", ""selected_candidate"": ""fecce"", ""final_correction"": ""fecc""}, {""token"": ""ba"", ""category"": ""ambiguous_cognate"", ""selected_candidate"": ""ba"", ""final_correction"": ""ba""}, {""token"": ""paré"", ""category"": ""ambiguous_cognate"", ""selected_candidate"": ""pare"", ""final_correction"": ""pare""}, {""token"": ""tok"", ""category"": ""ambiguous_cognate"", ""selected_candidate"": ""tok"", ""final_correction"": ""toog""}, {""token"": ""ni"", ""category"": ""ambiguous_cognate"", ""selected_candidate"": ""ni"", ""final_correction"": ""ne""}, {""token"": ""day"", ""category"": ""ambiguous_cognate"", ""selected_candidate"": ""day"", ""final_correction"": ""day""}, {""token"": ""dioy"", ""category"": ""informal_wolof"", ""selected_candidate"": ""jooy"", ""final_correction"": ""jooy""}]"
347,mo diarna lathe dal,mo jaarna layee dal,mo jar na laajte daal,keep,https://www.youtube.com/watch?v=Myd-Gg4Mhck,"[{""token"": ""mo"", ""category"": ""ambiguous_cognate"", ""selected_candidate"": ""mo"", ""final_correction"": ""mo""}, {""token"": ""diarna"", ""category"": ""informal_wolof"", ""selected_candidate"": ""jarna"", ""final_correction"": ""jar na""}, {""token"": ""lathe"", ""category"": ""informal_wolof"", ""selected_candidate"": ""làcc"", ""final_correction"": ""laajte""}, {""token"": ""dal"", ""category"": ""ambiguous_cognate"", ""selected_candidate"": ""daal"", ""final_correction"": ""daal""}]"
348,maman oumy mi yennneu warou wolen si mome,maman um mi yénne waru wooleen si momee,maman oumy mi yeen waaru woo leen si moom,keep,https://www.youtube.com/watch?v=Myd-Gg4Mhck,"[{""token"": ""maman"", ""category"": ""french_native"", ""selected_candidate"": ""maman"", ""final_correction"": ""maman""}, {""token"": ""oumy"", ""category"": ""informal_wolof"", ""selected_candidate"": ""oumy"", ""final_correction"": ""oumy""}, {""token"": ""mi"", ""category"": ""ambiguous_cognate"", ""selected_candidate"": ""mi"", ""final_correction"": ""mi""}, {""token"": ""yennneu"", ""category"": ""informal_wolof"", ""selected_candidate"": ""yénne"", ""final_correction"": ""yeen""}, {""token"": ""warou"", ""category"": ""informal_wolof"", ""selected_candidate"": ""waaru"", ""final_correction"": ""waaru""}, {""token"": ""wolen"", ""category"": ""informal_wolof"", ""selected_candidate"": ""wooleen"", ""final_correction"": ""woo leen""}, {""token"": ""si"", ""category"": ""ambiguous_cognate"", ""selected_candidate"": ""si"", ""final_correction"": ""si""}, {""token"": ""mome"", ""category"": ""informal_wolof"", ""selected_candidate"": ""momee"", ""final_correction"": ""moom""}]"
349,sama khôl bi jalika dinako guéné ak weursseuk tchimm,sama khôl bi malika dinako guéné ak weursseuk tchimm,sama xol bi jalika di naa ko génne ak wërsëg cim,keep,https://www.youtube.com/watch?v=Myd-Gg4Mhck,"[{""token"": ""sama"", ""category"": ""ambiguous_cognate"", ""selected_candidate"": ""sama"", ""final_correction"": ""sama""}, {""token"": ""khôl"", ""category"": ""french_native"", ""selected_candidate"": ""khôl"", ""final_correction"": ""xol""}, {""token"": ""bi"", ""category"": ""ambiguous_cognate"", ""selected_candidate"": ""bi"", ""final_correction"": ""bi""}, {""token"": ""jalika"", ""category"": ""informal_wolof"", ""selected_candidate"": ""jalika"", ""final_correction"": ""jalika""}, {""token"": ""dinako"", ""category"": ""wolof_formal"", ""selected_candidate"": ""dinako"", ""final_correction"": ""di naa ko""}, {""token"": ""guéné"", ""category"": ""wolof_formal"", ""selected_candidate"": ""guéné"", ""final_correction"": ""génne""}, {""token"": ""ak"", ""category"": ""ambiguous_cognate"", ""selected_candidate"": ""ak"", ""final_correction"": ""ak""}, {""token"": ""weursseuk"", ""category"": ""informal_wolof"", ""selected_candidate"": ""weursseuk"", ""final_correction"": ""wërsëg""}, {""token"": ""tchimm"", ""category"": ""informal_wolof"", ""selected_candidate"": ""tchimm"", ""final_correction"": ""cim""}]"
351,wa key sohna dialika nanga féhé ba linga commencer nga yéggali ko balaa mouy heuy béne jour nguen dioté moulay hass,wa key soxna saalika nanga féte ba linga commencer nga yeggali ko balaa muy hey bén bis ngeen joote muslaay tass,wa key sohna dialika na nga fexe ba li nga commencer nga yeggali ko bala muy xéy benn jour ngeen jote mu lay xas,keep,https://www.youtube.com/watch?v=Myd-Gg4Mhck,"[{""token"": ""wa"", ""category"": ""ambiguous_cognate"", ""selected_candidate"": ""wa"", ""final_correction"": ""wa""}, {""token"": ""key"", ""category"": ""wolof_formal"", ""selected_candidate"": ""key"", ""final_correction"": ""key""}, {""token"": ""sohna"", ""category"": ""informal_wolof"", ""selected_candidate"": ""sohna"", ""final_correction"": ""sohna""}, {""token"": ""dialika"", ""category"": ""informal_wolof"", ""selected_candidate"": ""dialika"", ""final_correction"": ""dialika""}, {""token"": ""nanga"", ""category"": ""wolof_formal"", ""selected_candidate"": ""nanga"", ""final_correction"": ""na nga""}, {""token"": ""féhé"", ""category"": ""informal_wolof"", ""selected_candidate"": ""féte"", ""final_correction"": ""fexe""}, {""token"": ""ba"", ""category"": ""ambiguous_cognate"", ""selected_candidate"": ""ba"", ""final_correction"": ""ba""}, {""token"": ""linga"", ""category"": ""ambiguous_cognate"", ""selected_candidate"": ""linga"", ""final_correction"": ""li nga""}, {""token"": ""commencer"", ""category"": ""french_native"", ""selected_candidate"": ""commencer"", ""final_correction"": ""commencer""}, {""token"": ""nga"", ""category"": ""ambiguous_cognate"", ""selected_candidate"": ""nga"", ""final_correction"": ""nga""}, {""token"": ""yéggali"", ""category"": ""informal_wolof"", ""selected_candidate"": ""yeggali"", ""final_correction"": ""yeggali""}, {""token"": ""ko"", ""category"": ""ambiguous_cognate"", ""selected_candidate"": ""ko"", ""final_correction"": ""ko""}, {""token"": ""balaa"", ""category"": ""wolof_formal"", ""selected_candidate"": ""balaa"", ""final_correction"": ""bala""}, {""token"": ""mouy"", ""category"": ""informal_wolof"", ""selected_candidate"": ""muy"", ""final_correction"": ""muy""}, {""token"": ""heuy"", ""category"": ""informal_wolof"", ""selected_candidate"": ""hey"", ""final_correction"": ""xéy""}, {""token"": ""béne"", ""category"": ""informal_wolof"", ""selected_candidate"": ""bene"", ""final_correction"": ""benn""}, {""token"": ""jour"", ""category"": ""french_substituted"", ""selected_candidate"": ""jour"", ""final_correction"": ""jour""}, {""token"": ""nguen"", ""category"": ""informal_wolof"", ""selected_candidate"": ""ngeen"", ""final_correction"": ""ngeen""}, {""token"": ""dioté"", ""category"": ""informal_wolof"", ""selected_candidate"": ""jote"", ""final_correction"": ""jote""}, {""token"": ""moulay"", ""category"": ""informal_wolof"", ""selected_candidate"": ""muslaay"", ""final_correction"": ""mu lay""}, {""token"": ""hass"", ""category"": ""informal_wolof"", ""selected_candidate"": ""tass"", ""final_correction"": ""xas""}]"
354,wooooouuuyaaayyyy yooooyyyy ndidiaye mor neina bbeiii mareme mangui dead,wooooouuuyaaayyyy yooooyyyy ndidiaye mor neena bbeiii mareem mangui dead,wuyyay yooy nijaay mor nee na bbeiii mareme ma ngi dead,keep,https://www.youtube.com/watch?v=Myd-Gg4Mhck,"[{""token"": ""wooooouuuyaaayyyy"", ""category"": ""informal_wolof"", ""selected_candidate"": ""wooooouuuyaaayyyy"", ""final_correction"": ""wuyyay""}, {""token"": ""yooooyyyy"", ""category"": ""informal_wolof"", ""selected_candidate"": ""yooooyyyy"", ""final_correction"": ""yooy""}, {""token"": ""ndidiaye"", ""category"": ""informal_wolof"", ""selected_candidate"": ""ndidiaye"", ""final_correction"": ""nijaay""}, {""token"": ""mor"", ""category"": ""french_native"", ""selected_candidate"": ""mor"", ""final_correction"": ""mor""}, {""token"": ""neina"", ""category"": ""informal_wolof"", ""selected_candidate"": ""neena"", ""final_correction"": ""nee na""}, {""token"": ""bbeiii"", ""category"": ""informal_wolof"", ""selected_candidate"": ""bbeiii"", ""final_correction"": ""bbeiii""}, {""token"": ""mareme"", ""category"": ""informal_wolof"", ""selected_candidate"": ""mareme"", ""final_correction"": ""mareme""}, {""token"": ""mangui"", ""category"": ""wolof_formal"", ""selected_candidate"": ""mangui"", ""final_correction"": ""ma ngi""}, {""token"": ""dead"", ""category"": ""ambiguous_cognate"", ""selected_candidate"": ""dead"", ""final_correction"": ""dead""}]"
355,maman oumy guis dognou maye diam sheuut akh sa model you gnaw,maman um guis dooñu maye diam sheuut ax sa model you gnaw,maman oumy gis doo ñu may jàmm séttétét ak sa model yu ñaaw,keep,https://www.youtube.com/watch?v=Myd-Gg4Mhck,"[{""token"": ""maman"", ""category"": ""french_native"", ""selected_candidate"": ""maman"", ""final_correction"": ""maman""}, {""token"": ""oumy"", ""category"": ""informal_wolof"", ""selected_candidate"": ""oumy"", ""final_correction"": ""oumy""}, {""token"": ""guis"", ""category"": ""french_native"", ""selected_candidate"": ""guis"", ""final_correction"": ""gis""}, {""token"": ""dognou"", ""category"": ""informal_wolof"", ""selected_candidate"": ""dooñu"", ""final_correction"": ""doo ñu""}, {""token"": ""maye"", ""category"": ""ambiguous_cognate"", ""selected_candidate"": ""maye"", ""final_correction"": ""may""}, {""token"": ""diam"", ""category"": ""ambiguous_cognate"", ""selected_candidate"": ""jàam"", ""final_correction"": ""jàmm""}, {""token"": ""sheuut"", ""category"": ""informal_wolof"", ""selected_candidate"": ""sheuut"", ""final_correction"": ""séttétét""}, {""token"": ""akh"", ""category"": ""informal_wolof"", ""selected_candidate"": ""ak"", ""final_correction"": ""ak""}, {""token"": ""sa"", ""category"": ""ambiguous_cognate"", ""selected_candidate"": ""sa"", ""final_correction"": ""sa""}, {""token"": ""model"", ""category"": ""ambiguous_cognate"", ""selected_candidate"": ""model"", ""final_correction"": ""model""}, {""token"": ""you"", ""category"": ""ambiguous_cognate"", ""selected_candidate"": ""you"", ""final_correction"": ""yu""}, {""token"": ""gnaw"", ""category"": ""wolof_formal"", ""selected_candidate"": ""ñaaw"", ""final_correction"": ""ñaaw""}]"
356,maman oumy mom wëroul wayei khady thiam yagui may beug soff nk ish,maman um mom werul waaye xaay caam magui may beug soof n sh,maman oumy mom wérul waaye khady thiam yaa ngi may bëgg soof nak ish,keep,https://www.youtube.com/watch?v=Myd-Gg4Mhck,"[{""token"": ""maman"", ""category"": ""french_native"", ""selected_candidate"": ""maman"", ""final_correction"": ""maman""}, {""token"": ""oumy"", ""category"": ""informal_wolof"", ""selected_candidate"": ""oumy"", ""final_correction"": ""oumy""}, {""token"": ""mom"", ""category"": ""wolof_formal"", ""selected_candidate"": ""mom"", ""final_correction"": ""mom""}, {""token"": ""wëroul"", ""category"": ""informal_wolof"", ""selected_candidate"": ""werul"", ""final_correction"": ""wérul""}, {""token"": ""wayei"", ""category"": ""informal_wolof"", ""selected_candidate"": ""waaye"", ""final_correction"": ""waaye""}, {""token"": ""khady"", ""category"": ""informal_wolof"", ""selected_candidate"": ""khady"", ""final_correction"": ""khady""}, {""token"": ""thiam"", ""category"": ""french_substituted"", ""selected_candidate"": ""thiam"", ""final_correction"": ""thiam""}, {""token"": ""yagui"", ""category"": ""informal_wolof"", ""selected_candidate"": ""magui"", ""final_correction"": ""yaa ngi""}, {""token"": ""may"", ""category"": ""ambiguous_cognate"", ""selected_candidate"": ""may"", ""final_correction"": ""may""}, {""token"": ""beug"", ""category"": ""wolof_formal"", ""selected_candidate"": ""bëgg"", ""final_correction"": ""bëgg""}, {""token"": ""soff"", ""category"": ""informal_wolof"", ""selected_candidate"": ""soof"", ""final_correction"": ""soof""}, {""token"": ""nk"", ""category"": ""informal_wolof"", ""selected_candidate"": ""n"", ""final_correction"": ""nak""}, {""token"": ""ish"", ""category"": ""informal_wolof"", ""selected_candidate"": ""ish"", ""final_correction"": ""ish""}]"
357,khady thiamm soff guama,xaay camm soof guma,khady thiamm soof nga ma,keep,https://www.youtube.com/watch?v=Myd-Gg4Mhck,"[{""token"": ""khady"", ""category"": ""informal_wolof"", ""selected_candidate"": ""khady"", ""final_correction"": ""khady""}, {""token"": ""thiamm"", ""category"": ""informal_wolof"", ""selected_candidate"": ""thiamm"", ""final_correction"": ""thiamm""}, {""token"": ""soff"", ""category"": ""informal_wolof"", ""selected_candidate"": ""soof"", ""final_correction"": ""soof""}, {""token"": ""guama"", ""category"": ""informal_wolof"", ""selected_candidate"": ""guma"", ""final_correction"": ""nga ma""}]"
363,mame oumy djiepy nako,maam um djiepy nako,mame oumy jéppi naa ko,keep,https://www.youtube.com/watch?v=Myd-Gg4Mhck,"[{""token"": ""mame"", ""category"": ""french_substituted"", ""selected_candidate"": ""mame"", ""final_correction"": ""mame""}, {""token"": ""oumy"", ""category"": ""informal_wolof"", ""selected_candidate"": ""oumy"", ""final_correction"": ""oumy""}, {""token"": ""djiepy"", ""category"": ""informal_wolof"", ""selected_candidate"": ""djiepy"", ""final_correction"": ""jéppi""}, {""token"": ""nako"", ""category"": ""wolof_formal"", ""selected_candidate"": ""nako"", ""final_correction"": ""naa ko""}]"
364,ndidiaye mor bb maréme la wakh wala ma dégoul,ndidiaye mor bb maree la wakh wala ma déggul,nijaay mor bb maréme la wax wala maa déggul,keep,https://www.youtube.com/watch?v=Myd-Gg4Mhck,"[{""token"": ""ndidiaye"", ""category"": ""informal_wolof"", ""selected_candidate"": ""ndidiaye"", ""final_correction"": ""nijaay""}, {""token"": ""mor"", ""category"": ""french_native"", ""selected_candidate"": ""mor"", ""final_correction"": ""mor""}, {""token"": ""bb"", ""category"": ""wolof_formal"", ""selected_candidate"": ""bb"", ""final_correction"": ""bb""}, {""token"": ""maréme"", ""category"": ""informal_wolof"", ""selected_candidate"": ""maréme"", ""final_correction"": ""maréme""}, {""token"": ""la"", ""category"": ""ambiguous_cognate"", ""selected_candidate"": ""la"", ""final_correction"": ""la""}, {""token"": ""wakh"", ""category"": ""french_native"", ""selected_candidate"": ""wakh"", ""final_correction"": ""wax""}, {""token"": ""wala"", ""category"": ""ambiguous_cognate"", ""selected_candidate"": ""wala"", ""final_correction"": ""wala""}, {""token"": ""ma"", ""category"": ""ambiguous_cognate"", ""selected_candidate"": ""maa"", ""final_correction"": ""maa""}, {""token"": ""dégoul"", ""category"": ""informal_wolof"", ""selected_candidate"": ""déggul"", ""final_correction"": ""déggul""}]"
365,wa mère bi daguene kofi bayi pour moumay metital wala,wa mère bi dangeen kofi bayi pour jumaay metital wala,wa mère bi dangeen ko fi bàyyi pour mu may mettital wala,keep,https://www.youtube.com/watch?v=Myd-Gg4Mhck,"[{""token"": ""wa"", ""category"": ""ambiguous_cognate"", ""selected_candidate"": ""wa"", ""final_correction"": ""wa""}, {""token"": ""mère"", ""category"": ""ambiguous_cognate"", ""selected_candidate"": ""mère"", ""final_correction"": ""mère""}, {""token"": ""bi"", ""category"": ""ambiguous_cognate"", ""selected_candidate"": ""bi"", ""final_correction"": ""bi""}, {""token"": ""daguene"", ""category"": ""informal_wolof"", ""selected_candidate"": ""dangeen"", ""final_correction"": ""dangeen""}, {""token"": ""kofi"", ""category"": ""ambiguous_cognate"", ""selected_candidate"": ""kofi"", ""final_correction"": ""ko fi""}, {""token"": ""bayi"", ""category"": ""wolof_formal"", ""selected_candidate"": ""bayi"", ""final_correction"": ""bàyyi""}, {""token"": ""pour"", ""category"": ""ambiguous_cognate"", ""selected_candidate"": ""pour"", ""final_correction"": ""pour""}, {""token"": ""moumay"", ""category"": ""informal_wolof"", ""selected_candidate"": ""jumaay"", ""final_correction"": ""mu may""}, {""token"": ""metital"", ""category"": ""wolof_formal"", ""selected_candidate"": ""metital"", ""final_correction"": ""mettital""}, {""token"": ""wala"", ""category"": ""ambiguous_cognate"", ""selected_candidate"": ""wala"", ""final_correction"": ""wala""}]"
368,khady thiam khamoul bopam,xaay caam xamul bopam,khady thiam xamul boppam,keep,https://www.youtube.com/watch?v=Myd-Gg4Mhck,"[{""token"": ""khady"", ""category"": ""informal_wolof"", ""selected_candidate"": ""khady"", ""final_correction"": ""khady""}, {""token"": ""thiam"", ""category"": ""french_substituted"", ""selected_candidate"": ""thiam"", ""final_correction"": ""thiam""}, {""token"": ""khamoul"", ""category"": ""informal_wolof"", ""selected_candidate"": ""xamul"", ""final_correction"": ""xamul""}, {""token"": ""bopam"", ""category"": ""wolof_formal"", ""selected_candidate"": ""boppam"", ""final_correction"": ""boppam""}]"
369,kham nga loutakh khaleyou djguen yi marichou nékhoulén dalén guina paré rek,xaam nga lutax xaléyi jigéen yi marché nékhoulén dilén gina pare rek,xam nga lu tax xalé yu jigéen yi marichou neexuleen da leen gëna pare rek,keep,https://www.youtube.com/watch?v=Myd-Gg4Mhck,"[{""token"": ""kham"", ""category"": ""informal_wolof"", ""selected_candidate"": ""xam"", ""final_correction"": ""xam""}, {""token"": ""nga"", ""category"": ""ambiguous_cognate"", ""selected_candidate"": ""nga"", ""final_correction"": ""nga""}, {""token"": ""loutakh"", ""category"": ""informal_wolof"", ""selected_candidate"": ""lutax"", ""final_correction"": ""lu tax""}, {""token"": ""khaleyou"", ""category"": ""informal_wolof"", ""selected_candidate"": ""xaléyi"", ""final_correction"": ""xalé yu""}, {""token"": ""djguen"", ""category"": ""informal_wolof"", ""selected_candidate"": ""jigéen"", ""final_correction"": ""jigéen""}, {""token"": ""yi"", ""category"": ""ambiguous_cognate"", ""selected_candidate"": ""yi"", ""final_correction"": ""yi""}, {""token"": ""marichou"", ""category"": ""informal_wolof"", ""selected_candidate"": ""marichou"", ""final_correction"": ""marichou""}, {""token"": ""nékhoulén"", ""category"": ""informal_wolof"", ""selected_candidate"": ""nékhoulén"", ""final_correction"": ""neexuleen""}, {""token"": ""dalén"", ""category"": ""informal_wolof"", ""selected_candidate"": ""dilén"", ""final_correction"": ""da leen""}, {""token"": ""guina"", ""category"": ""informal_wolof"", ""selected_candidate"": ""gina"", ""final_correction"": ""gëna""}, {""token"": ""paré"", ""category"": ""ambiguous_cognate"", ""selected_candidate"": ""pare"", ""final_correction"": ""pare""}, {""token"": ""rek"", ""category"": ""ambiguous_cognate"", ""selected_candidate"": ""rek"", ""final_correction"": ""rek""}]"
370,sama khôl bi métina si maman oumy,sama xol bi métina ci maman oumy,sama xol bi metti na si maman oumy,keep,https://www.youtube.com/watch?v=Myd-Gg4Mhck,"[{""token"": ""sama"", ""category"": ""ambiguous_cognate"", ""selected_candidate"": ""sama"", ""final_correction"": ""sama""}, {""token"": ""khôl"", ""category"": ""french_native"", ""selected_candidate"": ""xol"", ""final_correction"": ""xol""}, {""token"": ""bi"", ""category"": ""ambiguous_cognate"", ""selected_candidate"": ""bi"", ""final_correction"": ""bi""}, {""token"": ""métina"", ""category"": ""french_native"", ""selected_candidate"": ""métina"", ""final_correction"": ""metti na""}, {""token"": ""si"", ""category"": ""ambiguous_cognate"", ""selected_candidate"": ""ci"", ""final_correction"": ""si""}, {""token"": ""maman"", ""category"": ""french_native"", ""selected_candidate"": ""maman"", ""final_correction"": ""maman""}, {""token"": ""oumy"", ""category"": ""informal_wolof"", ""selected_candidate"": ""oumy"", ""final_correction"": ""oumy""}]"
373,sokhna dialika khétou seuyeum lanela,soxna saalika xétu seuyeum lanla,sokhna dialika xeetu séyam lan la,keep,https://www.youtube.com/watch?v=Myd-Gg4Mhck,"[{""token"": ""sokhna"", ""category"": ""french_substituted"", ""selected_candidate"": ""sokhna"", ""final_correction"": ""sokhna""}, {""token"": ""dialika"", ""category"": ""informal_wolof"", ""selected_candidate"": ""dialika"", ""final_correction"": ""dialika""}, {""token"": ""khétou"", ""category"": ""informal_wolof"", ""selected_candidate"": ""xétu"", ""final_correction"": ""xeetu""}, {""token"": ""seuyeum"", ""category"": ""informal_wolof"", ""selected_candidate"": ""seuyeum"", ""final_correction"": ""séyam""}, {""token"": ""lanela"", ""category"": ""informal_wolof"", ""selected_candidate"": ""lanla"", ""final_correction"": ""lan la""}]"
377,maman oumy kaname bi comme bamélou mbame,maman oumy kanami bi comme bamélou mbamb,maman oumy kanam bi comme bàmmeelu mbaam,keep,https://www.youtube.com/watch?v=Myd-Gg4Mhck,"[{""token"": ""maman"", ""category"": ""french_native"", ""selected_candidate"": ""maman"", ""final_correction"": ""maman""}, {""token"": ""oumy"", ""category"": ""informal_wolof"", ""selected_candidate"": ""oumy"", ""final_correction"": ""oumy""}, {""token"": ""kaname"", ""category"": ""informal_wolof"", ""selected_candidate"": ""kanam"", ""final_correction"": ""kanam""}, {""token"": ""bi"", ""category"": ""ambiguous_cognate"", ""selected_candidate"": ""bi"", ""final_correction"": ""bi""}, {""token"": ""comme"", ""category"": ""ambiguous_cognate"", ""selected_candidate"": ""comme"", ""final_correction"": ""comme""}, {""token"": ""bamélou"", ""category"": ""informal_wolof"", ""selected_candidate"": ""bamélou"", ""final_correction"": ""bàmmeelu""}, {""token"": ""mbame"", ""category"": ""informal_wolof"", ""selected_candidate"": ""mbamb"", ""final_correction"": ""mbaam""}]"
379,"casting si maman oumy kane moko def, dinako porté plainte m ki sofna elle interprète mal son rôle qu'à même ?",casting ci maman oumy kane moko def di na ko porté plainte m ki soof na elle interprète metitu son rôle qu'à donte,casting si maman oumy kan moko def di naa ko porté plainte m ki soof na elle interprète mal son rôle quand même,keep,https://www.youtube.com/watch?v=Myd-Gg4Mhck,"[{""token"": ""casting"", ""category"": ""french_native"", ""selected_candidate"": ""casting"", ""final_correction"": ""casting""}, {""token"": ""si"", ""category"": ""ambiguous_cognate"", ""selected_candidate"": ""ci"", ""final_correction"": ""si""}, {""token"": ""maman"", ""category"": ""french_native"", ""selected_candidate"": ""maman"", ""final_correction"": ""maman""}, {""token"": ""oumy"", ""category"": ""informal_wolof"", ""selected_candidate"": ""oumy"", ""final_correction"": ""oumy""}, {""token"": ""kane"", ""category"": ""ambiguous_cognate"", ""selected_candidate"": ""kane"", ""final_correction"": ""kan""}, {""token"": ""moko"", ""category"": ""ambiguous_cognate"", ""selected_candidate"": ""moko"", ""final_correction"": ""moko""}, {""token"": ""def"", ""category"": ""ambiguous_cognate"", ""selected_candidate"": ""def"", ""final_correction"": ""def""}, {""token"": ""dinako"", ""category"": ""wolof_formal"", ""selected_candidate"": ""di na ko"", ""final_correction"": ""di naa ko""}, {""token"": ""porté"", ""category"": ""french_native"", ""selected_candidate"": ""porté"", ""final_correction"": ""porté""}, {""token"": ""plainte"", ""category"": ""ambiguous_cognate"", ""selected_candidate"": ""plainte"", ""final_correction"": ""plainte""}, {""token"": ""m"", ""category"": ""ambiguous_cognate"", ""selected_candidate"": ""m"", ""final_correction"": ""m""}, {""token"": ""ki"", ""category"": ""ambiguous_cognate"", ""selected_candidate"": ""ki"", ""final_correction"": ""ki""}, {""token"": ""sofna"", ""category"": ""informal_wolof"", ""selected_candidate"": ""soof na"", ""final_correction"": ""soof na""}, {""token"": ""elle"", ""category"": ""ambiguous_cognate"", ""selected_candidate"": ""elle"", ""final_correction"": ""elle""}, {""token"": ""interprète"", ""category"": ""french_native"", ""selected_candidate"": ""interprète"", ""final_correction"": ""interprète""}, {""token"": ""mal"", ""category"": ""french_substituted"", ""selected_candidate"": ""mal"", ""final_correction"": ""mal""}, {""token"": ""son"", ""category"": ""ambiguous_cognate"", ""selected_candidate"": ""son"", ""final_correction"": ""son""}, {""token"": ""rôle"", ""category"": ""ambiguous_cognate"", ""selected_candidate"": ""rôle"", ""final_correction"": ""rôle""}, {""token"": ""qu'à"", ""category"": ""french_native"", ""selected_candidate"": ""qu'à"", ""final_correction"": ""quand""}, {""token"": ""même"", ""category"": ""french_substituted"", ""selected_candidate"": ""même"", ""final_correction"": ""même""}]"
380,yalna nek guent,yalna nek gnent,yalna nekk gént,keep,https://www.youtube.com/watch?v=Myd-Gg4Mhck,"[{""token"": ""yalna"", ""category"": ""wolof_formal"", ""selected_candidate"": ""yalna"", ""final_correction"": ""yalna""}, {""token"": ""nek"", ""category"": ""wolof_formal"", ""selected_candidate"": ""nek"", ""final_correction"": ""nekk""}, {""token"": ""guent"", ""category"": ""informal_wolof"", ""selected_candidate"": ""gent"", ""final_correction"": ""gént""}]"
382,khadi thiame sofena té tidiane amoul foula ni yayame soné si mome béne dome mouy khalate bayikofi ndakhe diabarame,xadi thrace sowena té tiijaan amoul fulla ni layale sone ci moom benn doom muy kalaté bayikofi ndawee diabarame,khadi thiame soof na te tidiane amul fulla ni yaayam sonnee si moom benn doom muy xalaat bàyyi ko fi ndax jabaram,keep,https://www.youtube.com/watch?v=Myd-Gg4Mhck,"[{""token"": ""khadi"", ""category"": ""informal_wolof"", ""selected_candidate"": ""khadi"", ""final_correction"": ""khadi""}, {""token"": ""thiame"", ""category"": ""informal_wolof"", ""selected_candidate"": ""thiame"", ""final_correction"": ""thiame""}, {""token"": ""sofena"", ""category"": ""informal_wolof"", ""selected_candidate"": ""sowena"", ""final_correction"": ""soof na""}, {""token"": ""té"", ""category"": ""ambiguous_cognate"", ""selected_candidate"": ""té"", ""final_correction"": ""te""}, {""token"": ""tidiane"", ""category"": ""french_substituted"", ""selected_candidate"": ""tidiane"", ""final_correction"": ""tidiane""}, {""token"": ""amoul"", ""category"": ""ambiguous_cognate"", ""selected_candidate"": ""amoul"", ""final_correction"": ""amul""}, {""token"": ""foula"", ""category"": ""french_native"", ""selected_candidate"": ""fulla"", ""final_correction"": ""fulla""}, {""token"": ""ni"", ""category"": ""ambiguous_cognate"", ""selected_candidate"": ""ni"", ""final_correction"": ""ni""}, {""token"": ""yayame"", ""category"": ""informal_wolof"", ""selected_candidate"": ""layale"", ""final_correction"": ""yaayam""}, {""token"": ""soné"", ""category"": ""informal_wolof"", ""selected_candidate"": ""sone"", ""final_correction"": ""sonnee""}, {""token"": ""si"", ""category"": ""ambiguous_cognate"", ""selected_candidate"": ""ci"", ""final_correction"": ""si""}, {""token"": ""mome"", ""category"": ""informal_wolof"", ""selected_candidate"": ""moom"", ""final_correction"": ""moom""}, {""token"": ""béne"", ""category"": ""informal_wolof"", ""selected_candidate"": ""benn"", ""final_correction"": ""benn""}, {""token"": ""dome"", ""category"": ""informal_wolof"", ""selected_candidate"": ""doom"", ""final_correction"": ""doom""}, {""token"": ""mouy"", ""category"": ""informal_wolof"", ""selected_candidate"": ""muy"", ""final_correction"": ""muy""}, {""token"": ""khalate"", ""category"": ""informal_wolof"", ""selected_candidate"": ""kalaté"", ""final_correction"": ""xalaat""}, {""token"": ""bayikofi"", ""category"": ""informal_wolof"", ""selected_candidate"": ""bayikofi"", ""final_correction"": ""bàyyi ko fi""}, {""token"": ""ndakhe"", ""category"": ""informal_wolof"", ""selected_candidate"": ""ndawee"", ""final_correction"": ""ndax""}, {""token"": ""diabarame"", ""category"": ""informal_wolof"", ""selected_candidate"": ""diabarame"", ""final_correction"": ""jabaram""}]"
383,kou beugueu seydina mohamed psl,ku eugueul seydina mohamed psl,ku bëgg seydina mohamed psl,keep,https://www.youtube.com/watch?v=Myd-Gg4Mhck,"[{""token"": ""kou"", ""category"": ""informal_wolof"", ""selected_candidate"": ""ku"", ""final_correction"": ""ku""}, {""token"": ""beugueu"", ""category"": ""informal_wolof"", ""selected_candidate"": ""eugueul"", ""final_correction"": ""bëgg""}, {""token"": ""seydina"", ""category"": ""french_native"", ""selected_candidate"": ""seydina"", ""final_correction"": ""seydina""}, {""token"": ""mohamed"", ""category"": ""french_native"", ""selected_candidate"": ""mohamed"", ""final_correction"": ""mohamed""}, {""token"": ""psl"", ""category"": ""ambiguous_cognate"", ""selected_candidate"": ""psl"", ""final_correction"": ""psl""}]"
384,tidiane amale foula khady mongui laye traverser nekhale khilifa yayou khady mongui seuye si keur famille bo ammei nga wouti appartement,tiijaan amale fulla khady mangui laye traverser dekkale kilifa yaayu khady mangui seeye ci kër famille bo ammei nga touti appartement,tidiane amal fulla khady moo ngi lay traverser neexal kilifa yaayu khady moo ngi séy si kër famille boo ame nga wuti appartement,keep,https://www.youtube.com/watch?v=Myd-Gg4Mhck,"[{""token"": ""tidiane"", ""category"": ""french_substituted"", ""selected_candidate"": ""tidiane"", ""final_correction"": ""tidiane""}, {""token"": ""amale"", ""category"": ""wolof_formal"", ""selected_candidate"": ""amale"", ""final_correction"": ""amal""}, {""token"": ""foula"", ""category"": ""french_native"", ""selected_candidate"": ""fulla"", ""final_correction"": ""fulla""}, {""token"": ""khady"", ""category"": ""informal_wolof"", ""selected_candidate"": ""khady"", ""final_correction"": ""khady""}, {""token"": ""mongui"", ""category"": ""informal_wolof"", ""selected_candidate"": ""mangui"", ""final_correction"": ""moo ngi""}, {""token"": ""laye"", ""category"": ""ambiguous_cognate"", ""selected_candidate"": ""laye"", ""final_correction"": ""lay""}, {""token"": ""traverser"", ""category"": ""french_native"", ""selected_candidate"": ""traverser"", ""final_correction"": ""traverser""}, {""token"": ""nekhale"", ""category"": ""informal_wolof"", ""selected_candidate"": ""dekkale"", ""final_correction"": ""neexal""}, {""token"": ""khilifa"", ""category"": ""informal_wolof"", ""selected_candidate"": ""kilifa"", ""final_correction"": ""kilifa""}, {""token"": ""yayou"", ""category"": ""informal_wolof"", ""selected_candidate"": ""yaayu"", ""final_correction"": ""yaayu""}, {""token"": ""khady"", ""category"": ""informal_wolof"", ""selected_candidate"": ""khady"", ""final_correction"": ""khady""}, {""token"": ""mongui"", ""category"": ""informal_wolof"", ""selected_candidate"": ""mangui"", ""final_correction"": ""moo ngi""}, {""token"": ""seuye"", ""category"": ""informal_wolof"", ""selected_candidate"": ""seeye"", ""final_correction"": ""séy""}, {""token"": ""si"", ""category"": ""ambiguous_cognate"", ""selected_candidate"": ""ci"", ""final_correction"": ""si""}, {""token"": ""keur"", ""category"": ""ambiguous_cognate"", ""selected_candidate"": ""kër"", ""final_correction"": ""kër""}, {""token"": ""famille"", ""category"": ""ambiguous_cognate"", ""selected_candidate"": ""famille"", ""final_correction"": ""famille""}, {""token"": ""bo"", ""category"": ""wolof_formal"", ""selected_candidate"": ""bo"", ""final_correction"": ""boo""}, {""token"": ""ammei"", ""category"": ""informal_wolof"", ""selected_candidate"": ""ammei"", ""final_correction"": ""ame""}, {""token"": ""nga"", ""category"": ""ambiguous_cognate"", ""selected_candidate"": ""nga"", ""final_correction"": ""nga""}, {""token"": ""wouti"", ""category"": ""informal_wolof"", ""selected_candidate"": ""wuti"", ""final_correction"": ""wuti""}, {""token"": ""appartement"", ""category"": ""ambiguous_cognate"", ""selected_candidate"": ""appartement"", ""final_correction"": ""appartement""}]"
390,ndidiaye mor mo diongué waybb marième,nijaay mor moo drogue waybb marine,nijaay mor moo jonge waay marième,keep,https://www.youtube.com/watch?v=Myd-Gg4Mhck,"[{""token"": ""ndidiaye"", ""category"": ""informal_wolof"", ""selected_candidate"": ""nijaay"", ""final_correction"": ""nijaay""}, {""token"": ""mor"", ""category"": ""french_native"", ""selected_candidate"": ""mor"", ""final_correction"": ""mor""}, {""token"": ""mo"", ""category"": ""ambiguous_cognate"", ""selected_candidate"": ""moo"", ""final_correction"": ""moo""}, {""token"": ""diongué"", ""category"": ""informal_wolof"", ""selected_candidate"": ""drogue"", ""final_correction"": ""jonge""}, {""token"": ""waybb"", ""category"": ""informal_wolof"", ""selected_candidate"": ""waybb"", ""final_correction"": ""waay""}, {""token"": ""marième"", ""category"": ""informal_wolof"", ""selected_candidate"": ""marième"", ""final_correction"": ""marième""}]"
391,yalla nalènne yalla douggeul adjana,yalla baleine yalla douggeul aljana,yalla na leen yalla dugal aljanna,keep,https://www.youtube.com/watch?v=Myd-Gg4Mhck,"[{""token"": ""yalla"", ""category"": ""ambiguous_cognate"", ""selected_candidate"": ""yalla"", ""final_correction"": ""yalla""}, {""token"": ""nalènne"", ""category"": ""informal_wolof"", ""selected_candidate"": ""baleine"", ""final_correction"": ""na leen""}, {""token"": ""yalla"", ""category"": ""ambiguous_cognate"", ""selected_candidate"": ""yalla"", ""final_correction"": ""yalla""}, {""token"": ""douggeul"", ""category"": ""informal_wolof"", ""selected_candidate"": ""douggeul"", ""final_correction"": ""dugal""}, {""token"": ""adjana"", ""category"": ""informal_wolof"", ""selected_candidate"": ""aljana"", ""final_correction"": ""aljanna""}]"
393,mama omou way komo nekh rkk lalal j'aime,mama mou way komo neex akk lalal j'aime,mama omou waay ku mu neex rek laalal j'aime,keep,https://www.youtube.com/watch?v=Myd-Gg4Mhck,"[{""token"": ""mama"", ""category"": ""ambiguous_cognate"", ""selected_candidate"": ""mama"", ""final_correction"": ""mama""}, {""token"": ""omou"", ""category"": ""informal_wolof"", ""selected_candidate"": ""omou"", ""final_correction"": ""omou""}, {""token"": ""way"", ""category"": ""wolof_formal"", ""selected_candidate"": ""way"", ""final_correction"": ""waay""}, {""token"": ""komo"", ""category"": ""french_native"", ""selected_candidate"": ""komo"", ""final_correction"": ""ku mu""}, {""token"": ""nekh"", ""category"": ""informal_wolof"", ""selected_candidate"": ""neex"", ""final_correction"": ""neex""}, {""token"": ""rkk"", ""category"": ""informal_wolof"", ""selected_candidate"": ""rek"", ""final_correction"": ""rek""}, {""token"": ""lalal"", ""category"": ""wolof_formal"", ""selected_candidate"": ""lalal"", ""final_correction"": ""laalal""}, {""token"": ""j'aime"", ""category"": ""french_native"", ""selected_candidate"": ""j'aime"", ""final_correction"": ""j'aime""}]"
394,maman oumi fialika mon waron nk woudiou diam,maman jumi saalika sama aaron nak woudiou jàmm,maman oumi fialika moo waroon nekk wujj jàmm,keep,https://www.youtube.com/watch?v=Myd-Gg4Mhck,"[{""token"": ""maman"", ""category"": ""french_native"", ""selected_candidate"": ""maman"", ""final_correction"": ""maman""}, {""token"": ""oumi"", ""category"": ""informal_wolof"", ""selected_candidate"": ""oumi"", ""final_correction"": ""oumi""}, {""token"": ""fialika"", ""category"": ""informal_wolof"", ""selected_candidate"": ""fialika"", ""final_correction"": ""fialika""}, {""token"": ""mon"", ""category"": ""french_substituted"", ""selected_candidate"": ""sama"", ""final_correction"": ""moo""}, {""token"": ""waron"", ""category"": ""informal_wolof"", ""selected_candidate"": ""waroon"", ""final_correction"": ""waroon""}, {""token"": ""nk"", ""category"": ""informal_wolof"", ""selected_candidate"": ""nak"", ""final_correction"": ""nekk""}, {""token"": ""woudiou"", ""category"": ""informal_wolof"", ""selected_candidate"": ""woudiou"", ""final_correction"": ""wujj""}, {""token"": ""diam"", ""category"": ""ambiguous_cognate"", ""selected_candidate"": ""jàmm"", ""final_correction"": ""jàmm""}]"
395,wa cheikh tidian tamit loko dall bamoy and ak khady thiam nan appartement ki soof na deh,wa seex indian tamit joko dall bamay and ak khady caam nan appartement ki soof na dec,waa cheikh tidian tamit lu ko dal ba muy ànd ak khady thiam naan appartement ki soof na de,keep,https://www.youtube.com/watch?v=Myd-Gg4Mhck,"[{""token"": ""wa"", ""category"": ""ambiguous_cognate"", ""selected_candidate"": ""wa"", ""final_correction"": ""waa""}, {""token"": ""cheikh"", ""category"": ""french_substituted"", ""selected_candidate"": ""cheikh"", ""final_correction"": ""cheikh""}, {""token"": ""tidian"", ""category"": ""informal_wolof"", ""selected_candidate"": ""tidian"", ""final_correction"": ""tidian""}, {""token"": ""tamit"", ""category"": ""ambiguous_cognate"", ""selected_candidate"": ""tamit"", ""final_correction"": ""tamit""}, {""token"": ""loko"", ""category"": ""informal_wolof"", ""selected_candidate"": ""joko"", ""final_correction"": ""lu ko""}, {""token"": ""dall"", ""category"": ""wolof_formal"", ""selected_candidate"": ""dall"", ""final_correction"": ""dal""}, {""token"": ""bamoy"", ""category"": ""informal_wolof"", ""selected_candidate"": ""bamay"", ""final_correction"": ""ba muy""}, {""token"": ""and"", ""category"": ""ambiguous_cognate"", ""selected_candidate"": ""and"", ""final_correction"": ""ànd""}, {""token"": ""ak"", ""category"": ""ambiguous_cognate"", ""selected_candidate"": ""ak"", ""final_correction"": ""ak""}, {""token"": ""khady"", ""category"": ""informal_wolof"", ""selected_candidate"": ""khady"", ""final_correction"": ""khady""}, {""token"": ""thiam"", ""category"": ""french_substituted"", ""selected_candidate"": ""thiam"", ""final_correction"": ""thiam""}, {""token"": ""nan"", ""category"": ""ambiguous_cognate"", ""selected_candidate"": ""nan"", ""final_correction"": ""naan""}, {""token"": ""appartement"", ""category"": ""ambiguous_cognate"", ""selected_candidate"": ""appartement"", ""final_correction"": ""appartement""}, {""token"": ""ki"", ""category"": ""ambiguous_cognate"", ""selected_candidate"": ""ki"", ""final_correction"": ""ki""}, {""token"": ""soof"", ""category"": ""wolof_formal"", ""selected_candidate"": ""soof"", ""final_correction"": ""soof""}, {""token"": ""na"", ""category"": ""ambiguous_cognate"", ""selected_candidate"": ""na"", ""final_correction"": ""na""}, {""token"": ""deh"", ""category"": ""informal_wolof"", ""selected_candidate"": ""deh"", ""final_correction"": ""de""}]"
396,wa ki ni lagne koy bayi,waa ki ni lagnu koy bàyyi,waa ki ni lañ koy bàyyi,keep,https://www.youtube.com/watch?v=Myd-Gg4Mhck,"[{""token"": ""wa"", ""category"": ""ambiguous_cognate"", ""selected_candidate"": ""waa"", ""final_correction"": ""waa""}, {""token"": ""ki"", ""category"": ""ambiguous_cognate"", ""selected_candidate"": ""ki"", ""final_correction"": ""ki""}, {""token"": ""ni"", ""category"": ""ambiguous_cognate"", ""selected_candidate"": ""ni"", ""final_correction"": ""ni""}, {""token"": ""lagne"", ""category"": ""informal_wolof"", ""selected_candidate"": ""lañ"", ""final_correction"": ""lañ""}, {""token"": ""koy"", ""category"": ""ambiguous_cognate"", ""selected_candidate"": ""koy"", ""final_correction"": ""koy""}, {""token"": ""bayi"", ""category"": ""wolof_formal"", ""selected_candidate"": ""bàyyi"", ""final_correction"": ""bàyyi""}]"
397,weurseuk damay d ma oumy sincèrement weroul elle assure son rôle,wërsëg damay d maa oumy sincèrement werul elle assure son rôle,wërsëg damay dee ma oumy sincèrement wérul elle assure son rôle,keep,https://www.youtube.com/watch?v=Myd-Gg4Mhck,"[{""token"": ""weurseuk"", ""category"": ""informal_wolof"", ""selected_candidate"": ""wërsëg"", ""final_correction"": ""wërsëg""}, {""token"": ""damay"", ""category"": ""ambiguous_cognate"", ""selected_candidate"": ""damay"", ""final_correction"": ""damay""}, {""token"": ""d"", ""category"": ""ambiguous_cognate"", ""selected_candidate"": ""d"", ""final_correction"": ""dee""}, {""token"": ""ma"", ""category"": ""ambiguous_cognate"", ""selected_candidate"": ""maa"", ""final_correction"": ""ma""}, {""token"": ""oumy"", ""category"": ""informal_wolof"", ""selected_candidate"": ""oumy"", ""final_correction"": ""oumy""}, {""token"": ""sincèrement"", ""category"": ""french_native"", ""selected_candidate"": ""sincèrement"", ""final_correction"": ""sincèrement""}, {""token"": ""weroul"", ""category"": ""informal_wolof"", ""selected_candidate"": ""wérul"", ""final_correction"": ""wérul""}, {""token"": ""elle"", ""category"": ""ambiguous_cognate"", ""selected_candidate"": ""elle"", ""final_correction"": ""elle""}, {""token"": ""assure"", ""category"": ""french_native"", ""selected_candidate"": ""assure"", ""final_correction"": ""assure""}, {""token"": ""son"", ""category"": ""ambiguous_cognate"", ""selected_candidate"": ""son"", ""final_correction"": ""son""}, {""token"": ""rôle"", ""category"": ""ambiguous_cognate"", ""selected_candidate"": ""rôle"", ""final_correction"": ""rôle""}]"
398,maman oumy motakhe dotouma sétane babel ndakh bari wakhe,maman oumy motakhe doonuma sétan babel ndax bari wax,maman oumy moo tax dootu ma seetaan babel ndax bari wax,keep,https://www.youtube.com/watch?v=Myd-Gg4Mhck,"[{""token"": ""maman"", ""category"": ""french_native"", ""selected_candidate"": ""maman"", ""final_correction"": ""maman""}, {""token"": ""oumy"", ""category"": ""informal_wolof"", ""selected_candidate"": ""oumy"", ""final_correction"": ""oumy""}, {""token"": ""motakhe"", ""category"": ""informal_wolof"", ""selected_candidate"": ""motakhe"", ""final_correction"": ""moo tax""}, {""token"": ""dotouma"", ""category"": ""informal_wolof"", ""selected_candidate"": ""dootuma"", ""final_correction"": ""dootu ma""}, {""token"": ""sétane"", ""category"": ""informal_wolof"", ""selected_candidate"": ""sétan"", ""final_correction"": ""seetaan""}, {""token"": ""babel"", ""category"": ""french_native"", ""selected_candidate"": ""babel"", ""final_correction"": ""babel""}, {""token"": ""ndakh"", ""category"": ""informal_wolof"", ""selected_candidate"": ""ndax"", ""final_correction"": ""ndax""}, {""token"": ""bari"", ""category"": ""ambiguous_cognate"", ""selected_candidate"": ""bari"", ""final_correction"": ""bari""}, {""token"": ""wakhe"", ""category"": ""informal_wolof"", ""selected_candidate"": ""wax"", ""final_correction"": ""wax""}]"
400,mane ma degoul wala nidiay mor bb la wowé maréme,man maa degul wala nijaay mor bb lay wowe maree,man maa déggul wala nijaay mor bb la woowe maréme,keep,https://www.youtube.com/watch?v=Myd-Gg4Mhck,"[{""token"": ""mane"", ""category"": ""ambiguous_cognate"", ""selected_candidate"": ""man"", ""final_correction"": ""man""}, {""token"": ""ma"", ""category"": ""ambiguous_cognate"", ""selected_candidate"": ""maa"", ""final_correction"": ""maa""}, {""token"": ""degoul"", ""category"": ""informal_wolof"", ""selected_candidate"": ""déggul"", ""final_correction"": ""déggul""}, {""token"": ""wala"", ""category"": ""ambiguous_cognate"", ""selected_candidate"": ""wala"", ""final_correction"": ""wala""}, {""token"": ""nidiay"", ""category"": ""informal_wolof"", ""selected_candidate"": ""nijaay"", ""final_correction"": ""nijaay""}, {""token"": ""mor"", ""category"": ""french_native"", ""selected_candidate"": ""mor"", ""final_correction"": ""mor""}, {""token"": ""bb"", ""category"": ""wolof_formal"", ""selected_candidate"": ""bb"", ""final_correction"": ""bb""}, {""token"": ""la"", ""category"": ""ambiguous_cognate"", ""selected_candidate"": ""la"", ""final_correction"": ""la""}, {""token"": ""wowé"", ""category"": ""informal_wolof"", ""selected_candidate"": ""wowe"", ""final_correction"": ""woowe""}, {""token"": ""maréme"", ""category"": ""informal_wolof"", ""selected_candidate"": ""maréme"", ""final_correction"": ""maréme""}]"
402,bb marém key wa dialy ka sa fourno keurigne lay dieul,bb maree key waa dialy ka sa furno këriñ lay dieul,bb marém key waa dialy ka sa furno këriñ lay jél,keep,https://www.youtube.com/watch?v=Myd-Gg4Mhck,"[{""token"": ""bb"", ""category"": ""wolof_formal"", ""selected_candidate"": ""bb"", ""final_correction"": ""bb""}, {""token"": ""marém"", ""category"": ""informal_wolof"", ""selected_candidate"": ""marém"", ""final_correction"": ""marém""}, {""token"": ""key"", ""category"": ""wolof_formal"", ""selected_candidate"": ""key"", ""final_correction"": ""key""}, {""token"": ""wa"", ""category"": ""ambiguous_cognate"", ""selected_candidate"": ""waa"", ""final_correction"": ""waa""}, {""token"": ""dialy"", ""category"": ""informal_wolof"", ""selected_candidate"": ""dialy"", ""final_correction"": ""dialy""}, {""token"": ""ka"", ""category"": ""ambiguous_cognate"", ""selected_candidate"": ""ka"", ""final_correction"": ""ka""}, {""token"": ""sa"", ""category"": ""ambiguous_cognate"", ""selected_candidate"": ""sa"", ""final_correction"": ""sa""}, {""token"": ""fourno"", ""category"": ""informal_wolof"", ""selected_candidate"": ""furno"", ""final_correction"": ""furno""}, {""token"": ""keurigne"", ""category"": ""informal_wolof"", ""selected_candidate"": ""këriñ"", ""final_correction"": ""këriñ""}, {""token"": ""lay"", ""category"": ""ambiguous_cognate"", ""selected_candidate"": ""lay"", ""final_correction"": ""lay""}, {""token"": ""dieul"", ""category"": ""wolof_formal"", ""selected_candidate"": ""dieul"", ""final_correction"": ""jél""}]"
403,"waa yen degue nguen ""bb mary"" bou nidiay mor, mdr",waa yen degre ngeen bb mary bou nijaay mor mdr,waa yeen dégg ngeen bb mary bu nijaay mor mdr,keep,https://www.youtube.com/watch?v=Myd-Gg4Mhck,"[{""token"": ""waa"", ""category"": ""ambiguous_cognate"", ""selected_candidate"": ""waa"", ""final_correction"": ""waa""}, {""token"": ""yen"", ""category"": ""ambiguous_cognate"", ""selected_candidate"": ""yen"", ""final_correction"": ""yeen""}, {""token"": ""degue"", ""category"": ""informal_wolof"", ""selected_candidate"": ""dégge"", ""final_correction"": ""dégg""}, {""token"": ""nguen"", ""category"": ""informal_wolof"", ""selected_candidate"": ""ngeen"", ""final_correction"": ""ngeen""}, {""token"": ""bb"", ""category"": ""wolof_formal"", ""selected_candidate"": ""bb"", ""final_correction"": ""bb""}, {""token"": ""mary"", ""category"": ""ambiguous_cognate"", ""selected_candidate"": ""mary"", ""final_correction"": ""mary""}, {""token"": ""bou"", ""category"": ""ambiguous_cognate"", ""selected_candidate"": ""bou"", ""final_correction"": ""bu""}, {""token"": ""nidiay"", ""category"": ""informal_wolof"", ""selected_candidate"": ""nijaay"", ""final_correction"": ""nijaay""}, {""token"": ""mor"", ""category"": ""french_native"", ""selected_candidate"": ""mor"", ""final_correction"": ""mor""}, {""token"": ""mdr"", ""category"": ""ambiguous_cognate"", ""selected_candidate"": ""mdr"", ""final_correction"": ""mdr""}]"
405,mais mère omou tamit lé ba diamm le nak ‍️,mais mère mou tamit lé ba damm le nak,mais mère omou tamit lé ba jàmm la nak,keep,https://www.youtube.com/watch?v=Myd-Gg4Mhck,"[{""token"": ""mais"", ""category"": ""ambiguous_cognate"", ""selected_candidate"": ""mais"", ""final_correction"": ""mais""}, {""token"": ""mère"", ""category"": ""ambiguous_cognate"", ""selected_candidate"": ""mère"", ""final_correction"": ""mère""}, {""token"": ""omou"", ""category"": ""informal_wolof"", ""selected_candidate"": ""omou"", ""final_correction"": ""omou""}, {""token"": ""tamit"", ""category"": ""ambiguous_cognate"", ""selected_candidate"": ""tamit"", ""final_correction"": ""tamit""}, {""token"": ""lé"", ""category"": ""french_native"", ""selected_candidate"": ""lé"", ""final_correction"": ""lé""}, {""token"": ""ba"", ""category"": ""ambiguous_cognate"", ""selected_candidate"": ""ba"", ""final_correction"": ""ba""}, {""token"": ""diamm"", ""category"": ""informal_wolof"", ""selected_candidate"": ""damm"", ""final_correction"": ""jàmm""}, {""token"": ""le"", ""category"": ""ambiguous_cognate"", ""selected_candidate"": ""le"", ""final_correction"": ""la""}, {""token"": ""nak"", ""category"": ""ambiguous_cognate"", ""selected_candidate"": ""nak"", ""final_correction"": ""nak""}]"
409,marichou yaw mome boumala diapé dotoko defaty ngay layam layami ni sim,marichou yow moom boumala dippe dooko defati ngay layam laayami ni sim,marichou yow moom bu ma la jàppe doo too ko defati ngay layam layami ni sim,keep,https://www.youtube.com/watch?v=Myd-Gg4Mhck,"[{""token"": ""marichou"", ""category"": ""informal_wolof"", ""selected_candidate"": ""marichou"", ""final_correction"": ""marichou""}, {""token"": ""yaw"", ""category"": ""ambiguous_cognate"", ""selected_candidate"": ""yaw"", ""final_correction"": ""yow""}, {""token"": ""mome"", ""category"": ""informal_wolof"", ""selected_candidate"": ""moom"", ""final_correction"": ""moom""}, {""token"": ""boumala"", ""category"": ""informal_wolof"", ""selected_candidate"": ""boumala"", ""final_correction"": ""bu ma la""}, {""token"": ""diapé"", ""category"": ""informal_wolof"", ""selected_candidate"": ""dippe"", ""final_correction"": ""jàppe""}, {""token"": ""dotoko"", ""category"": ""informal_wolof"", ""selected_candidate"": ""dooko"", ""final_correction"": ""doo too ko""}, {""token"": ""defaty"", ""category"": ""informal_wolof"", ""selected_candidate"": ""defati"", ""final_correction"": ""defati""}, {""token"": ""ngay"", ""category"": ""ambiguous_cognate"", ""selected_candidate"": ""ngay"", ""final_correction"": ""ngay""}, {""token"": ""layam"", ""category"": ""wolof_formal"", ""selected_candidate"": ""layam"", ""final_correction"": ""layam""}, {""token"": ""layami"", ""category"": ""informal_wolof"", ""selected_candidate"": ""laayami"", ""final_correction"": ""layami""}, {""token"": ""ni"", ""category"": ""ambiguous_cognate"", ""selected_candidate"": ""ni"", ""final_correction"": ""ni""}, {""token"": ""sim"", ""category"": ""wolof_formal"", ""selected_candidate"": ""sim"", ""final_correction"": ""sim""}]"
415,waa ndidiay mor bb mareme la wax,waa ndijaay mor bb maree lay wax,waa nijaay mor bb mareme la wax,keep,https://www.youtube.com/watch?v=Myd-Gg4Mhck,"[{""token"": ""waa"", ""category"": ""ambiguous_cognate"", ""selected_candidate"": ""waa"", ""final_correction"": ""waa""}, {""token"": ""ndidiay"", ""category"": ""informal_wolof"", ""selected_candidate"": ""ndijaay"", ""final_correction"": ""nijaay""}, {""token"": ""mor"", ""category"": ""french_native"", ""selected_candidate"": ""mor"", ""final_correction"": ""mor""}, {""token"": ""bb"", ""category"": ""wolof_formal"", ""selected_candidate"": ""bb"", ""final_correction"": ""bb""}, {""token"": ""mareme"", ""category"": ""informal_wolof"", ""selected_candidate"": ""mareme"", ""final_correction"": ""mareme""}, {""token"": ""la"", ""category"": ""ambiguous_cognate"", ""selected_candidate"": ""la"", ""final_correction"": ""la""}, {""token"": ""wax"", ""category"": ""ambiguous_cognate"", ""selected_candidate"": ""wax"", ""final_correction"": ""wax""}]"
424,maréme thiam nak béteu nama bayil khalé seuy tamite pourquoi mère yi beugue di initié wou de trop thi seneu seuyou doom yi tamite c'est trop waay,maree caam nak béteu na ma bayil hale seey tamit tax mère yi bëgg di initié bou dee trop ci sentu soukou doom yi tamit c'est trop waay,maréme thiam nak bett na ma bàyyil xale séy tamit pourquoi mère yi bëgg di initié wu de trop ci seen séyu doom yi tamit c'est trop waay,keep,https://www.youtube.com/watch?v=Myd-Gg4Mhck,"[{""token"": ""maréme"", ""category"": ""informal_wolof"", ""selected_candidate"": ""maréme"", ""final_correction"": ""maréme""}, {""token"": ""thiam"", ""category"": ""french_substituted"", ""selected_candidate"": ""thiam"", ""final_correction"": ""thiam""}, {""token"": ""nak"", ""category"": ""ambiguous_cognate"", ""selected_candidate"": ""nak"", ""final_correction"": ""nak""}, {""token"": ""béteu"", ""category"": ""informal_wolof"", ""selected_candidate"": ""béteu"", ""final_correction"": ""bett""}, {""token"": ""nama"", ""category"": ""ambiguous_cognate"", ""selected_candidate"": ""na ma"", ""final_correction"": ""na ma""}, {""token"": ""bayil"", ""category"": ""wolof_formal"", ""selected_candidate"": ""bayil"", ""final_correction"": ""bàyyil""}, {""token"": ""khalé"", ""category"": ""informal_wolof"", ""selected_candidate"": ""xale"", ""final_correction"": ""xale""}, {""token"": ""seuy"", ""category"": ""informal_wolof"", ""selected_candidate"": ""seey"", ""final_correction"": ""séy""}, {""token"": ""tamite"", ""category"": ""informal_wolof"", ""selected_candidate"": ""tamit"", ""final_correction"": ""tamit""}, {""token"": ""pourquoi"", ""category"": ""french_substituted"", ""selected_candidate"": ""pourquoi"", ""final_correction"": ""pourquoi""}, {""token"": ""mère"", ""category"": ""ambiguous_cognate"", ""selected_candidate"": ""mère"", ""final_correction"": ""mère""}, {""token"": ""yi"", ""category"": ""ambiguous_cognate"", ""selected_candidate"": ""yi"", ""final_correction"": ""yi""}, {""token"": ""beugue"", ""category"": ""french_native"", ""selected_candidate"": ""bëgg"", ""final_correction"": ""bëgg""}, {""token"": ""di"", ""category"": ""ambiguous_cognate"", ""selected_candidate"": ""di"", ""final_correction"": ""di""}, {""token"": ""initié"", ""category"": ""french_native"", ""selected_candidate"": ""initié"", ""final_correction"": ""initié""}, {""token"": ""wou"", ""category"": ""informal_wolof"", ""selected_candidate"": ""wou"", ""final_correction"": ""wu""}, {""token"": ""de"", ""category"": ""ambiguous_cognate"", ""selected_candidate"": ""de"", ""final_correction"": ""de""}, {""token"": ""trop"", ""category"": ""french_native"", ""selected_candidate"": ""trop"", ""final_correction"": ""trop""}, {""token"": ""thi"", ""category"": ""french_native"", ""selected_candidate"": ""ci"", ""final_correction"": ""ci""}, {""token"": ""seneu"", ""category"": ""informal_wolof"", ""selected_candidate"": ""sentu"", ""final_correction"": ""seen""}, {""token"": ""seuyou"", ""category"": ""informal_wolof"", ""selected_candidate"": ""soukou"", ""final_correction"": ""séyu""}, {""token"": ""doom"", ""category"": ""ambiguous_cognate"", ""selected_candidate"": ""doom"", ""final_correction"": ""doom""}, {""token"": ""yi"", ""category"": ""ambiguous_cognate"", ""selected_candidate"": ""yi"", ""final_correction"": ""yi""}, {""token"": ""tamite"", ""category"": ""informal_wolof"", ""selected_candidate"": ""tamit"", ""final_correction"": ""tamit""}, {""token"": ""c'est"", ""category"": ""french_native"", ""selected_candidate"": ""c'est"", ""final_correction"": ""c'est""}, {""token"": ""trop"", ""category"": ""french_native"", ""selected_candidate"": ""trop"", ""final_correction"": ""trop""}, {""token"": ""waay"", ""category"": ""wolof_formal"", ""selected_candidate"": ""waay"", ""final_correction"": ""waay""}]"
437,sokhna dialika inaf waay lane moy yalla na rees ak diam té ga reesalko mome miko lekk bouko reessaloul koukoy reessal,soxna saalika inaf waay lan mooy yalla na rees ak jàmm té ga reesalko moom biko lekk booko reessaloul kukoy reesal,sokhna dialika inaf waay lan mooy yalla na rees ak jàmm te nga reesal ko moom mii ko lekk bu ko reesalul ku koy reesal,keep,https://www.youtube.com/watch?v=Myd-Gg4Mhck,"[{""token"": ""sokhna"", ""category"": ""french_substituted"", ""selected_candidate"": ""sokhna"", ""final_correction"": ""sokhna""}, {""token"": ""dialika"", ""category"": ""informal_wolof"", ""selected_candidate"": ""dialika"", ""final_correction"": ""dialika""}, {""token"": ""inaf"", ""category"": ""informal_wolof"", ""selected_candidate"": ""inaf"", ""final_correction"": ""inaf""}, {""token"": ""waay"", ""category"": ""wolof_formal"", ""selected_candidate"": ""waay"", ""final_correction"": ""waay""}, {""token"": ""lane"", ""category"": ""wolof_formal"", ""selected_candidate"": ""lan"", ""final_correction"": ""lan""}, {""token"": ""moy"", ""category"": ""wolof_formal"", ""selected_candidate"": ""mooy"", ""final_correction"": ""mooy""}, {""token"": ""yalla"", ""category"": ""ambiguous_cognate"", ""selected_candidate"": ""yalla"", ""final_correction"": ""yalla""}, {""token"": ""na"", ""category"": ""ambiguous_cognate"", ""selected_candidate"": ""na"", ""final_correction"": ""na""}, {""token"": ""rees"", ""category"": ""wolof_formal"", ""selected_candidate"": ""rees"", ""final_correction"": ""rees""}, {""token"": ""ak"", ""category"": ""ambiguous_cognate"", ""selected_candidate"": ""ak"", ""final_correction"": ""ak""}, {""token"": ""diam"", ""category"": ""ambiguous_cognate"", ""selected_candidate"": ""jàmm"", ""final_correction"": ""jàmm""}, {""token"": ""té"", ""category"": ""ambiguous_cognate"", ""selected_candidate"": ""té"", ""final_correction"": ""te""}, {""token"": ""ga"", ""category"": ""ambiguous_cognate"", ""selected_candidate"": ""ga"", ""final_correction"": ""nga""}, {""token"": ""reesalko"", ""category"": ""informal_wolof"", ""selected_candidate"": ""reesalko"", ""final_correction"": ""reesal ko""}, {""token"": ""mome"", ""category"": ""informal_wolof"", ""selected_candidate"": ""moom"", ""final_correction"": ""moom""}, {""token"": ""miko"", ""category"": ""informal_wolof"", ""selected_candidate"": ""biko"", ""final_correction"": ""mii ko""}, {""token"": ""lekk"", ""category"": ""wolof_formal"", ""selected_candidate"": ""lekk"", ""final_correction"": ""lekk""}, {""token"": ""bouko"", ""category"": ""informal_wolof"", ""selected_candidate"": ""booko"", ""final_correction"": ""bu ko""}, {""token"": ""reessaloul"", ""category"": ""informal_wolof"", ""selected_candidate"": ""reessaloul"", ""final_correction"": ""reesalul""}, {""token"": ""koukoy"", ""category"": ""informal_wolof"", ""selected_candidate"": ""kukoy"", ""final_correction"": ""ku koy""}, {""token"": ""reessal"", ""category"": ""informal_wolof"", ""selected_candidate"": ""reesal"", ""final_correction"": ""reesal""}]"
452,nn li yalla nk ay guent wy,an li yalla nek ay gént ay,nn li yalla nekk ay gént waay,keep,https://www.youtube.com/watch?v=Myd-Gg4Mhck,"[{""token"": ""nn"", ""category"": ""informal_wolof"", ""selected_candidate"": ""nn"", ""final_correction"": ""nn""}, {""token"": ""li"", ""category"": ""ambiguous_cognate"", ""selected_candidate"": ""li"", ""final_correction"": ""li""}, {""token"": ""yalla"", ""category"": ""ambiguous_cognate"", ""selected_candidate"": ""yalla"", ""final_correction"": ""yalla""}, {""token"": ""nk"", ""category"": ""informal_wolof"", ""selected_candidate"": ""nek"", ""final_correction"": ""nekk""}, {""token"": ""ay"", ""category"": ""ambiguous_cognate"", ""selected_candidate"": ""ay"", ""final_correction"": ""ay""}, {""token"": ""guent"", ""category"": ""informal_wolof"", ""selected_candidate"": ""gént"", ""final_correction"": ""gént""}, {""token"": ""wy"", ""category"": ""informal_wolof"", ""selected_candidate"": ""ay"", ""final_correction"": ""waay""}]"
453,ma oumy bu ubè haut parleur bi rk sma xol bi diekh,maa oumy bu ube haut parleur bi rek sma xol bi diokh,ma oumy bu ube haut parleur bi rek sama xol bi jeex,keep,https://www.youtube.com/watch?v=Myd-Gg4Mhck,"[{""token"": ""ma"", ""category"": ""ambiguous_cognate"", ""selected_candidate"": ""ma"", ""final_correction"": ""ma""}, {""token"": ""oumy"", ""category"": ""informal_wolof"", ""selected_candidate"": ""oumy"", ""final_correction"": ""oumy""}, {""token"": ""bu"", ""category"": ""ambiguous_cognate"", ""selected_candidate"": ""bu"", ""final_correction"": ""bu""}, {""token"": ""ubè"", ""category"": ""informal_wolof"", ""selected_candidate"": ""ube"", ""final_correction"": ""ube""}, {""token"": ""haut"", ""category"": ""ambiguous_cognate"", ""selected_candidate"": ""haut"", ""final_correction"": ""haut""}, {""token"": ""parleur"", ""category"": ""french_native"", ""selected_candidate"": ""parleur"", ""final_correction"": ""parleur""}, {""token"": ""bi"", ""category"": ""ambiguous_cognate"", ""selected_candidate"": ""bi"", ""final_correction"": ""bi""}, {""token"": ""rk"", ""category"": ""informal_wolof"", ""selected_candidate"": ""rek"", ""final_correction"": ""rek""}, {""token"": ""sma"", ""category"": ""ambiguous_cognate"", ""selected_candidate"": ""sma"", ""final_correction"": ""sama""}, {""token"": ""xol"", ""category"": ""wolof_formal"", ""selected_candidate"": ""xol"", ""final_correction"": ""xol""}, {""token"": ""bi"", ""category"": ""ambiguous_cognate"", ""selected_candidate"": ""bi"", ""final_correction"": ""bi""}, {""token"": ""diekh"", ""category"": ""informal_wolof"", ""selected_candidate"": ""jeex"", ""final_correction"": ""jeex""}]"
454,maman oumy mo sof rek ta bari wakh ak lamine bou rey bi kou d'accord,maman oumy moo soof rek te bari wax ak lamin bou rey bi ku d'accord,maman oumy moo soof rek te bari wax ak làmmiñ bu réy bi ku d'accord,keep,https://www.youtube.com/watch?v=Myd-Gg4Mhck,"[{""token"": ""maman"", ""category"": ""french_native"", ""selected_candidate"": ""maman"", ""final_correction"": ""maman""}, {""token"": ""oumy"", ""category"": ""informal_wolof"", ""selected_candidate"": ""oumy"", ""final_correction"": ""oumy""}, {""token"": ""mo"", ""category"": ""ambiguous_cognate"", ""selected_candidate"": ""moo"", ""final_correction"": ""moo""}, {""token"": ""sof"", ""category"": ""wolof_formal"", ""selected_candidate"": ""soof"", ""final_correction"": ""soof""}, {""token"": ""rek"", ""category"": ""ambiguous_cognate"", ""selected_candidate"": ""rek"", ""final_correction"": ""rek""}, {""token"": ""ta"", ""category"": ""ambiguous_cognate"", ""selected_candidate"": ""te"", ""final_correction"": ""te""}, {""token"": ""bari"", ""category"": ""ambiguous_cognate"", ""selected_candidate"": ""bari"", ""final_correction"": ""bari""}, {""token"": ""wakh"", ""category"": ""french_native"", ""selected_candidate"": ""wax"", ""final_correction"": ""wax""}, {""token"": ""ak"", ""category"": ""ambiguous_cognate"", ""selected_candidate"": ""ak"", ""final_correction"": ""ak""}, {""token"": ""lamine"", ""category"": ""french_substituted"", ""selected_candidate"": ""lamin"", ""final_correction"": ""làmmiñ""}, {""token"": ""bou"", ""category"": ""ambiguous_cognate"", ""selected_candidate"": ""bou"", ""final_correction"": ""bu""}, {""token"": ""rey"", ""category"": ""wolof_formal"", ""selected_candidate"": ""rey"", ""final_correction"": ""réy""}, {""token"": ""bi"", ""category"": ""ambiguous_cognate"", ""selected_candidate"": ""bi"", ""final_correction"": ""bi""}, {""token"": ""kou"", ""category"": ""informal_wolof"", ""selected_candidate"": ""ku"", ""final_correction"": ""ku""}, {""token"": ""d'accord"", ""category"": ""french_native"", ""selected_candidate"": ""d'accord"", ""final_correction"": ""d'accord""}]"
455,ma ouma mome yalla dako sakk pour moumaye nakharal,maa buma moom yalla dako sakk mu may moomale naqaral,ma ouma moom yalla da koo sàkk pour mu may naqaral,keep,https://www.youtube.com/watch?v=Myd-Gg4Mhck,"[{""token"": ""ma"", ""category"": ""ambiguous_cognate"", ""selected_candidate"": ""ma"", ""final_correction"": ""ma""}, {""token"": ""ouma"", ""category"": ""informal_wolof"", ""selected_candidate"": ""ouma"", ""final_correction"": ""ouma""}, {""token"": ""mome"", ""category"": ""informal_wolof"", ""selected_candidate"": ""moom"", ""final_correction"": ""moom""}, {""token"": ""yalla"", ""category"": ""ambiguous_cognate"", ""selected_candidate"": ""yalla"", ""final_correction"": ""yalla""}, {""token"": ""dako"", ""category"": ""wolof_formal"", ""selected_candidate"": ""dako"", ""final_correction"": ""da koo""}, {""token"": ""sakk"", ""category"": ""wolof_formal"", ""selected_candidate"": ""sakk"", ""final_correction"": ""sàkk""}, {""token"": ""pour"", ""category"": ""ambiguous_cognate"", ""selected_candidate"": ""pour"", ""final_correction"": ""pour""}, {""token"": ""moumaye"", ""category"": ""informal_wolof"", ""selected_candidate"": ""moomale"", ""final_correction"": ""mu may""}, {""token"": ""nakharal"", ""category"": ""informal_wolof"", ""selected_candidate"": ""naqaral"", ""final_correction"": ""naqaral""}]"
457,nidiaye mor neina bébé mareme wouy,nijaay mor nee na bébé maree wuy,nijaay mor nee na bébé mareme wuy,keep,https://www.youtube.com/watch?v=Myd-Gg4Mhck,"[{""token"": ""nidiaye"", ""category"": ""informal_wolof"", ""selected_candidate"": ""nijaay"", ""final_correction"": ""nijaay""}, {""token"": ""mor"", ""category"": ""french_native"", ""selected_candidate"": ""mor"", ""final_correction"": ""mor""}, {""token"": ""neina"", ""category"": ""informal_wolof"", ""selected_candidate"": ""nee na"", ""final_correction"": ""nee na""}, {""token"": ""bébé"", ""category"": ""french_native"", ""selected_candidate"": ""bébé"", ""final_correction"": ""bébé""}, {""token"": ""mareme"", ""category"": ""informal_wolof"", ""selected_candidate"": ""maree"", ""final_correction"": ""mareme""}, {""token"": ""wouy"", ""category"": ""informal_wolof"", ""selected_candidate"": ""wuy"", ""final_correction"": ""wuy""}]"
458,bb mareme bi nak kene dou si wakh magui deh,bb maree bi nak bene dou ci wax magui de,bb mareme bi nak kenn du si wax ma ngi dee,keep,https://www.youtube.com/watch?v=Myd-Gg4Mhck,"[{""token"": ""bb"", ""category"": ""wolof_formal"", ""selected_candidate"": ""bb"", ""final_correction"": ""bb""}, {""token"": ""mareme"", ""category"": ""informal_wolof"", ""selected_candidate"": ""mareme"", ""final_correction"": ""mareme""}, {""token"": ""bi"", ""category"": ""ambiguous_cognate"", ""selected_candidate"": ""bi"", ""final_correction"": ""bi""}, {""token"": ""nak"", ""category"": ""ambiguous_cognate"", ""selected_candidate"": ""nak"", ""final_correction"": ""nak""}, {""token"": ""kene"", ""category"": ""informal_wolof"", ""selected_candidate"": ""kene"", ""final_correction"": ""kenn""}, {""token"": ""dou"", ""category"": ""french_native"", ""selected_candidate"": ""dou"", ""final_correction"": ""du""}, {""token"": ""si"", ""category"": ""ambiguous_cognate"", ""selected_candidate"": ""ci"", ""final_correction"": ""si""}, {""token"": ""wakh"", ""category"": ""french_native"", ""selected_candidate"": ""wax"", ""final_correction"": ""wax""}, {""token"": ""magui"", ""category"": ""wolof_formal"", ""selected_candidate"": ""magui"", ""final_correction"": ""ma ngi""}, {""token"": ""deh"", ""category"": ""informal_wolof"", ""selected_candidate"": ""de"", ""final_correction"": ""dee""}]"
462,wouyoul pabi nané cheikh tidiane kharal ma wakh ak bb,woyoful nabi nana seex tiijaan baaral maa wax ak bb,wuyul paa bi ne na cheikh tidiane xaaral ma wax ak bb,keep,https://www.youtube.com/watch?v=Myd-Gg4Mhck,"[{""token"": ""wouyoul"", ""category"": ""informal_wolof"", ""selected_candidate"": ""wuyyul"", ""final_correction"": ""wuyul""}, {""token"": ""pabi"", ""category"": ""informal_wolof"", ""selected_candidate"": ""nabi"", ""final_correction"": ""paa bi""}, {""token"": ""nané"", ""category"": ""informal_wolof"", ""selected_candidate"": ""nana"", ""final_correction"": ""ne na""}, {""token"": ""cheikh"", ""category"": ""french_substituted"", ""selected_candidate"": ""cheikh"", ""final_correction"": ""cheikh""}, {""token"": ""tidiane"", ""category"": ""french_substituted"", ""selected_candidate"": ""tidiane"", ""final_correction"": ""tidiane""}, {""token"": ""kharal"", ""category"": ""informal_wolof"", ""selected_candidate"": ""baaral"", ""final_correction"": ""xaaral""}, {""token"": ""ma"", ""category"": ""ambiguous_cognate"", ""selected_candidate"": ""ma"", ""final_correction"": ""ma""}, {""token"": ""wakh"", ""category"": ""french_native"", ""selected_candidate"": ""wax"", ""final_correction"": ""wax""}, {""token"": ""ak"", ""category"": ""ambiguous_cognate"", ""selected_candidate"": ""ak"", ""final_correction"": ""ak""}, {""token"": ""bb"", ""category"": ""wolof_formal"", ""selected_candidate"": ""bb"", ""final_correction"": ""bb""}]"
471,dangay sett li rek li yallz boumou diekh way,dangay bett li rek li yalla dougou jeex waay,da ngay seet li rek li yalla bu mu jeex waay,keep,https://www.youtube.com/watch?v=Myd-Gg4Mhck,"[{""token"": ""dangay"", ""category"": ""ambiguous_cognate"", ""selected_candidate"": ""dangay"", ""final_correction"": ""da ngay""}, {""token"": ""sett"", ""category"": ""informal_wolof"", ""selected_candidate"": ""bett"", ""final_correction"": ""seet""}, {""token"": ""li"", ""category"": ""ambiguous_cognate"", ""selected_candidate"": ""li"", ""final_correction"": ""li""}, {""token"": ""rek"", ""category"": ""ambiguous_cognate"", ""selected_candidate"": ""rek"", ""final_correction"": ""rek""}, {""token"": ""li"", ""category"": ""ambiguous_cognate"", ""selected_candidate"": ""li"", ""final_correction"": ""li""}, {""token"": ""yallz"", ""category"": ""informal_wolof"", ""selected_candidate"": ""yalla"", ""final_correction"": ""yalla""}, {""token"": ""boumou"", ""category"": ""informal_wolof"", ""selected_candidate"": ""dougou"", ""final_correction"": ""bu mu""}, {""token"": ""diekh"", ""category"": ""informal_wolof"", ""selected_candidate"": ""jeex"", ""final_correction"": ""jeex""}, {""token"": ""way"", ""category"": ""wolof_formal"", ""selected_candidate"": ""waay"", ""final_correction"": ""waay""}]"
472,goné gui meuna jouer,gone gui meuna jouer,gone gi mëna jouer,keep,https://www.youtube.com/watch?v=Myd-Gg4Mhck,"[{""token"": ""goné"", ""category"": ""informal_wolof"", ""selected_candidate"": ""gone"", ""final_correction"": ""gone""}, {""token"": ""gui"", ""category"": ""ambiguous_cognate"", ""selected_candidate"": ""gui"", ""final_correction"": ""gi""}, {""token"": ""meuna"", ""category"": ""wolof_formal"", ""selected_candidate"": ""meuna"", ""final_correction"": ""mëna""}, {""token"": ""jouer"", ""category"": ""ambiguous_cognate"", ""selected_candidate"": ""jouer"", ""final_correction"": ""jouer""}]"
474,sen couple sakh nekhoul,sen jabar sax nekkul,sen couple sax neexul,keep,https://www.youtube.com/watch?v=Myd-Gg4Mhck,"[{""token"": ""sen"", ""category"": ""ambiguous_cognate"", ""selected_candidate"": ""sen"", ""final_correction"": ""sen""}, {""token"": ""couple"", ""category"": ""french_substituted"", ""selected_candidate"": ""couple"", ""final_correction"": ""couple""}, {""token"": ""sakh"", ""category"": ""informal_wolof"", ""selected_candidate"": ""sax"", ""final_correction"": ""sax""}, {""token"": ""nekhoul"", ""category"": ""informal_wolof"", ""selected_candidate"": ""neexul"", ""final_correction"": ""neexul""}]"
476,diguéne fékhé ba forcer gnou sokhna dialika,diglena fekke ba forcer gnou soxna saalika,di ngeen fexe ba forcer ñu sokhna dialika,keep,https://www.youtube.com/watch?v=Myd-Gg4Mhck,"[{""token"": ""diguéne"", ""category"": ""informal_wolof"", ""selected_candidate"": ""diglena"", ""final_correction"": ""di ngeen""}, {""token"": ""fékhé"", ""category"": ""informal_wolof"", ""selected_candidate"": ""fekke"", ""final_correction"": ""fexe""}, {""token"": ""ba"", ""category"": ""ambiguous_cognate"", ""selected_candidate"": ""ba"", ""final_correction"": ""ba""}, {""token"": ""forcer"", ""category"": ""french_native"", ""selected_candidate"": ""forcer"", ""final_correction"": ""forcer""}, {""token"": ""gnou"", ""category"": ""french_native"", ""selected_candidate"": ""gnou"", ""final_correction"": ""ñu""}, {""token"": ""sokhna"", ""category"": ""french_substituted"", ""selected_candidate"": ""soxna"", ""final_correction"": ""sokhna""}, {""token"": ""dialika"", ""category"": ""informal_wolof"", ""selected_candidate"": ""dialika"", ""final_correction"": ""dialika""}]"
487,pour la premiére fois ma bagne marichou si serié,mu may lay première fois maa bagne marichou ci série,pour la première fois ma bañ marichou si série,keep,https://www.youtube.com/watch?v=Myd-Gg4Mhck,"[{""token"": ""pour"", ""category"": ""ambiguous_cognate"", ""selected_candidate"": ""pour"", ""final_correction"": ""pour""}, {""token"": ""la"", ""category"": ""ambiguous_cognate"", ""selected_candidate"": ""la"", ""final_correction"": ""la""}, {""token"": ""premiére"", ""category"": ""informal_wolof"", ""selected_candidate"": ""première"", ""final_correction"": ""première""}, {""token"": ""fois"", ""category"": ""french_native"", ""selected_candidate"": ""fois"", ""final_correction"": ""fois""}, {""token"": ""ma"", ""category"": ""ambiguous_cognate"", ""selected_candidate"": ""ma"", ""final_correction"": ""ma""}, {""token"": ""bagne"", ""category"": ""french_native"", ""selected_candidate"": ""bagne"", ""final_correction"": ""bañ""}, {""token"": ""marichou"", ""category"": ""informal_wolof"", ""selected_candidate"": ""marichou"", ""final_correction"": ""marichou""}, {""token"": ""si"", ""category"": ""ambiguous_cognate"", ""selected_candidate"": ""ci"", ""final_correction"": ""si""}, {""token"": ""serié"", ""category"": ""informal_wolof"", ""selected_candidate"": ""série"", ""final_correction"": ""série""}]"
3521,mais song bi kouko way li nekh na,mais song bi kokko waay lii neex na,mais song bi ku ko way li neex na,keep,https://www.youtube.com/watch?v=8CAy6LdHR4M,"[{""token"": ""mais"", ""category"": ""ambiguous_cognate"", ""selected_candidate"": ""mais"", ""final_correction"": ""mais""}, {""token"": ""song"", ""category"": ""ambiguous_cognate"", ""selected_candidate"": ""song"", ""final_correction"": ""song""}, {""token"": ""bi"", ""category"": ""ambiguous_cognate"", ""selected_candidate"": ""bi"", ""final_correction"": ""bi""}, {""token"": ""kouko"", ""category"": ""informal_wolof"", ""selected_candidate"": ""kokko"", ""final_correction"": ""ku ko""}, {""token"": ""way"", ""category"": ""wolof_formal"", ""selected_candidate"": ""way"", ""final_correction"": ""way""}, {""token"": ""li"", ""category"": ""ambiguous_cognate"", ""selected_candidate"": ""lii"", ""final_correction"": ""li""}, {""token"": ""nekh"", ""category"": ""informal_wolof"", ""selected_candidate"": ""neex"", ""final_correction"": ""neex""}, {""token"": ""na"", ""category"": ""ambiguous_cognate"", ""selected_candidate"": ""na"", ""final_correction"": ""na""}]"
3534,amdy ioe amdy ioe diémo dra,amdy ice amdy ice diego daa,amdy yow amdy yow jéemo dara,keep,https://www.youtube.com/watch?v=8CAy6LdHR4M,"[{""token"": ""amdy"", ""category"": ""french_native"", ""selected_candidate"": ""amdy"", ""final_correction"": ""amdy""}, {""token"": ""ioe"", ""category"": ""informal_wolof"", ""selected_candidate"": ""ice"", ""final_correction"": ""yow""}, {""token"": ""amdy"", ""category"": ""french_native"", ""selected_candidate"": ""amdy"", ""final_correction"": ""amdy""}, {""token"": ""ioe"", ""category"": ""informal_wolof"", ""selected_candidate"": ""ice"", ""final_correction"": ""yow""}, {""token"": ""diémo"", ""category"": ""informal_wolof"", ""selected_candidate"": ""diego"", ""final_correction"": ""jéemo""}, {""token"": ""dra"", ""category"": ""informal_wolof"", ""selected_candidate"": ""dara"", ""final_correction"": ""dara""}]"
3541,taxi clando bi tmitt aussi sounou na,taxi candy bi mitt itam soukou na,taxi clando bi tamit aussi sonn na,keep,https://www.youtube.com/watch?v=8CAy6LdHR4M,"[{""token"": ""taxi"", ""category"": ""ambiguous_cognate"", ""selected_candidate"": ""taxi"", ""final_correction"": ""taxi""}, {""token"": ""clando"", ""category"": ""informal_wolof"", ""selected_candidate"": ""clando"", ""final_correction"": ""clando""}, {""token"": ""bi"", ""category"": ""ambiguous_cognate"", ""selected_candidate"": ""bi"", ""final_correction"": ""bi""}, {""token"": ""tmitt"", ""category"": ""informal_wolof"", ""selected_candidate"": ""mitt"", ""final_correction"": ""tamit""}, {""token"": ""aussi"", ""category"": ""french_substituted"", ""selected_candidate"": ""aussi"", ""final_correction"": ""aussi""}, {""token"": ""sounou"", ""category"": ""informal_wolof"", ""selected_candidate"": ""sonnu"", ""final_correction"": ""sonn""}, {""token"": ""na"", ""category"": ""ambiguous_cognate"", ""selected_candidate"": ""na"", ""final_correction"": ""na""}]"
3543,tay lay niouss sama nièces yi bania khol ben place ibnou thiam mi laniouma toudeh,tay laay mouss sama nièces yi banda xol ben place ibnou caam mi laniouma soude,tay laay ñuus sama nièces yi baña xool benn place ibnou thiam mi la ñu ma tudde,keep,https://www.youtube.com/watch?v=8CAy6LdHR4M,"[{""token"": ""tay"", ""category"": ""ambiguous_cognate"", ""selected_candidate"": ""tay"", ""final_correction"": ""tay""}, {""token"": ""lay"", ""category"": ""ambiguous_cognate"", ""selected_candidate"": ""laay"", ""final_correction"": ""laay""}, {""token"": ""niouss"", ""category"": ""informal_wolof"", ""selected_candidate"": ""mouss"", ""final_correction"": ""ñuus""}, {""token"": ""sama"", ""category"": ""ambiguous_cognate"", ""selected_candidate"": ""sama"", ""final_correction"": ""sama""}, {""token"": ""nièces"", ""category"": ""french_native"", ""selected_candidate"": ""nièces"", ""final_correction"": ""nièces""}, {""token"": ""yi"", ""category"": ""ambiguous_cognate"", ""selected_candidate"": ""yi"", ""final_correction"": ""yi""}, {""token"": ""bania"", ""category"": ""informal_wolof"", ""selected_candidate"": ""baña"", ""final_correction"": ""baña""}, {""token"": ""khol"", ""category"": ""informal_wolof"", ""selected_candidate"": ""xol"", ""final_correction"": ""xool""}, {""token"": ""ben"", ""category"": ""ambiguous_cognate"", ""selected_candidate"": ""ben"", ""final_correction"": ""benn""}, {""token"": ""place"", ""category"": ""ambiguous_cognate"", ""selected_candidate"": ""place"", ""final_correction"": ""place""}, {""token"": ""ibnou"", ""category"": ""french_native"", ""selected_candidate"": ""ibnou"", ""final_correction"": ""ibnou""}, {""token"": ""thiam"", ""category"": ""french_substituted"", ""selected_candidate"": ""thiam"", ""final_correction"": ""thiam""}, {""token"": ""mi"", ""category"": ""ambiguous_cognate"", ""selected_candidate"": ""mi"", ""final_correction"": ""mi""}, {""token"": ""laniouma"", ""category"": ""informal_wolof"", ""selected_candidate"": ""laniouma"", ""final_correction"": ""la ñu ma""}, {""token"": ""toudeh"", ""category"": ""informal_wolof"", ""selected_candidate"": ""soude"", ""final_correction"": ""tudde""}]"
3554,ibnou thiam reynama,ibnou caam jeynaba,ibnou thiam rey na ma,keep,https://www.youtube.com/watch?v=8CAy6LdHR4M,"[{""token"": ""ibnou"", ""category"": ""french_native"", ""selected_candidate"": ""ibnou"", ""final_correction"": ""ibnou""}, {""token"": ""thiam"", ""category"": ""french_substituted"", ""selected_candidate"": ""thiam"", ""final_correction"": ""thiam""}, {""token"": ""reynama"", ""category"": ""informal_wolof"", ""selected_candidate"": ""jeynaba"", ""final_correction"": ""rey na ma""}]"
3557,bakir yama ligey pour ma gate,bakir yama ligéy pour maa gate,bakir yaa ma liggéey pour ma gàtt,keep,https://www.youtube.com/watch?v=8CAy6LdHR4M,"[{""token"": ""bakir"", ""category"": ""informal_wolof"", ""selected_candidate"": ""bakir"", ""final_correction"": ""bakir""}, {""token"": ""yama"", ""category"": ""ambiguous_cognate"", ""selected_candidate"": ""yama"", ""final_correction"": ""yaa ma""}, {""token"": ""ligey"", ""category"": ""informal_wolof"", ""selected_candidate"": ""ligéy"", ""final_correction"": ""liggéey""}, {""token"": ""pour"", ""category"": ""ambiguous_cognate"", ""selected_candidate"": ""pour"", ""final_correction"": ""pour""}, {""token"": ""ma"", ""category"": ""ambiguous_cognate"", ""selected_candidate"": ""ma"", ""final_correction"": ""ma""}, {""token"": ""gate"", ""category"": ""ambiguous_cognate"", ""selected_candidate"": ""gate"", ""final_correction"": ""gàtt""}]"
3561,wa leyla eumboul won,waa leyla xumbul won,waa leyla ëmbul woon,keep,https://www.youtube.com/watch?v=8CAy6LdHR4M,"[{""token"": ""wa"", ""category"": ""ambiguous_cognate"", ""selected_candidate"": ""waa"", ""final_correction"": ""waa""}, {""token"": ""leyla"", ""category"": ""informal_wolof"", ""selected_candidate"": ""leyla"", ""final_correction"": ""leyla""}, {""token"": ""eumboul"", ""category"": ""informal_wolof"", ""selected_candidate"": ""ëmbul"", ""final_correction"": ""ëmbul""}, {""token"": ""won"", ""category"": ""ambiguous_cognate"", ""selected_candidate"": ""won"", ""final_correction"": ""woon""}]"
3564,li nékh na ma maman ndiouga,lii neex na maa maman ndiouga,li neex na ma maman ndiouga,keep,https://www.youtube.com/watch?v=8CAy6LdHR4M,"[{""token"": ""li"", ""category"": ""ambiguous_cognate"", ""selected_candidate"": ""lii"", ""final_correction"": ""li""}, {""token"": ""nékh"", ""category"": ""informal_wolof"", ""selected_candidate"": ""neex"", ""final_correction"": ""neex""}, {""token"": ""na"", ""category"": ""ambiguous_cognate"", ""selected_candidate"": ""na"", ""final_correction"": ""na""}, {""token"": ""ma"", ""category"": ""ambiguous_cognate"", ""selected_candidate"": ""ma"", ""final_correction"": ""ma""}, {""token"": ""maman"", ""category"": ""french_native"", ""selected_candidate"": ""maman"", ""final_correction"": ""maman""}, {""token"": ""ndiouga"", ""category"": ""informal_wolof"", ""selected_candidate"": ""ndiouga"", ""final_correction"": ""ndiouga""}]"
3565,taximan bi autom bi néna vert bi dou yégue,taximan bi atom bi néna vert bi du yégee,taximan bi wotom bi ne na vert bi du yéeg,keep,https://www.youtube.com/watch?v=8CAy6LdHR4M,"[{""token"": ""taximan"", ""category"": ""french_native"", ""selected_candidate"": ""taximan"", ""final_correction"": ""taximan""}, {""token"": ""bi"", ""category"": ""ambiguous_cognate"", ""selected_candidate"": ""bi"", ""final_correction"": ""bi""}, {""token"": ""autom"", ""category"": ""informal_wolof"", ""selected_candidate"": ""atom"", ""final_correction"": ""wotom""}, {""token"": ""bi"", ""category"": ""ambiguous_cognate"", ""selected_candidate"": ""bi"", ""final_correction"": ""bi""}, {""token"": ""néna"", ""category"": ""wolof_formal"", ""selected_candidate"": ""néna"", ""final_correction"": ""ne na""}, {""token"": ""vert"", ""category"": ""french_native"", ""selected_candidate"": ""vert"", ""final_correction"": ""vert""}, {""token"": ""bi"", ""category"": ""ambiguous_cognate"", ""selected_candidate"": ""bi"", ""final_correction"": ""bi""}, {""token"": ""dou"", ""category"": ""french_native"", ""selected_candidate"": ""du"", ""final_correction"": ""du""}, {""token"": ""yégue"", ""category"": ""informal_wolof"", ""selected_candidate"": ""yégee"", ""final_correction"": ""yéeg""}]"
3566,papeu ndiouga day takk motax mou wo dôme yi dilen lathie sen avis,papeu ndiouga day takk motax mu wo dôme yi dilén latvia sen avis,papeu ndiouga day takk moo tax mu woo doom yi di leen laaj seen avis,keep,https://www.youtube.com/watch?v=8CAy6LdHR4M,"[{""token"": ""papeu"", ""category"": ""informal_wolof"", ""selected_candidate"": ""papeu"", ""final_correction"": ""papeu""}, {""token"": ""ndiouga"", ""category"": ""informal_wolof"", ""selected_candidate"": ""ndiouga"", ""final_correction"": ""ndiouga""}, {""token"": ""day"", ""category"": ""ambiguous_cognate"", ""selected_candidate"": ""day"", ""final_correction"": ""day""}, {""token"": ""takk"", ""category"": ""wolof_formal"", ""selected_candidate"": ""takk"", ""final_correction"": ""takk""}, {""token"": ""motax"", ""category"": ""wolof_formal"", ""selected_candidate"": ""motax"", ""final_correction"": ""moo tax""}, {""token"": ""mou"", ""category"": ""ambiguous_cognate"", ""selected_candidate"": ""mu"", ""final_correction"": ""mu""}, {""token"": ""wo"", ""category"": ""wolof_formal"", ""selected_candidate"": ""wo"", ""final_correction"": ""woo""}, {""token"": ""dôme"", ""category"": ""french_native"", ""selected_candidate"": ""dôme"", ""final_correction"": ""doom""}, {""token"": ""yi"", ""category"": ""ambiguous_cognate"", ""selected_candidate"": ""yi"", ""final_correction"": ""yi""}, {""token"": ""dilen"", ""category"": ""informal_wolof"", ""selected_candidate"": ""dilén"", ""final_correction"": ""di leen""}, {""token"": ""lathie"", ""category"": ""informal_wolof"", ""selected_candidate"": ""latvia"", ""final_correction"": ""laaj""}, {""token"": ""sen"", ""category"": ""ambiguous_cognate"", ""selected_candidate"": ""sen"", ""final_correction"": ""seen""}, {""token"": ""avis"", ""category"": ""french_native"", ""selected_candidate"": ""avis"", ""final_correction"": ""avis""}]"
3567,li amna vitamine,lii am na vitamine,li am na vitamine,keep,https://www.youtube.com/watch?v=8CAy6LdHR4M,"[{""token"": ""li"", ""category"": ""ambiguous_cognate"", ""selected_candidate"": ""lii"", ""final_correction"": ""li""}, {""token"": ""amna"", ""category"": ""wolof_formal"", ""selected_candidate"": ""am na"", ""final_correction"": ""am na""}, {""token"": ""vitamine"", ""category"": ""ambiguous_cognate"", ""selected_candidate"": ""vitamine"", ""final_correction"": ""vitamine""}]"
3569,ibrahim khalil amount morome,ibrahim khalid mount moromi,ibrahim khalil amul morom,keep,https://www.youtube.com/watch?v=8CAy6LdHR4M,"[{""token"": ""ibrahim"", ""category"": ""french_native"", ""selected_candidate"": ""ibrahim"", ""final_correction"": ""ibrahim""}, {""token"": ""khalil"", ""category"": ""informal_wolof"", ""selected_candidate"": ""khalil"", ""final_correction"": ""khalil""}, {""token"": ""amount"", ""category"": ""informal_wolof"", ""selected_candidate"": ""mount"", ""final_correction"": ""amul""}, {""token"": ""morome"", ""category"": ""informal_wolof"", ""selected_candidate"": ""morom"", ""final_correction"": ""morom""}]"
3570,lou bonne amoul mouthieu bilay li gnawna,lu bon amoul mouthieu bilay lii gaawna,lu bon amul mucc bilay li ñaaw na,keep,https://www.youtube.com/watch?v=8CAy6LdHR4M,"[{""token"": ""lou"", ""category"": ""wolof_formal"", ""selected_candidate"": ""lu"", ""final_correction"": ""lu""}, {""token"": ""bonne"", ""category"": ""french_native"", ""selected_candidate"": ""bon"", ""final_correction"": ""bon""}, {""token"": ""amoul"", ""category"": ""ambiguous_cognate"", ""selected_candidate"": ""amoul"", ""final_correction"": ""amul""}, {""token"": ""mouthieu"", ""category"": ""informal_wolof"", ""selected_candidate"": ""mouthieu"", ""final_correction"": ""mucc""}, {""token"": ""bilay"", ""category"": ""wolof_formal"", ""selected_candidate"": ""bilay"", ""final_correction"": ""bilay""}, {""token"": ""li"", ""category"": ""ambiguous_cognate"", ""selected_candidate"": ""lii"", ""final_correction"": ""li""}, {""token"": ""gnawna"", ""category"": ""informal_wolof"", ""selected_candidate"": ""gaawna"", ""final_correction"": ""ñaaw na""}]"
3575,thiapp la si fourchette sandi la si al bi,thiapp lay ci fourchette mandi lay ci al bi,capp la si fourchette sànni la si àll bi,keep,https://www.youtube.com/watch?v=8CAy6LdHR4M,"[{""token"": ""thiapp"", ""category"": ""informal_wolof"", ""selected_candidate"": ""thiapp"", ""final_correction"": ""capp""}, {""token"": ""la"", ""category"": ""ambiguous_cognate"", ""selected_candidate"": ""la"", ""final_correction"": ""la""}, {""token"": ""si"", ""category"": ""ambiguous_cognate"", ""selected_candidate"": ""ci"", ""final_correction"": ""si""}, {""token"": ""fourchette"", ""category"": ""french_native"", ""selected_candidate"": ""fourchette"", ""final_correction"": ""fourchette""}, {""token"": ""sandi"", ""category"": ""informal_wolof"", ""selected_candidate"": ""mandi"", ""final_correction"": ""sànni""}, {""token"": ""la"", ""category"": ""ambiguous_cognate"", ""selected_candidate"": ""la"", ""final_correction"": ""la""}, {""token"": ""si"", ""category"": ""ambiguous_cognate"", ""selected_candidate"": ""ci"", ""final_correction"": ""si""}, {""token"": ""al"", ""category"": ""ambiguous_cognate"", ""selected_candidate"": ""al"", ""final_correction"": ""àll""}, {""token"": ""bi"", ""category"": ""ambiguous_cognate"", ""selected_candidate"": ""bi"", ""final_correction"": ""bi""}]"
3576,"ngaka comme un ado de 15 ans qui se cherche ‍️…. da gueye rousse sakh! fethieul président, imiter dip … on ne le reconnaît plus! ‍️",ngako comme un ado dee __protected_0__ att qui se cherche da géy rousse sax fethieul peresidaŋ imiter dib on ne les reconnaît plus,ngaka comme un ado de __protected_0__ ans qui se cherche da ngay rus sax feccal président imiter dip on ne le reconnaît plus,keep,https://www.youtube.com/watch?v=8CAy6LdHR4M,"[{""token"": ""ngaka"", ""category"": ""informal_wolof"", ""selected_candidate"": ""ngaka"", ""final_correction"": ""ngaka""}, {""token"": ""comme"", ""category"": ""ambiguous_cognate"", ""selected_candidate"": ""comme"", ""final_correction"": ""comme""}, {""token"": ""un"", ""category"": ""ambiguous_cognate"", ""selected_candidate"": ""un"", ""final_correction"": ""un""}, {""token"": ""ado"", ""category"": ""ambiguous_cognate"", ""selected_candidate"": ""ado"", ""final_correction"": ""ado""}, {""token"": ""de"", ""category"": ""ambiguous_cognate"", ""selected_candidate"": ""dee"", ""final_correction"": ""de""}, {""token"": ""__protected_0__"", ""category"": ""informal_wolof"", ""selected_candidate"": ""__protected_0__"", ""final_correction"": ""__protected_0__""}, {""token"": ""ans"", ""category"": ""french_substituted"", ""selected_candidate"": ""att"", ""final_correction"": ""ans""}, {""token"": ""qui"", ""category"": ""ambiguous_cognate"", ""selected_candidate"": ""qui"", ""final_correction"": ""qui""}, {""token"": ""se"", ""category"": ""ambiguous_cognate"", ""selected_candidate"": ""se"", ""final_correction"": ""se""}, {""token"": ""cherche"", ""category"": ""french_native"", ""selected_candidate"": ""cherche"", ""final_correction"": ""cherche""}, {""token"": ""da"", ""category"": ""ambiguous_cognate"", ""selected_candidate"": ""da"", ""final_correction"": ""da""}, {""token"": ""gueye"", ""category"": ""french_substituted"", ""selected_candidate"": ""géy"", ""final_correction"": ""ngay""}, {""token"": ""rousse"", ""category"": ""french_native"", ""selected_candidate"": ""rousse"", ""final_correction"": ""rus""}, {""token"": ""sakh"", ""category"": ""informal_wolof"", ""selected_candidate"": ""sax"", ""final_correction"": ""sax""}, {""token"": ""fethieul"", ""category"": ""informal_wolof"", ""selected_candidate"": ""fethieul"", ""final_correction"": ""feccal""}, {""token"": ""président"", ""category"": ""french_substituted"", ""selected_candidate"": ""président"", ""final_correction"": ""président""}, {""token"": ""imiter"", ""category"": ""french_native"", ""selected_candidate"": ""imiter"", ""final_correction"": ""imiter""}, {""token"": ""dip"", ""category"": ""informal_wolof"", ""selected_candidate"": ""dip"", ""final_correction"": ""dip""}, {""token"": ""on"", ""category"": ""ambiguous_cognate"", ""selected_candidate"": ""on"", ""final_correction"": ""on""}, {""token"": ""ne"", ""category"": ""ambiguous_cognate"", ""selected_candidate"": ""ne"", ""final_correction"": ""ne""}, {""token"": ""le"", ""category"": ""ambiguous_cognate"", ""selected_candidate"": ""le"", ""final_correction"": ""le""}, {""token"": ""reconnaît"", ""category"": ""french_native"", ""selected_candidate"": ""reconnaît"", ""final_correction"": ""reconnaît""}, {""token"": ""plus"", ""category"": ""ambiguous_cognate"", ""selected_candidate"": ""plus"", ""final_correction"": ""plus""}]"
3577,khalil mii kom kou dooff,khalid mii comme ku doff,khalil mii comme ku dof,keep,https://www.youtube.com/watch?v=8CAy6LdHR4M,"[{""token"": ""khalil"", ""category"": ""informal_wolof"", ""selected_candidate"": ""khalil"", ""final_correction"": ""khalil""}, {""token"": ""mii"", ""category"": ""wolof_formal"", ""selected_candidate"": ""mii"", ""final_correction"": ""mii""}, {""token"": ""kom"", ""category"": ""ambiguous_cognate"", ""selected_candidate"": ""comme"", ""final_correction"": ""comme""}, {""token"": ""kou"", ""category"": ""informal_wolof"", ""selected_candidate"": ""ku"", ""final_correction"": ""ku""}, {""token"": ""dooff"", ""category"": ""informal_wolof"", ""selected_candidate"": ""doff"", ""final_correction"": ""dof""}]"
3579,bakir néna ma oumy maneu ngay liguey pour ma touti,bakir ne naa maa oumy manee ngay ligeey pour maa touti,bakir ne na ma oumy man ngay liggéey pour ma tuuti,keep,https://www.youtube.com/watch?v=8CAy6LdHR4M,"[{""token"": ""bakir"", ""category"": ""informal_wolof"", ""selected_candidate"": ""bakir"", ""final_correction"": ""bakir""}, {""token"": ""néna"", ""category"": ""wolof_formal"", ""selected_candidate"": ""ne na"", ""final_correction"": ""ne na""}, {""token"": ""ma"", ""category"": ""ambiguous_cognate"", ""selected_candidate"": ""ma"", ""final_correction"": ""ma""}, {""token"": ""oumy"", ""category"": ""informal_wolof"", ""selected_candidate"": ""oumy"", ""final_correction"": ""oumy""}, {""token"": ""maneu"", ""category"": ""informal_wolof"", ""selected_candidate"": ""manee"", ""final_correction"": ""man""}, {""token"": ""ngay"", ""category"": ""ambiguous_cognate"", ""selected_candidate"": ""ngay"", ""final_correction"": ""ngay""}, {""token"": ""liguey"", ""category"": ""informal_wolof"", ""selected_candidate"": ""ligeey"", ""final_correction"": ""liggéey""}, {""token"": ""pour"", ""category"": ""ambiguous_cognate"", ""selected_candidate"": ""pour"", ""final_correction"": ""pour""}, {""token"": ""ma"", ""category"": ""ambiguous_cognate"", ""selected_candidate"": ""ma"", ""final_correction"": ""ma""}, {""token"": ""touti"", ""category"": ""ambiguous_cognate"", ""selected_candidate"": ""touti"", ""final_correction"": ""tuuti""}]"
3581,boutitou guinar non nabou meun nama ray,boutitou guinaw non ŋàbbu meun na ma rey,butitu ginaar non nabou mën na ma rey,keep,https://www.youtube.com/watch?v=8CAy6LdHR4M,"[{""token"": ""boutitou"", ""category"": ""informal_wolof"", ""selected_candidate"": ""boutitou"", ""final_correction"": ""butitu""}, {""token"": ""guinar"", ""category"": ""informal_wolof"", ""selected_candidate"": ""ginaar"", ""final_correction"": ""ginaar""}, {""token"": ""non"", ""category"": ""ambiguous_cognate"", ""selected_candidate"": ""non"", ""final_correction"": ""non""}, {""token"": ""nabou"", ""category"": ""informal_wolof"", ""selected_candidate"": ""nabou"", ""final_correction"": ""nabou""}, {""token"": ""meun"", ""category"": ""wolof_formal"", ""selected_candidate"": ""meun"", ""final_correction"": ""mën""}, {""token"": ""nama"", ""category"": ""ambiguous_cognate"", ""selected_candidate"": ""na ma"", ""final_correction"": ""na ma""}, {""token"": ""ray"", ""category"": ""ambiguous_cognate"", ""selected_candidate"": ""rey"", ""final_correction"": ""rey""}]"
3584,borom taxi bi kou bonne leu t dof,borom taxi bi ku bon la t dof,borom taxi bi ku bon la te dof,keep,https://www.youtube.com/watch?v=8CAy6LdHR4M,"[{""token"": ""borom"", ""category"": ""wolof_formal"", ""selected_candidate"": ""borom"", ""final_correction"": ""borom""}, {""token"": ""taxi"", ""category"": ""ambiguous_cognate"", ""selected_candidate"": ""taxi"", ""final_correction"": ""taxi""}, {""token"": ""bi"", ""category"": ""ambiguous_cognate"", ""selected_candidate"": ""bi"", ""final_correction"": ""bi""}, {""token"": ""kou"", ""category"": ""informal_wolof"", ""selected_candidate"": ""ku"", ""final_correction"": ""ku""}, {""token"": ""bonne"", ""category"": ""french_native"", ""selected_candidate"": ""bon"", ""final_correction"": ""bon""}, {""token"": ""leu"", ""category"": ""french_native"", ""selected_candidate"": ""la"", ""final_correction"": ""la""}, {""token"": ""t"", ""category"": ""ambiguous_cognate"", ""selected_candidate"": ""t"", ""final_correction"": ""te""}, {""token"": ""dof"", ""category"": ""ambiguous_cognate"", ""selected_candidate"": ""dof"", ""final_correction"": ""dof""}]"
3587,alhamdoulilah maman oumy fégne na,alhamdulilah maman oumy fegn na,alhamdoulilah maman oumy feeñ na,keep,https://www.youtube.com/watch?v=8CAy6LdHR4M,"[{""token"": ""alhamdoulilah"", ""category"": ""informal_wolof"", ""selected_candidate"": ""alhamdoulilah"", ""final_correction"": ""alhamdoulilah""}, {""token"": ""maman"", ""category"": ""french_native"", ""selected_candidate"": ""maman"", ""final_correction"": ""maman""}, {""token"": ""oumy"", ""category"": ""informal_wolof"", ""selected_candidate"": ""oumy"", ""final_correction"": ""oumy""}, {""token"": ""fégne"", ""category"": ""informal_wolof"", ""selected_candidate"": ""fegn"", ""final_correction"": ""feeñ""}, {""token"": ""na"", ""category"": ""ambiguous_cognate"", ""selected_candidate"": ""na"", ""final_correction"": ""na""}]"
3588,boy ibnou dou dem,boy ibnou du dem,boy ibnou du dem,keep,https://www.youtube.com/watch?v=8CAy6LdHR4M,"[{""token"": ""boy"", ""category"": ""ambiguous_cognate"", ""selected_candidate"": ""boy"", ""final_correction"": ""boy""}, {""token"": ""ibnou"", ""category"": ""french_native"", ""selected_candidate"": ""ibnou"", ""final_correction"": ""ibnou""}, {""token"": ""dou"", ""category"": ""french_native"", ""selected_candidate"": ""du"", ""final_correction"": ""du""}, {""token"": ""dem"", ""category"": ""ambiguous_cognate"", ""selected_candidate"": ""dem"", ""final_correction"": ""dem""}]"
3592,amna kou wakh kakir,am na ku wax kakir,am na ku wax kakir,keep,https://www.youtube.com/watch?v=8CAy6LdHR4M,"[{""token"": ""amna"", ""category"": ""wolof_formal"", ""selected_candidate"": ""am na"", ""final_correction"": ""am na""}, {""token"": ""kou"", ""category"": ""informal_wolof"", ""selected_candidate"": ""ku"", ""final_correction"": ""ku""}, {""token"": ""wakh"", ""category"": ""french_native"", ""selected_candidate"": ""wax"", ""final_correction"": ""wax""}, {""token"": ""kakir"", ""category"": ""informal_wolof"", ""selected_candidate"": ""kakir"", ""final_correction"": ""kakir""}]"
3593,marieme thiam bo nioussoul maman oumy bala mouyguéne keur gui ma bayila,marieme caam boo nioussoul maman oumy bala mouyguéne kër gi maa bayima,marieme thiam boo ñuusul maman oumy bala muy génn kër gi ma bàyyi la,keep,https://www.youtube.com/watch?v=8CAy6LdHR4M,"[{""token"": ""marieme"", ""category"": ""french_native"", ""selected_candidate"": ""marieme"", ""final_correction"": ""marieme""}, {""token"": ""thiam"", ""category"": ""french_substituted"", ""selected_candidate"": ""thiam"", ""final_correction"": ""thiam""}, {""token"": ""bo"", ""category"": ""wolof_formal"", ""selected_candidate"": ""boo"", ""final_correction"": ""boo""}, {""token"": ""nioussoul"", ""category"": ""informal_wolof"", ""selected_candidate"": ""nioussoul"", ""final_correction"": ""ñuusul""}, {""token"": ""maman"", ""category"": ""french_native"", ""selected_candidate"": ""maman"", ""final_correction"": ""maman""}, {""token"": ""oumy"", ""category"": ""informal_wolof"", ""selected_candidate"": ""oumy"", ""final_correction"": ""oumy""}, {""token"": ""bala"", ""category"": ""ambiguous_cognate"", ""selected_candidate"": ""bala"", ""final_correction"": ""bala""}, {""token"": ""mouyguéne"", ""category"": ""informal_wolof"", ""selected_candidate"": ""mouyguéne"", ""final_correction"": ""muy génn""}, {""token"": ""keur"", ""category"": ""ambiguous_cognate"", ""selected_candidate"": ""kër"", ""final_correction"": ""kër""}, {""token"": ""gui"", ""category"": ""ambiguous_cognate"", ""selected_candidate"": ""gi"", ""final_correction"": ""gi""}, {""token"": ""ma"", ""category"": ""ambiguous_cognate"", ""selected_candidate"": ""ma"", ""final_correction"": ""ma""}, {""token"": ""bayila"", ""category"": ""informal_wolof"", ""selected_candidate"": ""bayima"", ""final_correction"": ""bàyyi la""}]"
3596,wa li nex na déh enfin maman oumy fégne na sama khol bi,waa lii nex na dée mujjantal maman oumy feeñ na sama xol bi,waa li neex na de enfin maman oumy feeñ na sama xol bi,keep,https://www.youtube.com/watch?v=8CAy6LdHR4M,"[{""token"": ""wa"", ""category"": ""ambiguous_cognate"", ""selected_candidate"": ""waa"", ""final_correction"": ""waa""}, {""token"": ""li"", ""category"": ""ambiguous_cognate"", ""selected_candidate"": ""lii"", ""final_correction"": ""li""}, {""token"": ""nex"", ""category"": ""wolof_formal"", ""selected_candidate"": ""nex"", ""final_correction"": ""neex""}, {""token"": ""na"", ""category"": ""ambiguous_cognate"", ""selected_candidate"": ""na"", ""final_correction"": ""na""}, {""token"": ""déh"", ""category"": ""informal_wolof"", ""selected_candidate"": ""dée"", ""final_correction"": ""de""}, {""token"": ""enfin"", ""category"": ""french_substituted"", ""selected_candidate"": ""enfin"", ""final_correction"": ""enfin""}, {""token"": ""maman"", ""category"": ""french_native"", ""selected_candidate"": ""maman"", ""final_correction"": ""maman""}, {""token"": ""oumy"", ""category"": ""informal_wolof"", ""selected_candidate"": ""oumy"", ""final_correction"": ""oumy""}, {""token"": ""fégne"", ""category"": ""informal_wolof"", ""selected_candidate"": ""feeñ"", ""final_correction"": ""feeñ""}, {""token"": ""na"", ""category"": ""ambiguous_cognate"", ""selected_candidate"": ""na"", ""final_correction"": ""na""}, {""token"": ""sama"", ""category"": ""ambiguous_cognate"", ""selected_candidate"": ""sama"", ""final_correction"": ""sama""}, {""token"": ""khol"", ""category"": ""informal_wolof"", ""selected_candidate"": ""xol"", ""final_correction"": ""xol""}, {""token"": ""bi"", ""category"": ""ambiguous_cognate"", ""selected_candidate"": ""bi"", ""final_correction"": ""bi""}]"
5871,bakir da soukou yennn,bakir da soukou yenen,bakir da sukk yeen,keep,https://www.youtube.com/watch?v=wMOsSBNV-iI,"[{""token"": ""bakir"", ""category"": ""informal_wolof"", ""selected_candidate"": ""bakir"", ""final_correction"": ""bakir""}, {""token"": ""da"", ""category"": ""ambiguous_cognate"", ""selected_candidate"": ""da"", ""final_correction"": ""da""}, {""token"": ""soukou"", ""category"": ""ambiguous_cognate"", ""selected_candidate"": ""soukou"", ""final_correction"": ""sukk""}, {""token"": ""yennn"", ""category"": ""informal_wolof"", ""selected_candidate"": ""yenen"", ""final_correction"": ""yeen""}]"
5875,doff bou rafet ndeysann,doff bu rafet ndeysaan,dof bu rafet ndeysaan,keep,https://www.youtube.com/watch?v=wMOsSBNV-iI,"[{""token"": ""doff"", ""category"": ""wolof_formal"", ""selected_candidate"": ""doff"", ""final_correction"": ""dof""}, {""token"": ""bou"", ""category"": ""ambiguous_cognate"", ""selected_candidate"": ""bu"", ""final_correction"": ""bu""}, {""token"": ""rafet"", ""category"": ""wolof_formal"", ""selected_candidate"": ""rafet"", ""final_correction"": ""rafet""}, {""token"": ""ndeysann"", ""category"": ""informal_wolof"", ""selected_candidate"": ""ndeysaan"", ""final_correction"": ""ndeysaan""}]"
5877,awa cheikh nekoul si benn yoon,awa seex nekkul ci benn yoon,awa cheikh nekkul si benn yoon,keep,https://www.youtube.com/watch?v=wMOsSBNV-iI,"[{""token"": ""awa"", ""category"": ""ambiguous_cognate"", ""selected_candidate"": ""awa"", ""final_correction"": ""awa""}, {""token"": ""cheikh"", ""category"": ""french_substituted"", ""selected_candidate"": ""cheikh"", ""final_correction"": ""cheikh""}, {""token"": ""nekoul"", ""category"": ""informal_wolof"", ""selected_candidate"": ""nekkul"", ""final_correction"": ""nekkul""}, {""token"": ""si"", ""category"": ""ambiguous_cognate"", ""selected_candidate"": ""ci"", ""final_correction"": ""si""}, {""token"": ""benn"", ""category"": ""ambiguous_cognate"", ""selected_candidate"": ""benn"", ""final_correction"": ""benn""}, {""token"": ""yoon"", ""category"": ""ambiguous_cognate"", ""selected_candidate"": ""yoon"", ""final_correction"": ""yoon""}]"
5879,doff bu reww,dof bu leww,dof bu reew,keep,https://www.youtube.com/watch?v=wMOsSBNV-iI,"[{""token"": ""doff"", ""category"": ""wolof_formal"", ""selected_candidate"": ""dof"", ""final_correction"": ""dof""}, {""token"": ""bu"", ""category"": ""ambiguous_cognate"", ""selected_candidate"": ""bu"", ""final_correction"": ""bu""}, {""token"": ""reww"", ""category"": ""informal_wolof"", ""selected_candidate"": ""reew"", ""final_correction"": ""reew""}]"
5884,sama khel niagwna,sama kel niagara,sama xel ñaaw na,keep,https://www.youtube.com/watch?v=wMOsSBNV-iI,"[{""token"": ""sama"", ""category"": ""ambiguous_cognate"", ""selected_candidate"": ""sama"", ""final_correction"": ""sama""}, {""token"": ""khel"", ""category"": ""informal_wolof"", ""selected_candidate"": ""xel"", ""final_correction"": ""xel""}, {""token"": ""niagwna"", ""category"": ""informal_wolof"", ""selected_candidate"": ""niagara"", ""final_correction"": ""ñaaw na""}]"
5886,salimata amna foulla,salemata amna fulla,salimata am na fulla,keep,https://www.youtube.com/watch?v=wMOsSBNV-iI,"[{""token"": ""salimata"", ""category"": ""informal_wolof"", ""selected_candidate"": ""salimata"", ""final_correction"": ""salimata""}, {""token"": ""amna"", ""category"": ""wolof_formal"", ""selected_candidate"": ""amna"", ""final_correction"": ""am na""}, {""token"": ""foulla"", ""category"": ""informal_wolof"", ""selected_candidate"": ""fulla"", ""final_correction"": ""fulla""}]"
5890,ndeysane ibnou thiam yeureum nako,ndeysaane ibnou caam yéreem naa ko,ndeysaan ibnou thiam yërëm naa ko,keep,https://www.youtube.com/watch?v=wMOsSBNV-iI,"[{""token"": ""ndeysane"", ""category"": ""informal_wolof"", ""selected_candidate"": ""ndeysaan"", ""final_correction"": ""ndeysaan""}, {""token"": ""ibnou"", ""category"": ""french_native"", ""selected_candidate"": ""ibnou"", ""final_correction"": ""ibnou""}, {""token"": ""thiam"", ""category"": ""french_substituted"", ""selected_candidate"": ""thiam"", ""final_correction"": ""thiam""}, {""token"": ""yeureum"", ""category"": ""informal_wolof"", ""selected_candidate"": ""yéreem"", ""final_correction"": ""yërëm""}, {""token"": ""nako"", ""category"": ""wolof_formal"", ""selected_candidate"": ""naa ko"", ""final_correction"": ""naa ko""}]"
5891,wa yéne maman oumi mi eska nit la wala koubére,waa néne maman jumi mi eski nit lay wala kollere,waa yeen maman oumi mi est ce que nit la wala kubéer,keep,https://www.youtube.com/watch?v=wMOsSBNV-iI,"[{""token"": ""wa"", ""category"": ""ambiguous_cognate"", ""selected_candidate"": ""waa"", ""final_correction"": ""waa""}, {""token"": ""yéne"", ""category"": ""informal_wolof"", ""selected_candidate"": ""néne"", ""final_correction"": ""yeen""}, {""token"": ""maman"", ""category"": ""french_native"", ""selected_candidate"": ""maman"", ""final_correction"": ""maman""}, {""token"": ""oumi"", ""category"": ""informal_wolof"", ""selected_candidate"": ""oumi"", ""final_correction"": ""oumi""}, {""token"": ""mi"", ""category"": ""ambiguous_cognate"", ""selected_candidate"": ""mi"", ""final_correction"": ""mi""}, {""token"": ""eska"", ""category"": ""informal_wolof"", ""selected_candidate"": ""eski"", ""final_correction"": ""est ce que""}, {""token"": ""nit"", ""category"": ""ambiguous_cognate"", ""selected_candidate"": ""nit"", ""final_correction"": ""nit""}, {""token"": ""la"", ""category"": ""ambiguous_cognate"", ""selected_candidate"": ""la"", ""final_correction"": ""la""}, {""token"": ""wala"", ""category"": ""ambiguous_cognate"", ""selected_candidate"": ""wala"", ""final_correction"": ""wala""}, {""token"": ""koubére"", ""category"": ""informal_wolof"", ""selected_candidate"": ""kollere"", ""final_correction"": ""kubéer""}]"
5897,wa kase louko diaral liii,waa kase luko daral kiii,waa kese lu ko jaral li,keep,https://www.youtube.com/watch?v=wMOsSBNV-iI,"[{""token"": ""wa"", ""category"": ""ambiguous_cognate"", ""selected_candidate"": ""waa"", ""final_correction"": ""waa""}, {""token"": ""kase"", ""category"": ""informal_wolof"", ""selected_candidate"": ""kase"", ""final_correction"": ""kese""}, {""token"": ""louko"", ""category"": ""informal_wolof"", ""selected_candidate"": ""luko"", ""final_correction"": ""lu ko""}, {""token"": ""diaral"", ""category"": ""informal_wolof"", ""selected_candidate"": ""daral"", ""final_correction"": ""jaral""}, {""token"": ""liii"", ""category"": ""informal_wolof"", ""selected_candidate"": ""kiii"", ""final_correction"": ""li""}]"
5900,ohhh yeureum na bakir,ohhh yërëm na bakir,oh yërëm na bakir,keep,https://www.youtube.com/watch?v=wMOsSBNV-iI,"[{""token"": ""ohhh"", ""category"": ""informal_wolof"", ""selected_candidate"": ""ohhh"", ""final_correction"": ""oh""}, {""token"": ""yeureum"", ""category"": ""informal_wolof"", ""selected_candidate"": ""yërëm"", ""final_correction"": ""yërëm""}, {""token"": ""na"", ""category"": ""ambiguous_cognate"", ""selected_candidate"": ""na"", ""final_correction"": ""na""}, {""token"": ""bakir"", ""category"": ""informal_wolof"", ""selected_candidate"": ""bakir"", ""final_correction"": ""bakir""}]"
5901,pourtant nīarél yi dagno ame ay waye you bonne rékh mé dagno bakh té nak khame lén ni ame na awo you hypocrite bilahi,pourtant ñaarel yi dagno am ay waye you bonne rékk mé dagno bakk té nak xam leen ni am na ado you hypocrite bilici,pourtant ñaareel yi da ñoo am ay waay yu bon rek mais da ñoo baax te nak xam leen ni am na aawo yu hypocrite bilahi,keep,https://www.youtube.com/watch?v=wMOsSBNV-iI,"[{""token"": ""pourtant"", ""category"": ""french_native"", ""selected_candidate"": ""pourtant"", ""final_correction"": ""pourtant""}, {""token"": ""nīarél"", ""category"": ""informal_wolof"", ""selected_candidate"": ""ñaarel"", ""final_correction"": ""ñaareel""}, {""token"": ""yi"", ""category"": ""ambiguous_cognate"", ""selected_candidate"": ""yi"", ""final_correction"": ""yi""}, {""token"": ""dagno"", ""category"": ""wolof_formal"", ""selected_candidate"": ""dagno"", ""final_correction"": ""da ñoo""}, {""token"": ""ame"", ""category"": ""ambiguous_cognate"", ""selected_candidate"": ""am"", ""final_correction"": ""am""}, {""token"": ""ay"", ""category"": ""ambiguous_cognate"", ""selected_candidate"": ""ay"", ""final_correction"": ""ay""}, {""token"": ""waye"", ""category"": ""wolof_formal"", ""selected_candidate"": ""waye"", ""final_correction"": ""waay""}, {""token"": ""you"", ""category"": ""ambiguous_cognate"", ""selected_candidate"": ""you"", ""final_correction"": ""yu""}, {""token"": ""bonne"", ""category"": ""french_native"", ""selected_candidate"": ""bonne"", ""final_correction"": ""bon""}, {""token"": ""rékh"", ""category"": ""informal_wolof"", ""selected_candidate"": ""rek"", ""final_correction"": ""rek""}, {""token"": ""mé"", ""category"": ""wolof_formal"", ""selected_candidate"": ""mé"", ""final_correction"": ""mais""}, {""token"": ""dagno"", ""category"": ""wolof_formal"", ""selected_candidate"": ""dagno"", ""final_correction"": ""da ñoo""}, {""token"": ""bakh"", ""category"": ""informal_wolof"", ""selected_candidate"": ""baax"", ""final_correction"": ""baax""}, {""token"": ""té"", ""category"": ""ambiguous_cognate"", ""selected_candidate"": ""té"", ""final_correction"": ""te""}, {""token"": ""nak"", ""category"": ""ambiguous_cognate"", ""selected_candidate"": ""nak"", ""final_correction"": ""nak""}, {""token"": ""khame"", ""category"": ""informal_wolof"", ""selected_candidate"": ""xam"", ""final_correction"": ""xam""}, {""token"": ""lén"", ""category"": ""informal_wolof"", ""selected_candidate"": ""leen"", ""final_correction"": ""leen""}, {""token"": ""ni"", ""category"": ""ambiguous_cognate"", ""selected_candidate"": ""ni"", ""final_correction"": ""ni""}, {""token"": ""ame"", ""category"": ""ambiguous_cognate"", ""selected_candidate"": ""am"", ""final_correction"": ""am""}, {""token"": ""na"", ""category"": ""ambiguous_cognate"", ""selected_candidate"": ""na"", ""final_correction"": ""na""}, {""token"": ""awo"", ""category"": ""informal_wolof"", ""selected_candidate"": ""ado"", ""final_correction"": ""aawo""}, {""token"": ""you"", ""category"": ""ambiguous_cognate"", ""selected_candidate"": ""you"", ""final_correction"": ""yu""}, {""token"": ""hypocrite"", ""category"": ""french_native"", ""selected_candidate"": ""hypocrite"", ""final_correction"": ""hypocrite""}, {""token"": ""bilahi"", ""category"": ""informal_wolof"", ""selected_candidate"": ""bilahi"", ""final_correction"": ""bilahi""}]"
5905,guisngène soukou bakir bi,guisngène sukk bakir bi,gis ngeen sukk bakir bi,keep,https://www.youtube.com/watch?v=wMOsSBNV-iI,"[{""token"": ""guisngène"", ""category"": ""informal_wolof"", ""selected_candidate"": ""guisngène"", ""final_correction"": ""gis ngeen""}, {""token"": ""soukou"", ""category"": ""ambiguous_cognate"", ""selected_candidate"": ""sukk"", ""final_correction"": ""sukk""}, {""token"": ""bakir"", ""category"": ""informal_wolof"", ""selected_candidate"": ""bakir"", ""final_correction"": ""bakir""}, {""token"": ""bi"", ""category"": ""ambiguous_cognate"", ""selected_candidate"": ""bi"", ""final_correction"": ""bi""}]"
5909,kou guem ni chiekh tidaiane ak aicha dane beuguate rek lalale j'aime,ku geem ni chiekh tidaiane ak aicha dabe beuguate rek dalale j'aime,ku gëm ni chiekh tidaiane ak aicha dañ bëggante rek laalal j'aime,keep,https://www.youtube.com/watch?v=wMOsSBNV-iI,"[{""token"": ""kou"", ""category"": ""informal_wolof"", ""selected_candidate"": ""ku"", ""final_correction"": ""ku""}, {""token"": ""guem"", ""category"": ""informal_wolof"", ""selected_candidate"": ""gëm"", ""final_correction"": ""gëm""}, {""token"": ""ni"", ""category"": ""ambiguous_cognate"", ""selected_candidate"": ""ni"", ""final_correction"": ""ni""}, {""token"": ""chiekh"", ""category"": ""informal_wolof"", ""selected_candidate"": ""chiekh"", ""final_correction"": ""chiekh""}, {""token"": ""tidaiane"", ""category"": ""informal_wolof"", ""selected_candidate"": ""tidaiane"", ""final_correction"": ""tidaiane""}, {""token"": ""ak"", ""category"": ""ambiguous_cognate"", ""selected_candidate"": ""ak"", ""final_correction"": ""ak""}, {""token"": ""aicha"", ""category"": ""informal_wolof"", ""selected_candidate"": ""aicha"", ""final_correction"": ""aicha""}, {""token"": ""dane"", ""category"": ""informal_wolof"", ""selected_candidate"": ""dane"", ""final_correction"": ""dañ""}, {""token"": ""beuguate"", ""category"": ""informal_wolof"", ""selected_candidate"": ""beuguate"", ""final_correction"": ""bëggante""}, {""token"": ""rek"", ""category"": ""ambiguous_cognate"", ""selected_candidate"": ""rek"", ""final_correction"": ""rek""}, {""token"": ""lalale"", ""category"": ""informal_wolof"", ""selected_candidate"": ""dalale"", ""final_correction"": ""laalal""}, {""token"": ""j'aime"", ""category"": ""french_native"", ""selected_candidate"": ""j'aime"", ""final_correction"": ""j'aime""}]"
5911,salimate gorr la,salemata goor lay,salimate góor la,keep,https://www.youtube.com/watch?v=wMOsSBNV-iI,"[{""token"": ""salimate"", ""category"": ""informal_wolof"", ""selected_candidate"": ""salimate"", ""final_correction"": ""salimate""}, {""token"": ""gorr"", ""category"": ""informal_wolof"", ""selected_candidate"": ""goor"", ""final_correction"": ""góor""}, {""token"": ""la"", ""category"": ""ambiguous_cognate"", ""selected_candidate"": ""la"", ""final_correction"": ""la""}]"
5917,yalla wa palestine amm djamm,yalla waa palestine amm damm,yalla waa palestine am jàmm,keep,https://www.youtube.com/watch?v=wMOsSBNV-iI,"[{""token"": ""yalla"", ""category"": ""ambiguous_cognate"", ""selected_candidate"": ""yalla"", ""final_correction"": ""yalla""}, {""token"": ""wa"", ""category"": ""ambiguous_cognate"", ""selected_candidate"": ""waa"", ""final_correction"": ""waa""}, {""token"": ""palestine"", ""category"": ""ambiguous_cognate"", ""selected_candidate"": ""palestine"", ""final_correction"": ""palestine""}, {""token"": ""amm"", ""category"": ""wolof_formal"", ""selected_candidate"": ""amm"", ""final_correction"": ""am""}, {""token"": ""djamm"", ""category"": ""informal_wolof"", ""selected_candidate"": ""jàmm"", ""final_correction"": ""jàmm""}]"
5920,ohh tidiane khadim thiam lii gněni doundnou insbi nékh na trop machalla diamou nèkh na,oha tiijaan khalid caam li gněni doundnou insbi někh na trop mashalla damon nekk na,ohh tidiane khadim thiam lii ngeen di dund ins bi neex na trop machalla jàmm neex na,keep,https://www.youtube.com/watch?v=wMOsSBNV-iI,"[{""token"": ""ohh"", ""category"": ""informal_wolof"", ""selected_candidate"": ""ohh"", ""final_correction"": ""ohh""}, {""token"": ""tidiane"", ""category"": ""french_substituted"", ""selected_candidate"": ""tidiane"", ""final_correction"": ""tidiane""}, {""token"": ""khadim"", ""category"": ""informal_wolof"", ""selected_candidate"": ""khadim"", ""final_correction"": ""khadim""}, {""token"": ""thiam"", ""category"": ""french_substituted"", ""selected_candidate"": ""thiam"", ""final_correction"": ""thiam""}, {""token"": ""lii"", ""category"": ""ambiguous_cognate"", ""selected_candidate"": ""lii"", ""final_correction"": ""lii""}, {""token"": ""gněni"", ""category"": ""informal_wolof"", ""selected_candidate"": ""gněni"", ""final_correction"": ""ngeen di""}, {""token"": ""doundnou"", ""category"": ""informal_wolof"", ""selected_candidate"": ""doundnou"", ""final_correction"": ""dund""}, {""token"": ""insbi"", ""category"": ""informal_wolof"", ""selected_candidate"": ""insbi"", ""final_correction"": ""ins bi""}, {""token"": ""nékh"", ""category"": ""informal_wolof"", ""selected_candidate"": ""někh"", ""final_correction"": ""neex""}, {""token"": ""na"", ""category"": ""ambiguous_cognate"", ""selected_candidate"": ""na"", ""final_correction"": ""na""}, {""token"": ""trop"", ""category"": ""french_native"", ""selected_candidate"": ""trop"", ""final_correction"": ""trop""}, {""token"": ""machalla"", ""category"": ""informal_wolof"", ""selected_candidate"": ""machalla"", ""final_correction"": ""machalla""}, {""token"": ""diamou"", ""category"": ""informal_wolof"", ""selected_candidate"": ""damon"", ""final_correction"": ""jàmm""}, {""token"": ""nèkh"", ""category"": ""informal_wolof"", ""selected_candidate"": ""nekk"", ""final_correction"": ""neex""}, {""token"": ""na"", ""category"": ""ambiguous_cognate"", ""selected_candidate"": ""na"", ""final_correction"": ""na""}]"
5926,café touba xelcom moy bou bakha bi,café tuubaa meloom mooy bu baaxa bi,café touba xelcom mooy bu baax bi,keep,https://www.youtube.com/watch?v=wMOsSBNV-iI,"[{""token"": ""café"", ""category"": ""ambiguous_cognate"", ""selected_candidate"": ""café"", ""final_correction"": ""café""}, {""token"": ""touba"", ""category"": ""french_substituted"", ""selected_candidate"": ""touba"", ""final_correction"": ""touba""}, {""token"": ""xelcom"", ""category"": ""informal_wolof"", ""selected_candidate"": ""xelcom"", ""final_correction"": ""xelcom""}, {""token"": ""moy"", ""category"": ""wolof_formal"", ""selected_candidate"": ""mooy"", ""final_correction"": ""mooy""}, {""token"": ""bou"", ""category"": ""ambiguous_cognate"", ""selected_candidate"": ""bu"", ""final_correction"": ""bu""}, {""token"": ""bakha"", ""category"": ""informal_wolof"", ""selected_candidate"": ""baaxa"", ""final_correction"": ""baax""}, {""token"": ""bi"", ""category"": ""ambiguous_cognate"", ""selected_candidate"": ""bi"", ""final_correction"": ""bi""}]"
5931,ibnou thiam t mom khamakoul sakh né oumy moko doflo,ibnou caam te moom khamakoul sax né oumy moko doflu,ibnou thiam te moom xamagul sax ne oumy moo ko dofloo,keep,https://www.youtube.com/watch?v=wMOsSBNV-iI,"[{""token"": ""ibnou"", ""category"": ""french_native"", ""selected_candidate"": ""ibnou"", ""final_correction"": ""ibnou""}, {""token"": ""thiam"", ""category"": ""french_substituted"", ""selected_candidate"": ""caam"", ""final_correction"": ""thiam""}, {""token"": ""t"", ""category"": ""ambiguous_cognate"", ""selected_candidate"": ""te"", ""final_correction"": ""te""}, {""token"": ""mom"", ""category"": ""wolof_formal"", ""selected_candidate"": ""moom"", ""final_correction"": ""moom""}, {""token"": ""khamakoul"", ""category"": ""informal_wolof"", ""selected_candidate"": ""khamakoul"", ""final_correction"": ""xamagul""}, {""token"": ""sakh"", ""category"": ""informal_wolof"", ""selected_candidate"": ""sax"", ""final_correction"": ""sax""}, {""token"": ""né"", ""category"": ""ambiguous_cognate"", ""selected_candidate"": ""né"", ""final_correction"": ""ne""}, {""token"": ""oumy"", ""category"": ""informal_wolof"", ""selected_candidate"": ""oumy"", ""final_correction"": ""oumy""}, {""token"": ""moko"", ""category"": ""ambiguous_cognate"", ""selected_candidate"": ""moko"", ""final_correction"": ""moo ko""}, {""token"": ""doflo"", ""category"": ""informal_wolof"", ""selected_candidate"": ""doflu"", ""final_correction"": ""dofloo""}]"
5932,publicité yi sof na bo concentré wou rk niou niew,pibbilisite yi soof na bo concentré wu rek ñu neew,publicité yi soof na boo concentré wu rek ñu ñëw,keep,https://www.youtube.com/watch?v=wMOsSBNV-iI,"[{""token"": ""publicité"", ""category"": ""french_substituted"", ""selected_candidate"": ""publicité"", ""final_correction"": ""publicité""}, {""token"": ""yi"", ""category"": ""ambiguous_cognate"", ""selected_candidate"": ""yi"", ""final_correction"": ""yi""}, {""token"": ""sof"", ""category"": ""wolof_formal"", ""selected_candidate"": ""soof"", ""final_correction"": ""soof""}, {""token"": ""na"", ""category"": ""ambiguous_cognate"", ""selected_candidate"": ""na"", ""final_correction"": ""na""}, {""token"": ""bo"", ""category"": ""wolof_formal"", ""selected_candidate"": ""bo"", ""final_correction"": ""boo""}, {""token"": ""concentré"", ""category"": ""french_native"", ""selected_candidate"": ""concentré"", ""final_correction"": ""concentré""}, {""token"": ""wou"", ""category"": ""informal_wolof"", ""selected_candidate"": ""wu"", ""final_correction"": ""wu""}, {""token"": ""rk"", ""category"": ""informal_wolof"", ""selected_candidate"": ""rek"", ""final_correction"": ""rek""}, {""token"": ""niou"", ""category"": ""ambiguous_cognate"", ""selected_candidate"": ""ñu"", ""final_correction"": ""ñu""}, {""token"": ""niew"", ""category"": ""informal_wolof"", ""selected_candidate"": ""neew"", ""final_correction"": ""ñëw""}]"
5933,kanla yalla di tagou di diell yayam,kan la yalla di tàggu di diehl fayam,kan la yalla di tàggu di jél yayam,keep,https://www.youtube.com/watch?v=wMOsSBNV-iI,"[{""token"": ""kanla"", ""category"": ""informal_wolof"", ""selected_candidate"": ""kan la"", ""final_correction"": ""kan la""}, {""token"": ""yalla"", ""category"": ""ambiguous_cognate"", ""selected_candidate"": ""yalla"", ""final_correction"": ""yalla""}, {""token"": ""di"", ""category"": ""ambiguous_cognate"", ""selected_candidate"": ""di"", ""final_correction"": ""di""}, {""token"": ""tagou"", ""category"": ""informal_wolof"", ""selected_candidate"": ""tàggu"", ""final_correction"": ""tàggu""}, {""token"": ""di"", ""category"": ""ambiguous_cognate"", ""selected_candidate"": ""di"", ""final_correction"": ""di""}, {""token"": ""diell"", ""category"": ""informal_wolof"", ""selected_candidate"": ""diehl"", ""final_correction"": ""jél""}, {""token"": ""yayam"", ""category"": ""informal_wolof"", ""selected_candidate"": ""yayam"", ""final_correction"": ""yayam""}]"
5934,waa nabou gueye mi nite leu,waa ŋàbbu ngay mi nite la,waa nabou gueye mi nit la,keep,https://www.youtube.com/watch?v=wMOsSBNV-iI,"[{""token"": ""waa"", ""category"": ""ambiguous_cognate"", ""selected_candidate"": ""waa"", ""final_correction"": ""waa""}, {""token"": ""nabou"", ""category"": ""informal_wolof"", ""selected_candidate"": ""nabou"", ""final_correction"": ""nabou""}, {""token"": ""gueye"", ""category"": ""french_substituted"", ""selected_candidate"": ""gueye"", ""final_correction"": ""gueye""}, {""token"": ""mi"", ""category"": ""ambiguous_cognate"", ""selected_candidate"": ""mi"", ""final_correction"": ""mi""}, {""token"": ""nite"", ""category"": ""wolof_formal"", ""selected_candidate"": ""nite"", ""final_correction"": ""nit""}, {""token"": ""leu"", ""category"": ""french_native"", ""selected_candidate"": ""la"", ""final_correction"": ""la""}]"
5936,niari mak you réw,niari mak yu réw,ñaar mag yu reew,keep,https://www.youtube.com/watch?v=wMOsSBNV-iI,"[{""token"": ""niari"", ""category"": ""wolof_formal"", ""selected_candidate"": ""niari"", ""final_correction"": ""ñaar""}, {""token"": ""mak"", ""category"": ""ambiguous_cognate"", ""selected_candidate"": ""mak"", ""final_correction"": ""mag""}, {""token"": ""you"", ""category"": ""ambiguous_cognate"", ""selected_candidate"": ""yu"", ""final_correction"": ""yu""}, {""token"": ""réw"", ""category"": ""wolof_formal"", ""selected_candidate"": ""réw"", ""final_correction"": ""reew""}]"
5938,wa bakir hummmm souk bi nak wouyyy guore gni roye lén si bakir,waa bakir hummmm souk bi nak wouyyy goore ñi roye leen ci bakir,waa bakir hum sukk bi nak wuy góor ñi roy leen si bakir,keep,https://www.youtube.com/watch?v=wMOsSBNV-iI,"[{""token"": ""wa"", ""category"": ""ambiguous_cognate"", ""selected_candidate"": ""waa"", ""final_correction"": ""waa""}, {""token"": ""bakir"", ""category"": ""informal_wolof"", ""selected_candidate"": ""bakir"", ""final_correction"": ""bakir""}, {""token"": ""hummmm"", ""category"": ""informal_wolof"", ""selected_candidate"": ""hummmm"", ""final_correction"": ""hum""}, {""token"": ""souk"", ""category"": ""french_native"", ""selected_candidate"": ""souk"", ""final_correction"": ""sukk""}, {""token"": ""bi"", ""category"": ""ambiguous_cognate"", ""selected_candidate"": ""bi"", ""final_correction"": ""bi""}, {""token"": ""nak"", ""category"": ""ambiguous_cognate"", ""selected_candidate"": ""nak"", ""final_correction"": ""nak""}, {""token"": ""wouyyy"", ""category"": ""informal_wolof"", ""selected_candidate"": ""wouyyy"", ""final_correction"": ""wuy""}, {""token"": ""guore"", ""category"": ""informal_wolof"", ""selected_candidate"": ""goore"", ""final_correction"": ""góor""}, {""token"": ""gni"", ""category"": ""wolof_formal"", ""selected_candidate"": ""ñi"", ""final_correction"": ""ñi""}, {""token"": ""roye"", ""category"": ""wolof_formal"", ""selected_candidate"": ""roye"", ""final_correction"": ""roy""}, {""token"": ""lén"", ""category"": ""informal_wolof"", ""selected_candidate"": ""leen"", ""final_correction"": ""leen""}, {""token"": ""si"", ""category"": ""ambiguous_cognate"", ""selected_candidate"": ""ci"", ""final_correction"": ""si""}, {""token"": ""bakir"", ""category"": ""informal_wolof"", ""selected_candidate"": ""bakir"", ""final_correction"": ""bakir""}]"
5939,wa souk bi nak,waa sukk bi nak,waa sukk bi nak,keep,https://www.youtube.com/watch?v=wMOsSBNV-iI,"[{""token"": ""wa"", ""category"": ""ambiguous_cognate"", ""selected_candidate"": ""waa"", ""final_correction"": ""waa""}, {""token"": ""souk"", ""category"": ""french_native"", ""selected_candidate"": ""sukk"", ""final_correction"": ""sukk""}, {""token"": ""bi"", ""category"": ""ambiguous_cognate"", ""selected_candidate"": ""bi"", ""final_correction"": ""bi""}, {""token"": ""nak"", ""category"": ""ambiguous_cognate"", ""selected_candidate"": ""nak"", ""final_correction"": ""nak""}]"
