source_index,comment,auto_suggestion,manual_formal_wolof,status,video_url,token_corrections_json
250,mann buneh weurseuk rek sama hol bi jekh shetete ‍️‍️,mànn buné weerseek rek sama gól bi jeex seetee,mànn buné weerseek rek sama gól bi jeex seetee,keep,https://www.youtube.com/watch?v=Myd-Gg4Mhck,"[{""token"": ""mann"", ""category"": ""informal_wolof"", ""selected_candidate"": ""mànn"", ""final_correction"": ""man""}, {""token"": ""buneh"", ""category"": ""informal_wolof"", ""selected_candidate"": ""buné"", ""final_correction"": ""bu ne""}, {""token"": ""weurseuk"", ""category"": ""informal_wolof"", ""selected_candidate"": ""weerseek"", ""final_correction"": ""wërsëg""}, {""token"": ""rek"", ""category"": ""ambiguous_cognate"", ""selected_candidate"": ""rek"", ""final_correction"": ""rek""}, {""token"": ""sama"", ""category"": ""ambiguous_cognate"", ""selected_candidate"": ""sama"", ""final_correction"": ""sama""}, {""token"": ""hol"", ""category"": ""informal_wolof"", ""selected_candidate"": ""gól"", ""final_correction"": ""xol""}, {""token"": ""bi"", ""category"": ""ambiguous_cognate"", ""selected_candidate"": ""bi"", ""final_correction"": ""bi""}, {""token"": ""jekh"", ""category"": ""informal_wolof"", ""selected_candidate"": ""jeex"", ""final_correction"": ""jeex""}, {""token"": ""shetete"", ""category"": ""informal_wolof"", ""selected_candidate"": ""seetee"", ""final_correction"": ""séttétét""}]"
252,bb mareme kay,bb mareem kay,bb mareem kay,discard_uninteresting,https://www.youtube.com/watch?v=Myd-Gg4Mhck,"[{""token"": ""bb"", ""category"": ""wolof_formal"", ""selected_candidate"": ""bb"", ""final_correction"": ""bb""}, {""token"": ""mareme"", ""category"": ""informal_wolof"", ""selected_candidate"": ""mareem"", ""final_correction"": ""mareem""}, {""token"": ""kay"", ""category"": ""wolof_formal"", ""selected_candidate"": ""kay"", ""final_correction"": ""kay""}]"
253,tidiane aka wayadi thi dome,tiijaan aka wayadi thi doom,tiijaan aka wayadi thi doom,keep,https://www.youtube.com/watch?v=Myd-Gg4Mhck,"[{""token"": ""tidiane"", ""category"": ""french_substituted"", ""selected_candidate"": ""tidiane"", ""final_correction"": ""tidiane""}, {""token"": ""aka"", ""category"": ""ambiguous_cognate"", ""selected_candidate"": ""aka"", ""final_correction"": ""aka""}, {""token"": ""wayadi"", ""category"": ""wolof_formal"", ""selected_candidate"": ""wayadi"", ""final_correction"": ""wayadi""}, {""token"": ""thi"", ""category"": ""french_native"", ""selected_candidate"": ""thi"", ""final_correction"": ""ci""}, {""token"": ""dome"", ""category"": ""informal_wolof"", ""selected_candidate"": ""doom"", ""final_correction"": ""doom""}]"
254,maman oumy mom bane épisode lay dèwè?,maman um mom bane épisode lay dèwè,maman um mom bane épisode lay dèwè,keep,https://www.youtube.com/watch?v=Myd-Gg4Mhck,"[{""token"": ""maman"", ""category"": ""french_native"", ""selected_candidate"": ""maman"", ""final_correction"": ""maman""}, {""token"": ""oumy"", ""category"": ""informal_wolof"", ""selected_candidate"": ""oumy"", ""final_correction"": ""oumy""}, {""token"": ""mom"", ""category"": ""wolof_formal"", ""selected_candidate"": ""mom"", ""final_correction"": ""mom""}, {""token"": ""bane"", ""category"": ""french_native"", ""selected_candidate"": ""bane"", ""final_correction"": ""ban""}, {""token"": ""épisode"", ""category"": ""french_native"", ""selected_candidate"": ""épisode"", ""final_correction"": ""épisode""}, {""token"": ""lay"", ""category"": ""ambiguous_cognate"", ""selected_candidate"": ""lay"", ""final_correction"": ""lay""}, {""token"": ""dèwè"", ""category"": ""informal_wolof"", ""selected_candidate"": ""dèwè"", ""final_correction"": ""dee""}]"
255,mbeuguel mo nekh cou d'accord lalalma,mbëggeel mo neex cou d'accord laalna,mbëggeel mo neex cou d'accord laalna,keep,https://www.youtube.com/watch?v=Myd-Gg4Mhck,"[{""token"": ""mbeuguel"", ""category"": ""informal_wolof"", ""selected_candidate"": ""mbëggeel"", ""final_correction"": ""mbëggeel""}, {""token"": ""mo"", ""category"": ""ambiguous_cognate"", ""selected_candidate"": ""mo"", ""final_correction"": ""mo""}, {""token"": ""nekh"", ""category"": ""informal_wolof"", ""selected_candidate"": ""neex"", ""final_correction"": ""neex""}, {""token"": ""cou"", ""category"": ""french_native"", ""selected_candidate"": ""cou"", ""final_correction"": ""ku""}, {""token"": ""d'accord"", ""category"": ""french_native"", ""selected_candidate"": ""d'accord"", ""final_correction"": ""d'accord""}, {""token"": ""lalalma"", ""category"": ""informal_wolof"", ""selected_candidate"": ""laalna"", ""final_correction"": ""laalal ma""}]"
256,genr maman oumy yi danio may enervé vraiment,géer maman um yi denio may reserve vraiment,géer maman um yi denio may reserve vraiment,keep,https://www.youtube.com/watch?v=Myd-Gg4Mhck,"[{""token"": ""genr"", ""category"": ""informal_wolof"", ""selected_candidate"": ""géer"", ""final_correction"": ""genre""}, {""token"": ""maman"", ""category"": ""french_native"", ""selected_candidate"": ""maman"", ""final_correction"": ""maman""}, {""token"": ""oumy"", ""category"": ""informal_wolof"", ""selected_candidate"": ""oumy"", ""final_correction"": ""oumy""}, {""token"": ""yi"", ""category"": ""ambiguous_cognate"", ""selected_candidate"": ""yi"", ""final_correction"": ""yi""}, {""token"": ""danio"", ""category"": ""informal_wolof"", ""selected_candidate"": ""denio"", ""final_correction"": ""dañu""}, {""token"": ""may"", ""category"": ""ambiguous_cognate"", ""selected_candidate"": ""may"", ""final_correction"": ""may""}, {""token"": ""enervé"", ""category"": ""informal_wolof"", ""selected_candidate"": ""reserve"", ""final_correction"": ""énerver""}, {""token"": ""vraiment"", ""category"": ""french_native"", ""selected_candidate"": ""vraiment"", ""final_correction"": ""vraiment""}]"
257,père mor ak bakir gno gana irresponsables ci serie bi,pappa mor ak bakir gno gana irresponsables ci série bi,pappa mor ak bakir gno gana irresponsables ci série bi,keep,https://www.youtube.com/watch?v=Myd-Gg4Mhck,"[{""token"": ""père"", ""category"": ""french_substituted"", ""selected_candidate"": ""père"", ""final_correction"": ""père""}, {""token"": ""mor"", ""category"": ""french_native"", ""selected_candidate"": ""mor"", ""final_correction"": ""mor""}, {""token"": ""ak"", ""category"": ""ambiguous_cognate"", ""selected_candidate"": ""ak"", ""final_correction"": ""ak""}, {""token"": ""bakir"", ""category"": ""informal_wolof"", ""selected_candidate"": ""bakir"", ""final_correction"": ""bakir""}, {""token"": ""gno"", ""category"": ""wolof_formal"", ""selected_candidate"": ""ñoo"", ""final_correction"": ""ñoo""}, {""token"": ""gana"", ""category"": ""ambiguous_cognate"", ""selected_candidate"": ""gana"", ""final_correction"": ""gëna""}, {""token"": ""irresponsables"", ""category"": ""french_native"", ""selected_candidate"": ""irresponsables"", ""final_correction"": ""irresponsables""}, {""token"": ""ci"", ""category"": ""ambiguous_cognate"", ""selected_candidate"": ""ci"", ""final_correction"": ""ci""}, {""token"": ""serie"", ""category"": ""informal_wolof"", ""selected_candidate"": ""série"", ""final_correction"": ""série""}, {""token"": ""bi"", ""category"": ""ambiguous_cognate"", ""selected_candidate"": ""bi"", ""final_correction"": ""bi""}]"
258,khady thiam yangi exagérer vrema nekko si deug bene yoon mareme sa badiene la avant goro donc ua wara baalou akh rk lep diaraat yoon nga goor goor lou 06,xaay caam yangi exagérer neemaa nekko si dëgg bene yoon mareem sa bàjjen la avant goro kon ua wara baalu ax r lep jaayaat yoon nga goor goor lou __protected_0__,xaay caam yangi exagérer neemaa nekko si dëgg bene yoon mareem sa bàjjen la avant goro kon ua wara baalu ax r lep jaayaat yoon nga goor goor lou __protected_0__,keep,https://www.youtube.com/watch?v=Myd-Gg4Mhck,"[{""token"": ""khady"", ""category"": ""informal_wolof"", ""selected_candidate"": ""khady"", ""final_correction"": ""khady""}, {""token"": ""thiam"", ""category"": ""french_substituted"", ""selected_candidate"": ""thiam"", ""final_correction"": ""thiam""}, {""token"": ""yangi"", ""category"": ""wolof_formal"", ""selected_candidate"": ""yaangi"", ""final_correction"": ""yaa ngi""}, {""token"": ""exagérer"", ""category"": ""french_native"", ""selected_candidate"": ""exagérer"", ""final_correction"": ""exagérer""}, {""token"": ""vrema"", ""category"": ""informal_wolof"", ""selected_candidate"": ""neemaa"", ""final_correction"": ""vraiment""}, {""token"": ""nekko"", ""category"": ""wolof_formal"", ""selected_candidate"": ""nekko"", ""final_correction"": ""nekko""}, {""token"": ""si"", ""category"": ""ambiguous_cognate"", ""selected_candidate"": ""si"", ""final_correction"": ""ci""}, {""token"": ""deug"", ""category"": ""informal_wolof"", ""selected_candidate"": ""dëgg"", ""final_correction"": ""dëgg""}, {""token"": ""bene"", ""category"": ""ambiguous_cognate"", ""selected_candidate"": ""bene"", ""final_correction"": ""bene""}, {""token"": ""yoon"", ""category"": ""ambiguous_cognate"", ""selected_candidate"": ""yoon"", ""final_correction"": ""yoon""}, {""token"": ""mareme"", ""category"": ""informal_wolof"", ""selected_candidate"": ""mareme"", ""final_correction"": ""mareme""}, {""token"": ""sa"", ""category"": ""ambiguous_cognate"", ""selected_candidate"": ""sa"", ""final_correction"": ""sa""}, {""token"": ""badiene"", ""category"": ""informal_wolof"", ""selected_candidate"": ""bàjjen"", ""final_correction"": ""bàjjen""}, {""token"": ""la"", ""category"": ""ambiguous_cognate"", ""selected_candidate"": ""la"", ""final_correction"": ""la""}, {""token"": ""avant"", ""category"": ""ambiguous_cognate"", ""selected_candidate"": ""avant"", ""final_correction"": ""avant""}, {""token"": ""goro"", ""category"": ""ambiguous_cognate"", ""selected_candidate"": ""goro"", ""final_correction"": ""goro""}, {""token"": ""donc"", ""category"": ""french_substituted"", ""selected_candidate"": ""kon"", ""final_correction"": ""kon""}, {""token"": ""ua"", ""category"": ""ambiguous_cognate"", ""selected_candidate"": ""ua"", ""final_correction"": ""nga""}, {""token"": ""wara"", ""category"": ""wolof_formal"", ""selected_candidate"": ""wara"", ""final_correction"": ""wara""}, {""token"": ""baalou"", ""category"": ""informal_wolof"", ""selected_candidate"": ""baalu"", ""final_correction"": ""baalu""}, {""token"": ""akh"", ""category"": ""informal_wolof"", ""selected_candidate"": ""àq"", ""final_correction"": ""àq""}, {""token"": ""rk"", ""category"": ""informal_wolof"", ""selected_candidate"": ""r"", ""final_correction"": ""rek""}, {""token"": ""lep"", ""category"": ""wolof_formal"", ""selected_candidate"": ""lép"", ""final_correction"": ""lépp""}, {""token"": ""diaraat"", ""category"": ""informal_wolof"", ""selected_candidate"": ""jaayaat"", ""final_correction"": ""jaarat""}, {""token"": ""yoon"", ""category"": ""ambiguous_cognate"", ""selected_candidate"": ""yoon"", ""final_correction"": ""yoon""}, {""token"": ""nga"", ""category"": ""ambiguous_cognate"", ""selected_candidate"": ""nga"", ""final_correction"": ""nga""}, {""token"": ""goor"", ""category"": ""wolof_formal"", ""selected_candidate"": ""goor"", ""final_correction"": ""goor""}, {""token"": ""goor"", ""category"": ""wolof_formal"", ""selected_candidate"": ""goor"", ""final_correction"": ""goor""}, {""token"": ""lou"", ""category"": ""wolof_formal"", ""selected_candidate"": ""lu"", ""final_correction"": ""lu""}, {""token"": ""__protected_0__"", ""category"": ""informal_wolof"", ""selected_candidate"": ""__protected_0__"", ""final_correction"": ""__protected_0__""}]"
259,khady thiam elle en demande trop comment tu veut séparer l’unique enfant de sa mère problème amna wakhtanelenko déjà marieme kholou yaye mo wakh mais bonoul dafa dioum rek dafa diar apparemment,xaay caam elle en demande trop nan tu veut séparer l unique enfant de sa mère jafe-jafe amna wakhtanelenko déjà marieme xoolu yaye mo wakh mais bonul dafa juum rek dafa jaar apparemment,xaay caam elle en demande trop nan tu veut séparer l unique enfant de sa mère jafe-jafe amna wakhtanelenko déjà marieme xoolu yaye mo wakh mais bonul dafa juum rek dafa jaar apparemment,keep,https://www.youtube.com/watch?v=Myd-Gg4Mhck,"[{""token"": ""khady"", ""category"": ""informal_wolof"", ""selected_candidate"": ""khady"", ""final_correction"": ""khady""}, {""token"": ""thiam"", ""category"": ""french_substituted"", ""selected_candidate"": ""thiam"", ""final_correction"": ""thiam""}, {""token"": ""elle"", ""category"": ""ambiguous_cognate"", ""selected_candidate"": ""elle"", ""final_correction"": ""elle""}, {""token"": ""en"", ""category"": ""ambiguous_cognate"", ""selected_candidate"": ""en"", ""final_correction"": ""en""}, {""token"": ""demande"", ""category"": ""ambiguous_cognate"", ""selected_candidate"": ""demande"", ""final_correction"": ""demande""}, {""token"": ""trop"", ""category"": ""french_native"", ""selected_candidate"": ""trop"", ""final_correction"": ""trop""}, {""token"": ""comment"", ""category"": ""french_substituted"", ""selected_candidate"": ""comment"", ""final_correction"": ""comment""}, {""token"": ""tu"", ""category"": ""ambiguous_cognate"", ""selected_candidate"": ""tu"", ""final_correction"": ""tu""}, {""token"": ""veut"", ""category"": ""french_native"", ""selected_candidate"": ""veut"", ""final_correction"": ""veut""}, {""token"": ""séparer"", ""category"": ""french_native"", ""selected_candidate"": ""séparer"", ""final_correction"": ""séparer""}, {""token"": ""l"", ""category"": ""ambiguous_cognate"", ""selected_candidate"": ""l"", ""final_correction"": ""l""}, {""token"": ""unique"", ""category"": ""french_native"", ""selected_candidate"": ""unique"", ""final_correction"": ""unique""}, {""token"": ""enfant"", ""category"": ""french_native"", ""selected_candidate"": ""enfant"", ""final_correction"": ""enfant""}, {""token"": ""de"", ""category"": ""ambiguous_cognate"", ""selected_candidate"": ""de"", ""final_correction"": ""de""}, {""token"": ""sa"", ""category"": ""ambiguous_cognate"", ""selected_candidate"": ""sa"", ""final_correction"": ""sa""}, {""token"": ""mère"", ""category"": ""ambiguous_cognate"", ""selected_candidate"": ""mère"", ""final_correction"": ""mère""}, {""token"": ""problème"", ""category"": ""french_substituted"", ""selected_candidate"": ""problème"", ""final_correction"": ""problème""}, {""token"": ""amna"", ""category"": ""wolof_formal"", ""selected_candidate"": ""amna"", ""final_correction"": ""amna""}, {""token"": ""wakhtanelenko"", ""category"": ""informal_wolof"", ""selected_candidate"": ""wakhtanelenko"", ""final_correction"": ""waxtaan lene ko""}, {""token"": ""déjà"", ""category"": ""french_native"", ""selected_candidate"": ""déjà"", ""final_correction"": ""déjà""}, {""token"": ""marieme"", ""category"": ""french_native"", ""selected_candidate"": ""marieme"", ""final_correction"": ""marieme""}, {""token"": ""kholou"", ""category"": ""informal_wolof"", ""selected_candidate"": ""xolu"", ""final_correction"": ""xolu""}, {""token"": ""yaye"", ""category"": ""wolof_formal"", ""selected_candidate"": ""yaye"", ""final_correction"": ""yaye""}, {""token"": ""mo"", ""category"": ""ambiguous_cognate"", ""selected_candidate"": ""mo"", ""final_correction"": ""mo""}, {""token"": ""wakh"", ""category"": ""french_native"", ""selected_candidate"": ""wakh"", ""final_correction"": ""wax""}, {""token"": ""mais"", ""category"": ""ambiguous_cognate"", ""selected_candidate"": ""mais"", ""final_correction"": ""mais""}, {""token"": ""bonoul"", ""category"": ""informal_wolof"", ""selected_candidate"": ""bonul"", ""final_correction"": ""bonul""}, {""token"": ""dafa"", ""category"": ""ambiguous_cognate"", ""selected_candidate"": ""dafa"", ""final_correction"": ""dafa""}, {""token"": ""dioum"", ""category"": ""informal_wolof"", ""selected_candidate"": ""juum"", ""final_correction"": ""juum""}, {""token"": ""rek"", ""category"": ""ambiguous_cognate"", ""selected_candidate"": ""rek"", ""final_correction"": ""rek""}, {""token"": ""dafa"", ""category"": ""ambiguous_cognate"", ""selected_candidate"": ""dafa"", ""final_correction"": ""dafa""}, {""token"": ""diar"", ""category"": ""informal_wolof"", ""selected_candidate"": ""jaar"", ""final_correction"": ""jar""}, {""token"": ""apparemment"", ""category"": ""french_native"", ""selected_candidate"": ""apparemment"", ""final_correction"": ""apparemment""}]"
260,khalil m’enerve deeeeh..,khalid m reserve deewee,khalid m reserve deewee,skip_uncertain,https://www.youtube.com/watch?v=Myd-Gg4Mhck,"[{""token"": ""khalil"", ""category"": ""informal_wolof"", ""selected_candidate"": ""khalil"", ""final_correction"": ""khalil""}, {""token"": ""m"", ""category"": ""ambiguous_cognate"", ""selected_candidate"": ""m"", ""final_correction"": ""m""}, {""token"": ""enerve"", ""category"": ""informal_wolof"", ""selected_candidate"": ""reserve"", ""final_correction"": ""énerve""}, {""token"": ""deeeeh"", ""category"": ""informal_wolof"", ""selected_candidate"": ""deewee"", ""final_correction"": ""deewee""}]"
261,série sénégal yi ngay guiss kou am diom si début bi ak fouleu moudjer gnakeu diome ndakh djiguene domou bb maréme bi tmt legui dagnouko yilif sim,série sénégal yi ngay guiss ku am jum si début bi ak fuléet mujjee ñakku diome ndax djiguene doomu bb maree bi tt legui dañuko yilif sim,série sénégal yi ngay guiss ku am jum si début bi ak fuléet mujjee ñakku diome ndax djiguene doomu bb maree bi tt legui dañuko yilif sim,keep,https://www.youtube.com/watch?v=Myd-Gg4Mhck,"[{""token"": ""série"", ""category"": ""ambiguous_cognate"", ""selected_candidate"": ""série"", ""final_correction"": ""série""}, {""token"": ""sénégal"", ""category"": ""ambiguous_cognate"", ""selected_candidate"": ""sénégal"", ""final_correction"": ""sénégal""}, {""token"": ""yi"", ""category"": ""ambiguous_cognate"", ""selected_candidate"": ""yi"", ""final_correction"": ""yi""}, {""token"": ""ngay"", ""category"": ""ambiguous_cognate"", ""selected_candidate"": ""ngay"", ""final_correction"": ""ngay""}, {""token"": ""guiss"", ""category"": ""ambiguous_cognate"", ""selected_candidate"": ""guiss"", ""final_correction"": ""gis""}, {""token"": ""kou"", ""category"": ""informal_wolof"", ""selected_candidate"": ""ku"", ""final_correction"": ""ku""}, {""token"": ""am"", ""category"": ""ambiguous_cognate"", ""selected_candidate"": ""am"", ""final_correction"": ""am""}, {""token"": ""diom"", ""category"": ""informal_wolof"", ""selected_candidate"": ""jum"", ""final_correction"": ""jom""}, {""token"": ""si"", ""category"": ""ambiguous_cognate"", ""selected_candidate"": ""si"", ""final_correction"": ""ci""}, {""token"": ""début"", ""category"": ""french_native"", ""selected_candidate"": ""début"", ""final_correction"": ""début""}, {""token"": ""bi"", ""category"": ""ambiguous_cognate"", ""selected_candidate"": ""bi"", ""final_correction"": ""bi""}, {""token"": ""ak"", ""category"": ""ambiguous_cognate"", ""selected_candidate"": ""ak"", ""final_correction"": ""ak""}, {""token"": ""fouleu"", ""category"": ""informal_wolof"", ""selected_candidate"": ""fuléet"", ""final_correction"": ""fulla""}, {""token"": ""moudjer"", ""category"": ""informal_wolof"", ""selected_candidate"": ""mujjee"", ""final_correction"": ""mujjee""}, {""token"": ""gnakeu"", ""category"": ""informal_wolof"", ""selected_candidate"": ""ñàkk"", ""final_correction"": ""ñàkk""}, {""token"": ""diome"", ""category"": ""french_native"", ""selected_candidate"": ""diome"", ""final_correction"": ""jom""}, {""token"": ""ndakh"", ""category"": ""informal_wolof"", ""selected_candidate"": ""ndax"", ""final_correction"": ""ndax""}, {""token"": ""djiguene"", ""category"": ""french_native"", ""selected_candidate"": ""djiguene"", ""final_correction"": ""jigéen""}, {""token"": ""domou"", ""category"": ""informal_wolof"", ""selected_candidate"": ""doomu"", ""final_correction"": ""doomu""}, {""token"": ""bb"", ""category"": ""wolof_formal"", ""selected_candidate"": ""bb"", ""final_correction"": ""bb""}, {""token"": ""maréme"", ""category"": ""informal_wolof"", ""selected_candidate"": ""maree"", ""final_correction"": ""maréme""}, {""token"": ""bi"", ""category"": ""ambiguous_cognate"", ""selected_candidate"": ""bi"", ""final_correction"": ""bi""}, {""token"": ""tmt"", ""category"": ""informal_wolof"", ""selected_candidate"": ""tt"", ""final_correction"": ""tamit""}, {""token"": ""legui"", ""category"": ""wolof_formal"", ""selected_candidate"": ""legui"", ""final_correction"": ""léegi""}, {""token"": ""dagnouko"", ""category"": ""informal_wolof"", ""selected_candidate"": ""dañuko"", ""final_correction"": ""dañu ko""}, {""token"": ""yilif"", ""category"": ""wolof_formal"", ""selected_candidate"": ""yilif"", ""final_correction"": ""yilif""}, {""token"": ""sim"", ""category"": ""wolof_formal"", ""selected_candidate"": ""sim"", ""final_correction"": ""sim""}]"
265,mama oumy mo sof kou d’ accord rèk lala j,mama um mo sof ku d accord rek lala j,mama um mo sof ku d accord rek lala j,keep,https://www.youtube.com/watch?v=Myd-Gg4Mhck,"[{""token"": ""mama"", ""category"": ""ambiguous_cognate"", ""selected_candidate"": ""mama"", ""final_correction"": ""mama""}, {""token"": ""oumy"", ""category"": ""informal_wolof"", ""selected_candidate"": ""oumy"", ""final_correction"": ""oumy""}, {""token"": ""mo"", ""category"": ""ambiguous_cognate"", ""selected_candidate"": ""mo"", ""final_correction"": ""mo""}, {""token"": ""sof"", ""category"": ""wolof_formal"", ""selected_candidate"": ""soof"", ""final_correction"": ""soof""}, {""token"": ""kou"", ""category"": ""informal_wolof"", ""selected_candidate"": ""ku"", ""final_correction"": ""ku""}, {""token"": ""d"", ""category"": ""ambiguous_cognate"", ""selected_candidate"": ""d"", ""final_correction"": ""d""}, {""token"": ""accord"", ""category"": ""ambiguous_cognate"", ""selected_candidate"": ""accord"", ""final_correction"": ""accord""}, {""token"": ""rèk"", ""category"": ""informal_wolof"", ""selected_candidate"": ""rek"", ""final_correction"": ""rek""}, {""token"": ""lala"", ""category"": ""ambiguous_cognate"", ""selected_candidate"": ""laal"", ""final_correction"": ""laal""}, {""token"": ""j"", ""category"": ""ambiguous_cognate"", ""selected_candidate"": ""j"", ""final_correction"": ""j""}]"
266,none nani bb maréme lay dégue fofou,none nani bb maree lay déggu foofu,none nani bb maree lay déggu foofu,skip_uncertain,https://www.youtube.com/watch?v=Myd-Gg4Mhck,"[{""token"": ""none"", ""category"": ""french_native"", ""selected_candidate"": ""none"", ""final_correction"": ""none""}, {""token"": ""nani"", ""category"": ""wolof_formal"", ""selected_candidate"": ""nani"", ""final_correction"": ""nani""}, {""token"": ""bb"", ""category"": ""wolof_formal"", ""selected_candidate"": ""bb"", ""final_correction"": ""bb""}, {""token"": ""maréme"", ""category"": ""informal_wolof"", ""selected_candidate"": ""maree"", ""final_correction"": ""maréme""}, {""token"": ""lay"", ""category"": ""ambiguous_cognate"", ""selected_candidate"": ""lay"", ""final_correction"": ""lay""}, {""token"": ""dégue"", ""category"": ""informal_wolof"", ""selected_candidate"": ""déggu"", ""final_correction"": ""déggu""}, {""token"": ""fofou"", ""category"": ""informal_wolof"", ""selected_candidate"": ""foofu"", ""final_correction"": ""foofu""}]"
262,mareme thiam à fin lanegua beugue,mareem caam à jeexitalu langue beugue,mareem caam à jeexitalu langue beugue,keep,https://www.youtube.com/watch?v=Myd-Gg4Mhck,"[{""token"": ""mareme"", ""category"": ""informal_wolof"", ""selected_candidate"": ""mareme"", ""final_correction"": ""mareme""}, {""token"": ""thiam"", ""category"": ""french_substituted"", ""selected_candidate"": ""thiam"", ""final_correction"": ""thiam""}, {""token"": ""à"", ""category"": ""ambiguous_cognate"", ""selected_candidate"": ""à"", ""final_correction"": ""à""}, {""token"": ""fin"", ""category"": ""french_substituted"", ""selected_candidate"": ""fin"", ""final_correction"": ""fin""}, {""token"": ""lanegua"", ""category"": ""informal_wolof"", ""selected_candidate"": ""langue"", ""final_correction"": ""lan nga""}, {""token"": ""beugue"", ""category"": ""french_native"", ""selected_candidate"": ""beugue"", ""final_correction"": ""bëgg""}]"
263,mane aida momay ray,mane aida moomay ray,mane aida moomay ray,keep,https://www.youtube.com/watch?v=Myd-Gg4Mhck,"[{""token"": ""mane"", ""category"": ""ambiguous_cognate"", ""selected_candidate"": ""mane"", ""final_correction"": ""mane""}, {""token"": ""aida"", ""category"": ""ambiguous_cognate"", ""selected_candidate"": ""aida"", ""final_correction"": ""aida""}, {""token"": ""momay"", ""category"": ""informal_wolof"", ""selected_candidate"": ""moomay"", ""final_correction"": ""moomay""}, {""token"": ""ray"", ""category"": ""ambiguous_cognate"", ""selected_candidate"": ""ray"", ""final_correction"": ""rey""}]"
267,maman oumy la beug quoi,maman um la beug quoi,maman um la beug quoi,keep,https://www.youtube.com/watch?v=Myd-Gg4Mhck,"[{""token"": ""maman"", ""category"": ""french_native"", ""selected_candidate"": ""maman"", ""final_correction"": ""maman""}, {""token"": ""oumy"", ""category"": ""informal_wolof"", ""selected_candidate"": ""oumy"", ""final_correction"": ""oumy""}, {""token"": ""la"", ""category"": ""ambiguous_cognate"", ""selected_candidate"": ""laa"", ""final_correction"": ""laa""}, {""token"": ""beug"", ""category"": ""wolof_formal"", ""selected_candidate"": ""bëgg"", ""final_correction"": ""bëgg""}, {""token"": ""quoi"", ""category"": ""ambiguous_cognate"", ""selected_candidate"": ""quoi"", ""final_correction"": ""quoi""}]"
268,khalika moy djiguénou diam ak salam yoyou bilahi daniou laye topato bangay mire,saalika moy djiguen diam ak salam yoyu bilahi duniu laye toppato baanay mire,saalika moy djiguen diam ak salam yoyu bilahi duniu laye toppato baanay mire,keep,https://www.youtube.com/watch?v=Myd-Gg4Mhck,"[{""token"": ""khalika"", ""category"": ""informal_wolof"", ""selected_candidate"": ""khalika"", ""final_correction"": ""khalika""}, {""token"": ""moy"", ""category"": ""wolof_formal"", ""selected_candidate"": ""mooy"", ""final_correction"": ""mooy""}, {""token"": ""djiguénou"", ""category"": ""informal_wolof"", ""selected_candidate"": ""djiguen"", ""final_correction"": ""jigéenu""}, {""token"": ""diam"", ""category"": ""ambiguous_cognate"", ""selected_candidate"": ""jàam"", ""final_correction"": ""jàmm""}, {""token"": ""ak"", ""category"": ""ambiguous_cognate"", ""selected_candidate"": ""ak"", ""final_correction"": ""ak""}, {""token"": ""salam"", ""category"": ""ambiguous_cognate"", ""selected_candidate"": ""salam"", ""final_correction"": ""salam""}, {""token"": ""yoyou"", ""category"": ""informal_wolof"", ""selected_candidate"": ""yooyu"", ""final_correction"": ""yooyu""}, {""token"": ""bilahi"", ""category"": ""informal_wolof"", ""selected_candidate"": ""bilahi"", ""final_correction"": ""bilahi""}, {""token"": ""daniou"", ""category"": ""informal_wolof"", ""selected_candidate"": ""duniu"", ""final_correction"": ""dañu""}, {""token"": ""laye"", ""category"": ""ambiguous_cognate"", ""selected_candidate"": ""laye"", ""final_correction"": ""laye""}, {""token"": ""topato"", ""category"": ""informal_wolof"", ""selected_candidate"": ""toppato"", ""final_correction"": ""toppato""}, {""token"": ""bangay"", ""category"": ""informal_wolof"", ""selected_candidate"": ""bangay"", ""final_correction"": ""bangay""}, {""token"": ""mire"", ""category"": ""french_native"", ""selected_candidate"": ""mire"", ""final_correction"": ""miir""}]"
269,tidiane bis boo dof dof lo ba khadi thiam took sa boop bi yakhou nga goor daye deugeur waay,tiijaan bis boo dof dof lo ba xadi caam took sa boop bi yaqu nga goor ayee dëger waay,tiijaan bis boo dof dof lo ba xadi caam took sa boop bi yaqu nga goor ayee dëger waay,keep,https://www.youtube.com/watch?v=Myd-Gg4Mhck,"[{""token"": ""tidiane"", ""category"": ""french_substituted"", ""selected_candidate"": ""tidiane"", ""final_correction"": ""tidiane""}, {""token"": ""bis"", ""category"": ""ambiguous_cognate"", ""selected_candidate"": ""bis"", ""final_correction"": ""bés""}, {""token"": ""boo"", ""category"": ""ambiguous_cognate"", ""selected_candidate"": ""boo"", ""final_correction"": ""boo""}, {""token"": ""dof"", ""category"": ""ambiguous_cognate"", ""selected_candidate"": ""dof"", ""final_correction"": ""dof""}, {""token"": ""dof"", ""category"": ""ambiguous_cognate"", ""selected_candidate"": ""dof"", ""final_correction"": ""dof""}, {""token"": ""lo"", ""category"": ""ambiguous_cognate"", ""selected_candidate"": ""loo"", ""final_correction"": ""loo""}, {""token"": ""ba"", ""category"": ""ambiguous_cognate"", ""selected_candidate"": ""ba"", ""final_correction"": ""ba""}, {""token"": ""khadi"", ""category"": ""informal_wolof"", ""selected_candidate"": ""khadi"", ""final_correction"": ""khadi""}, {""token"": ""thiam"", ""category"": ""french_substituted"", ""selected_candidate"": ""thiam"", ""final_correction"": ""thiam""}, {""token"": ""took"", ""category"": ""wolof_formal"", ""selected_candidate"": ""took"", ""final_correction"": ""toog""}, {""token"": ""sa"", ""category"": ""ambiguous_cognate"", ""selected_candidate"": ""sa"", ""final_correction"": ""sa""}, {""token"": ""boop"", ""category"": ""wolof_formal"", ""selected_candidate"": ""boop"", ""final_correction"": ""bopp""}, {""token"": ""bi"", ""category"": ""ambiguous_cognate"", ""selected_candidate"": ""bi"", ""final_correction"": ""bi""}, {""token"": ""yakhou"", ""category"": ""informal_wolof"", ""selected_candidate"": ""yàqu"", ""final_correction"": ""yàqu""}, {""token"": ""nga"", ""category"": ""ambiguous_cognate"", ""selected_candidate"": ""nga"", ""final_correction"": ""nga""}, {""token"": ""goor"", ""category"": ""wolof_formal"", ""selected_candidate"": ""goor"", ""final_correction"": ""goor""}, {""token"": ""daye"", ""category"": ""informal_wolof"", ""selected_candidate"": ""daye"", ""final_correction"": ""daye""}, {""token"": ""deugeur"", ""category"": ""informal_wolof"", ""selected_candidate"": ""dëger"", ""final_correction"": ""dëgër""}, {""token"": ""waay"", ""category"": ""wolof_formal"", ""selected_candidate"": ""waay"", ""final_correction"": ""waay""}]"
270,légui djiguéne gni mére yi laniouy seuyeul goor gni sakh bégeutou niou contana touniou ndakh mére yi tass naniou keur yép,légui djiguen gni mere yi lanuy seeyul goor gni saax déggatu niou montana tuniku ndax mere yi tass nangou keur yép,légui djiguen gni mere yi lanuy seeyul goor gni saax déggatu niou montana tuniku ndax mere yi tass nangou keur yép,keep,https://www.youtube.com/watch?v=Myd-Gg4Mhck,"[{""token"": ""légui"", ""category"": ""wolof_formal"", ""selected_candidate"": ""légui"", ""final_correction"": ""léegi""}, {""token"": ""djiguéne"", ""category"": ""informal_wolof"", ""selected_candidate"": ""jiggén"", ""final_correction"": ""jigéen""}, {""token"": ""gni"", ""category"": ""wolof_formal"", ""selected_candidate"": ""ñi"", ""final_correction"": ""ñi""}, {""token"": ""mére"", ""category"": ""informal_wolof"", ""selected_candidate"": ""mére"", ""final_correction"": ""mére""}, {""token"": ""yi"", ""category"": ""ambiguous_cognate"", ""selected_candidate"": ""yi"", ""final_correction"": ""yi""}, {""token"": ""laniouy"", ""category"": ""informal_wolof"", ""selected_candidate"": ""lanuy"", ""final_correction"": ""lañuy""}, {""token"": ""seuyeul"", ""category"": ""informal_wolof"", ""selected_candidate"": ""seeyul"", ""final_correction"": ""séyël""}, {""token"": ""goor"", ""category"": ""wolof_formal"", ""selected_candidate"": ""goor"", ""final_correction"": ""goor""}, {""token"": ""gni"", ""category"": ""wolof_formal"", ""selected_candidate"": ""ñi"", ""final_correction"": ""ñi""}, {""token"": ""sakh"", ""category"": ""informal_wolof"", ""selected_candidate"": ""sax"", ""final_correction"": ""sax""}, {""token"": ""bégeutou"", ""category"": ""informal_wolof"", ""selected_candidate"": ""déggatu"", ""final_correction"": ""bëggëtu""}, {""token"": ""niou"", ""category"": ""ambiguous_cognate"", ""selected_candidate"": ""niou"", ""final_correction"": ""ñu""}, {""token"": ""contana"", ""category"": ""informal_wolof"", ""selected_candidate"": ""montana"", ""final_correction"": ""kontaana""}, {""token"": ""touniou"", ""category"": ""informal_wolof"", ""selected_candidate"": ""tuniku"", ""final_correction"": ""tuñu""}, {""token"": ""ndakh"", ""category"": ""informal_wolof"", ""selected_candidate"": ""ndax"", ""final_correction"": ""ndax""}, {""token"": ""mére"", ""category"": ""informal_wolof"", ""selected_candidate"": ""mére"", ""final_correction"": ""mére""}, {""token"": ""yi"", ""category"": ""ambiguous_cognate"", ""selected_candidate"": ""yi"", ""final_correction"": ""yi""}, {""token"": ""tass"", ""category"": ""wolof_formal"", ""selected_candidate"": ""tass"", ""final_correction"": ""tas""}, {""token"": ""naniou"", ""category"": ""informal_wolof"", ""selected_candidate"": ""nangou"", ""final_correction"": ""nañu""}, {""token"": ""keur"", ""category"": ""ambiguous_cognate"", ""selected_candidate"": ""kër"", ""final_correction"": ""kër""}, {""token"": ""yép"", ""category"": ""wolof_formal"", ""selected_candidate"": ""yép"", ""final_correction"": ""yépp""}]"
271,khady thiam mi sofna deh ishh…,xaay caam mi safna dee ishq,xaay caam mi safna dee ishq,keep,https://www.youtube.com/watch?v=Myd-Gg4Mhck,"[{""token"": ""khady"", ""category"": ""informal_wolof"", ""selected_candidate"": ""khady"", ""final_correction"": ""khady""}, {""token"": ""thiam"", ""category"": ""french_substituted"", ""selected_candidate"": ""thiam"", ""final_correction"": ""thiam""}, {""token"": ""mi"", ""category"": ""ambiguous_cognate"", ""selected_candidate"": ""mi"", ""final_correction"": ""mi""}, {""token"": ""sofna"", ""category"": ""informal_wolof"", ""selected_candidate"": ""safna"", ""final_correction"": ""soof na""}, {""token"": ""deh"", ""category"": ""informal_wolof"", ""selected_candidate"": ""deh"", ""final_correction"": ""deh""}, {""token"": ""ishh"", ""category"": ""informal_wolof"", ""selected_candidate"": ""ishh"", ""final_correction"": ""ishh""}]"
272,pourtant mareme thiam ya djiteul nidiaye mor tay niou djiteul sa dome nga mér voilà famme,pourtant mareem caam ya jiitël nijaay mor tay niou jiitël sa doom nga mer voilà fomme,pourtant mareem caam ya jiitël nijaay mor tay niou jiitël sa doom nga mer voilà fomme,keep,https://www.youtube.com/watch?v=Myd-Gg4Mhck,"[{""token"": ""pourtant"", ""category"": ""french_native"", ""selected_candidate"": ""pourtant"", ""final_correction"": ""pourtant""}, {""token"": ""mareme"", ""category"": ""informal_wolof"", ""selected_candidate"": ""mareme"", ""final_correction"": ""mareme""}, {""token"": ""thiam"", ""category"": ""french_substituted"", ""selected_candidate"": ""thiam"", ""final_correction"": ""thiam""}, {""token"": ""ya"", ""category"": ""ambiguous_cognate"", ""selected_candidate"": ""ya"", ""final_correction"": ""ya""}, {""token"": ""djiteul"", ""category"": ""informal_wolof"", ""selected_candidate"": ""jiitël"", ""final_correction"": ""jiitël""}, {""token"": ""nidiaye"", ""category"": ""informal_wolof"", ""selected_candidate"": ""nijaay"", ""final_correction"": ""nijaay""}, {""token"": ""mor"", ""category"": ""french_native"", ""selected_candidate"": ""mor"", ""final_correction"": ""mor""}, {""token"": ""tay"", ""category"": ""ambiguous_cognate"", ""selected_candidate"": ""tay"", ""final_correction"": ""tay""}, {""token"": ""niou"", ""category"": ""ambiguous_cognate"", ""selected_candidate"": ""niou"", ""final_correction"": ""niou""}, {""token"": ""djiteul"", ""category"": ""informal_wolof"", ""selected_candidate"": ""jiitël"", ""final_correction"": ""jiitël""}, {""token"": ""sa"", ""category"": ""ambiguous_cognate"", ""selected_candidate"": ""sa"", ""final_correction"": ""sa""}, {""token"": ""dome"", ""category"": ""informal_wolof"", ""selected_candidate"": ""doom"", ""final_correction"": ""doom""}, {""token"": ""nga"", ""category"": ""ambiguous_cognate"", ""selected_candidate"": ""nga"", ""final_correction"": ""nga""}, {""token"": ""mér"", ""category"": ""informal_wolof"", ""selected_candidate"": ""mer"", ""final_correction"": ""mer""}, {""token"": ""voilà"", ""category"": ""french_native"", ""selected_candidate"": ""voilà"", ""final_correction"": ""voilà""}, {""token"": ""famme"", ""category"": ""informal_wolof"", ""selected_candidate"": ""fomme"", ""final_correction"": ""femme""}]"
274,ahhh vraiment rôle maman oumy mii sof nañou ça énerve enfin,ahhh vraiment rôle maman um mii sof nañu ça énerve mujjantal,ahhh vraiment rôle maman um mii sof nañu ça énerve mujjantal,keep,https://www.youtube.com/watch?v=Myd-Gg4Mhck,"[{""token"": ""ahhh"", ""category"": ""informal_wolof"", ""selected_candidate"": ""ahhh"", ""final_correction"": ""ahhh""}, {""token"": ""vraiment"", ""category"": ""french_native"", ""selected_candidate"": ""vraiment"", ""final_correction"": ""vraiment""}, {""token"": ""rôle"", ""category"": ""ambiguous_cognate"", ""selected_candidate"": ""rôle"", ""final_correction"": ""rôle""}, {""token"": ""maman"", ""category"": ""french_native"", ""selected_candidate"": ""maman"", ""final_correction"": ""maman""}, {""token"": ""oumy"", ""category"": ""informal_wolof"", ""selected_candidate"": ""oumy"", ""final_correction"": ""oumy""}, {""token"": ""mii"", ""category"": ""wolof_formal"", ""selected_candidate"": ""mii"", ""final_correction"": ""mii""}, {""token"": ""sof"", ""category"": ""wolof_formal"", ""selected_candidate"": ""soof"", ""final_correction"": ""soof""}, {""token"": ""nañou"", ""category"": ""informal_wolof"", ""selected_candidate"": ""nañu"", ""final_correction"": ""nañu""}, {""token"": ""ça"", ""category"": ""french_native"", ""selected_candidate"": ""ça"", ""final_correction"": ""ça""}, {""token"": ""énerve"", ""category"": ""french_native"", ""selected_candidate"": ""énerve"", ""final_correction"": ""énerve""}, {""token"": ""enfin"", ""category"": ""french_substituted"", ""selected_candidate"": ""enfin"", ""final_correction"": ""enfin""}]"
276,lalby bimi diahaso istirun yi diwade kalso yi di dakkanté diangke bi fékéwou stp,lalay bii jaxasoo istoiru yi diwané kaso yi di dëkkante dënkee bi fékéwou stp,lalay bii jaxasoo istoiru yi diwané kaso yi di dëkkante dënkee bi fékéwou stp,skip_uncertain,https://www.youtube.com/watch?v=Myd-Gg4Mhck,"[{""token"": ""lalby"", ""category"": ""informal_wolof"", ""selected_candidate"": ""lalay"", ""final_correction"": ""lalay""}, {""token"": ""bimi"", ""category"": ""informal_wolof"", ""selected_candidate"": ""bii"", ""final_correction"": ""bii""}, {""token"": ""diahaso"", ""category"": ""informal_wolof"", ""selected_candidate"": ""jaxasoo"", ""final_correction"": ""jaxasoo""}, {""token"": ""istirun"", ""category"": ""informal_wolof"", ""selected_candidate"": ""istoiru"", ""final_correction"": ""istoiru""}, {""token"": ""yi"", ""category"": ""ambiguous_cognate"", ""selected_candidate"": ""yi"", ""final_correction"": ""yi""}, {""token"": ""diwade"", ""category"": ""informal_wolof"", ""selected_candidate"": ""diwané"", ""final_correction"": ""diwané""}, {""token"": ""kalso"", ""category"": ""informal_wolof"", ""selected_candidate"": ""kaso"", ""final_correction"": ""kaso""}, {""token"": ""yi"", ""category"": ""ambiguous_cognate"", ""selected_candidate"": ""yi"", ""final_correction"": ""yi""}, {""token"": ""di"", ""category"": ""ambiguous_cognate"", ""selected_candidate"": ""di"", ""final_correction"": ""di""}, {""token"": ""dakkanté"", ""category"": ""informal_wolof"", ""selected_candidate"": ""dëkkante"", ""final_correction"": ""dëkkante""}, {""token"": ""diangke"", ""category"": ""informal_wolof"", ""selected_candidate"": ""dënkee"", ""final_correction"": ""dënkee""}, {""token"": ""bi"", ""category"": ""ambiguous_cognate"", ""selected_candidate"": ""bi"", ""final_correction"": ""bi""}, {""token"": ""fékéwou"", ""category"": ""informal_wolof"", ""selected_candidate"": ""fékéwou"", ""final_correction"": ""fékéwou""}, {""token"": ""stp"", ""category"": ""french_native"", ""selected_candidate"": ""stp"", ""final_correction"": ""stp""}]"
277,mane ak babel c’est fini,mane ak babel c est fini,mane ak babel c est fini,discard_uninteresting,https://www.youtube.com/watch?v=Myd-Gg4Mhck,"[{""token"": ""mane"", ""category"": ""ambiguous_cognate"", ""selected_candidate"": ""mane"", ""final_correction"": ""mane""}, {""token"": ""ak"", ""category"": ""ambiguous_cognate"", ""selected_candidate"": ""ak"", ""final_correction"": ""ak""}, {""token"": ""babel"", ""category"": ""french_native"", ""selected_candidate"": ""babel"", ""final_correction"": ""babel""}, {""token"": ""c"", ""category"": ""ambiguous_cognate"", ""selected_candidate"": ""c"", ""final_correction"": ""c""}, {""token"": ""est"", ""category"": ""ambiguous_cognate"", ""selected_candidate"": ""est"", ""final_correction"": ""est""}, {""token"": ""fini"", ""category"": ""french_native"", ""selected_candidate"": ""fini"", ""final_correction"": ""fini""}]"
278,c’est ça on veux,c est ça on veux,c est ça on veux,discard_false_positive,https://www.youtube.com/watch?v=Myd-Gg4Mhck,"[{""token"": ""c"", ""category"": ""ambiguous_cognate"", ""selected_candidate"": ""c"", ""final_correction"": ""c""}, {""token"": ""est"", ""category"": ""ambiguous_cognate"", ""selected_candidate"": ""est"", ""final_correction"": ""est""}, {""token"": ""ça"", ""category"": ""french_native"", ""selected_candidate"": ""ça"", ""final_correction"": ""ça""}, {""token"": ""on"", ""category"": ""ambiguous_cognate"", ""selected_candidate"": ""on"", ""final_correction"": ""on""}, {""token"": ""veux"", ""category"": ""ambiguous_cognate"", ""selected_candidate"": ""veux"", ""final_correction"": ""veux""}]"
279,franchement khady thiam exagère. comment vouloir coûte que coûte séparer mère et enfant.,franchement xaay caam exagère nan vouloir coûte que coûte séparer mère et enfant,franchement xaay caam exagère nan vouloir coûte que coûte séparer mère et enfant,discard_false_positive,https://www.youtube.com/watch?v=Myd-Gg4Mhck,"[{""token"": ""franchement"", ""category"": ""french_native"", ""selected_candidate"": ""franchement"", ""final_correction"": ""franchement""}, {""token"": ""khady"", ""category"": ""informal_wolof"", ""selected_candidate"": ""xaay"", ""final_correction"": ""xaay""}, {""token"": ""thiam"", ""category"": ""french_substituted"", ""selected_candidate"": ""caam"", ""final_correction"": ""caam""}, {""token"": ""exagère"", ""category"": ""french_native"", ""selected_candidate"": ""exagère"", ""final_correction"": ""exagère""}, {""token"": ""comment"", ""category"": ""french_substituted"", ""selected_candidate"": ""nan"", ""final_correction"": ""nan""}, {""token"": ""vouloir"", ""category"": ""french_native"", ""selected_candidate"": ""vouloir"", ""final_correction"": ""vouloir""}, {""token"": ""coûte"", ""category"": ""french_native"", ""selected_candidate"": ""coûte"", ""final_correction"": ""coûte""}, {""token"": ""que"", ""category"": ""ambiguous_cognate"", ""selected_candidate"": ""que"", ""final_correction"": ""que""}, {""token"": ""coûte"", ""category"": ""french_native"", ""selected_candidate"": ""coûte"", ""final_correction"": ""coûte""}, {""token"": ""séparer"", ""category"": ""french_native"", ""selected_candidate"": ""séparer"", ""final_correction"": ""séparer""}, {""token"": ""mère"", ""category"": ""ambiguous_cognate"", ""selected_candidate"": ""mère"", ""final_correction"": ""mère""}, {""token"": ""et"", ""category"": ""ambiguous_cognate"", ""selected_candidate"": ""et"", ""final_correction"": ""et""}, {""token"": ""enfant"", ""category"": ""french_native"", ""selected_candidate"": ""enfant"", ""final_correction"": ""enfant""}]"
280,serigne tniérnou diaw yalla nako yalla yueram bien,sëriñ tniérnou diaw yalla nako yalla reeram bien,sëriñ tniérnou diaw yalla nako yalla reeram bien,discard_uninteresting,https://www.youtube.com/watch?v=Myd-Gg4Mhck,"[{""token"": ""serigne"", ""category"": ""french_substituted"", ""selected_candidate"": ""sëriñ"", ""final_correction"": ""sëriñ""}, {""token"": ""tniérnou"", ""category"": ""informal_wolof"", ""selected_candidate"": ""tniérnou"", ""final_correction"": ""tniérnou""}, {""token"": ""diaw"", ""category"": ""french_native"", ""selected_candidate"": ""diaw"", ""final_correction"": ""diaw""}, {""token"": ""yalla"", ""category"": ""ambiguous_cognate"", ""selected_candidate"": ""yalla"", ""final_correction"": ""yalla""}, {""token"": ""nako"", ""category"": ""wolof_formal"", ""selected_candidate"": ""nako"", ""final_correction"": ""nako""}, {""token"": ""yalla"", ""category"": ""ambiguous_cognate"", ""selected_candidate"": ""yalla"", ""final_correction"": ""yalla""}, {""token"": ""yueram"", ""category"": ""informal_wolof"", ""selected_candidate"": ""reeram"", ""final_correction"": ""reeram""}, {""token"": ""bien"", ""category"": ""ambiguous_cognate"", ""selected_candidate"": ""bien"", ""final_correction"": ""bien""}]"
281,"bon je quitte officiellement cette serie , mougn na ba sonnnn , j'en peux plus",bon je quitte officiellement cette série muñ na ba sonnnn j'en peux plus,bon je quitte officiellement cette série muñ na ba sonnnn j'en peux plus,discard_uninteresting,https://www.youtube.com/watch?v=Myd-Gg4Mhck,"[{""token"": ""bon"", ""category"": ""ambiguous_cognate"", ""selected_candidate"": ""bon"", ""final_correction"": ""bon""}, {""token"": ""je"", ""category"": ""ambiguous_cognate"", ""selected_candidate"": ""je"", ""final_correction"": ""je""}, {""token"": ""quitte"", ""category"": ""ambiguous_cognate"", ""selected_candidate"": ""quitte"", ""final_correction"": ""quitte""}, {""token"": ""officiellement"", ""category"": ""french_native"", ""selected_candidate"": ""officiellement"", ""final_correction"": ""officiellement""}, {""token"": ""cette"", ""category"": ""ambiguous_cognate"", ""selected_candidate"": ""cette"", ""final_correction"": ""cette""}, {""token"": ""serie"", ""category"": ""informal_wolof"", ""selected_candidate"": ""série"", ""final_correction"": ""série""}, {""token"": ""mougn"", ""category"": ""informal_wolof"", ""selected_candidate"": ""muñ"", ""final_correction"": ""muñ""}, {""token"": ""na"", ""category"": ""ambiguous_cognate"", ""selected_candidate"": ""na"", ""final_correction"": ""na""}, {""token"": ""ba"", ""category"": ""ambiguous_cognate"", ""selected_candidate"": ""ba"", ""final_correction"": ""ba""}, {""token"": ""sonnnn"", ""category"": ""informal_wolof"", ""selected_candidate"": ""sonnnn"", ""final_correction"": ""sonnnn""}, {""token"": ""j'en"", ""category"": ""french_native"", ""selected_candidate"": ""j'en"", ""final_correction"": ""j'en""}, {""token"": ""peux"", ""category"": ""french_native"", ""selected_candidate"": ""peux"", ""final_correction"": ""peux""}, {""token"": ""plus"", ""category"": ""ambiguous_cognate"", ""selected_candidate"": ""plus"", ""final_correction"": ""plus""}]"
282,genou goro yi maman oumy souma ko.amone damakoye raye mou de bilahi,genou goro yi maman um suma ko amone damakoye raye mou de bilahi,genou goro yi maman um suma ko amone damakoye raye mou de bilahi,keep,https://www.youtube.com/watch?v=Myd-Gg4Mhck,"[{""token"": ""genou"", ""category"": ""french_native"", ""selected_candidate"": ""genou"", ""final_correction"": ""genrou""}, {""token"": ""goro"", ""category"": ""ambiguous_cognate"", ""selected_candidate"": ""goro"", ""final_correction"": ""goro""}, {""token"": ""yi"", ""category"": ""ambiguous_cognate"", ""selected_candidate"": ""yi"", ""final_correction"": ""yi""}, {""token"": ""maman"", ""category"": ""french_native"", ""selected_candidate"": ""maman"", ""final_correction"": ""maman""}, {""token"": ""oumy"", ""category"": ""informal_wolof"", ""selected_candidate"": ""oumy"", ""final_correction"": ""oumy""}, {""token"": ""souma"", ""category"": ""informal_wolof"", ""selected_candidate"": ""suma"", ""final_correction"": ""suma""}, {""token"": ""ko"", ""category"": ""ambiguous_cognate"", ""selected_candidate"": ""ko"", ""final_correction"": ""ko""}, {""token"": ""amone"", ""category"": ""wolof_formal"", ""selected_candidate"": ""amoon"", ""final_correction"": ""amoon""}, {""token"": ""damakoye"", ""category"": ""informal_wolof"", ""selected_candidate"": ""damakoye"", ""final_correction"": ""dama key""}, {""token"": ""raye"", ""category"": ""ambiguous_cognate"", ""selected_candidate"": ""raye"", ""final_correction"": ""rey""}, {""token"": ""mou"", ""category"": ""ambiguous_cognate"", ""selected_candidate"": ""mu"", ""final_correction"": ""mu""}, {""token"": ""de"", ""category"": ""ambiguous_cognate"", ""selected_candidate"": ""de"", ""final_correction"": ""dee""}, {""token"": ""bilahi"", ""category"": ""informal_wolof"", ""selected_candidate"": ""bilahi"", ""final_correction"": ""bilahi""}]"
283,tieuye khallil problème sur problème,tëyee xellil jafe-jafe sur jafe-jafe,tëyee xellil jafe-jafe sur jafe-jafe,keep,https://www.youtube.com/watch?v=Myd-Gg4Mhck,"[{""token"": ""tieuye"", ""category"": ""informal_wolof"", ""selected_candidate"": ""tëyee"", ""final_correction"": ""céy""}, {""token"": ""khallil"", ""category"": ""informal_wolof"", ""selected_candidate"": ""khallil"", ""final_correction"": ""khallil""}, {""token"": ""problème"", ""category"": ""french_substituted"", ""selected_candidate"": ""problème"", ""final_correction"": ""problème""}, {""token"": ""sur"", ""category"": ""ambiguous_cognate"", ""selected_candidate"": ""sur"", ""final_correction"": ""sur""}, {""token"": ""problème"", ""category"": ""french_substituted"", ""selected_candidate"": ""problème"", ""final_correction"": ""problème""}]"
284,tidiane migui commencer gniak fayda nak,tiijaan magui commencer ñiak fayda nak,tiijaan magui commencer ñiak fayda nak,keep,https://www.youtube.com/watch?v=Myd-Gg4Mhck,"[{""token"": ""tidiane"", ""category"": ""french_substituted"", ""selected_candidate"": ""tidiane"", ""final_correction"": ""tidiane""}, {""token"": ""migui"", ""category"": ""informal_wolof"", ""selected_candidate"": ""mingui"", ""final_correction"": ""mingui""}, {""token"": ""commencer"", ""category"": ""french_native"", ""selected_candidate"": ""commencer"", ""final_correction"": ""commencer""}, {""token"": ""gniak"", ""category"": ""informal_wolof"", ""selected_candidate"": ""ñiak"", ""final_correction"": ""ñàkk""}, {""token"": ""fayda"", ""category"": ""wolof_formal"", ""selected_candidate"": ""fayda"", ""final_correction"": ""fayda""}, {""token"": ""nak"", ""category"": ""ambiguous_cognate"", ""selected_candidate"": ""nak"", ""final_correction"": ""nak""}]"
288,woléma rappeur kanye mbété insanedi,woolam rap kanye mbete insanedi,woolam rap kanye mbete insanedi,discard_uninteresting,https://www.youtube.com/watch?v=Myd-Gg4Mhck,"[{""token"": ""woléma"", ""category"": ""informal_wolof"", ""selected_candidate"": ""woolam"", ""final_correction"": ""woolam""}, {""token"": ""rappeur"", ""category"": ""french_substituted"", ""selected_candidate"": ""rap"", ""final_correction"": ""rap""}, {""token"": ""kanye"", ""category"": ""ambiguous_cognate"", ""selected_candidate"": ""kanye"", ""final_correction"": ""kanye""}, {""token"": ""mbété"", ""category"": ""informal_wolof"", ""selected_candidate"": ""mbete"", ""final_correction"": ""mbete""}, {""token"": ""insanedi"", ""category"": ""informal_wolof"", ""selected_candidate"": ""insanedi"", ""final_correction"": ""insanedi""}]"
289,bon j en peux plus des weurseuk de sokhna,bon j en peux plus des weerseek de soxna,bon j en peux plus des weerseek de soxna,discard_uninteresting,https://www.youtube.com/watch?v=Myd-Gg4Mhck,"[{""token"": ""bon"", ""category"": ""ambiguous_cognate"", ""selected_candidate"": ""bon"", ""final_correction"": ""bon""}, {""token"": ""j"", ""category"": ""ambiguous_cognate"", ""selected_candidate"": ""j"", ""final_correction"": ""j""}, {""token"": ""en"", ""category"": ""ambiguous_cognate"", ""selected_candidate"": ""en"", ""final_correction"": ""en""}, {""token"": ""peux"", ""category"": ""french_native"", ""selected_candidate"": ""peux"", ""final_correction"": ""peux""}, {""token"": ""plus"", ""category"": ""ambiguous_cognate"", ""selected_candidate"": ""plus"", ""final_correction"": ""plus""}, {""token"": ""des"", ""category"": ""ambiguous_cognate"", ""selected_candidate"": ""des"", ""final_correction"": ""des""}, {""token"": ""weurseuk"", ""category"": ""informal_wolof"", ""selected_candidate"": ""weerseek"", ""final_correction"": ""weerseek""}, {""token"": ""de"", ""category"": ""ambiguous_cognate"", ""selected_candidate"": ""de"", ""final_correction"": ""de""}, {""token"": ""sokhna"", ""category"": ""french_substituted"", ""selected_candidate"": ""soxna"", ""final_correction"": ""soxna""}]"
290,genre soxna dialika est passé de femme d’affaires à femme au foyer,genre soxna saalika est passé de femme d affaires à femme au foyer,genre soxna saalika est passé de femme d affaires à femme au foyer,discard_false_positive,https://www.youtube.com/watch?v=Myd-Gg4Mhck,"[{""token"": ""genre"", ""category"": ""ambiguous_cognate"", ""selected_candidate"": ""genre"", ""final_correction"": ""genre""}, {""token"": ""soxna"", ""category"": ""wolof_formal"", ""selected_candidate"": ""soxna"", ""final_correction"": ""soxna""}, {""token"": ""dialika"", ""category"": ""informal_wolof"", ""selected_candidate"": ""saalika"", ""final_correction"": ""saalika""}, {""token"": ""est"", ""category"": ""ambiguous_cognate"", ""selected_candidate"": ""est"", ""final_correction"": ""est""}, {""token"": ""passé"", ""category"": ""french_native"", ""selected_candidate"": ""passé"", ""final_correction"": ""passé""}, {""token"": ""de"", ""category"": ""ambiguous_cognate"", ""selected_candidate"": ""de"", ""final_correction"": ""de""}, {""token"": ""femme"", ""category"": ""ambiguous_cognate"", ""selected_candidate"": ""femme"", ""final_correction"": ""femme""}, {""token"": ""d"", ""category"": ""ambiguous_cognate"", ""selected_candidate"": ""d"", ""final_correction"": ""d""}, {""token"": ""affaires"", ""category"": ""french_native"", ""selected_candidate"": ""affaires"", ""final_correction"": ""affaires""}, {""token"": ""à"", ""category"": ""ambiguous_cognate"", ""selected_candidate"": ""à"", ""final_correction"": ""à""}, {""token"": ""femme"", ""category"": ""ambiguous_cognate"", ""selected_candidate"": ""femme"", ""final_correction"": ""femme""}, {""token"": ""au"", ""category"": ""ambiguous_cognate"", ""selected_candidate"": ""au"", ""final_correction"": ""au""}, {""token"": ""foyer"", ""category"": ""french_native"", ""selected_candidate"": ""foyer"", ""final_correction"": ""foyer""}]"
291,khalil dey güent dé mohhhh,khalid dey gent dé mohhhh,khalid dey gent dé mohhhh,keep,https://www.youtube.com/watch?v=Myd-Gg4Mhck,"[{""token"": ""khalil"", ""category"": ""informal_wolof"", ""selected_candidate"": ""khalil"", ""final_correction"": ""khalil""}, {""token"": ""dey"", ""category"": ""ambiguous_cognate"", ""selected_candidate"": ""dey"", ""final_correction"": ""dey""}, {""token"": ""güent"", ""category"": ""informal_wolof"", ""selected_candidate"": ""gént"", ""final_correction"": ""gént""}, {""token"": ""dé"", ""category"": ""ambiguous_cognate"", ""selected_candidate"": ""dé"", ""final_correction"": ""dé""}, {""token"": ""mohhhh"", ""category"": ""informal_wolof"", ""selected_candidate"": ""mohhhh"", ""final_correction"": ""mohhhh""}]"
292,maman oumy dafa niaw pour nakharal nou,maman um dafa naaw pour naqaral nou,maman um dafa naaw pour naqaral nou,keep,https://www.youtube.com/watch?v=Myd-Gg4Mhck,"[{""token"": ""maman"", ""category"": ""french_native"", ""selected_candidate"": ""maman"", ""final_correction"": ""maman""}, {""token"": ""oumy"", ""category"": ""informal_wolof"", ""selected_candidate"": ""oumy"", ""final_correction"": ""oumy""}, {""token"": ""dafa"", ""category"": ""ambiguous_cognate"", ""selected_candidate"": ""dafa"", ""final_correction"": ""dafa""}, {""token"": ""niaw"", ""category"": ""informal_wolof"", ""selected_candidate"": ""naaw"", ""final_correction"": ""ñaaw""}, {""token"": ""pour"", ""category"": ""ambiguous_cognate"", ""selected_candidate"": ""pour"", ""final_correction"": ""pour""}, {""token"": ""nakharal"", ""category"": ""informal_wolof"", ""selected_candidate"": ""naqaral"", ""final_correction"": ""naqaral""}, {""token"": ""nou"", ""category"": ""french_native"", ""selected_candidate"": ""nou"", ""final_correction"": ""ñu""}]"
293,"wah mére bi kagne la teudj gatam gui , marodi deff lén ko mou paralysé guir yallah",wàq mere bi kaañ la ténji gëtam gui saroja deff léñ ko mou paralysé gui yallah,wàq mere bi kaañ la ténji gëtam gui saroja deff léñ ko mou paralysé gui yallah,keep,https://www.youtube.com/watch?v=Myd-Gg4Mhck,"[{""token"": ""wah"", ""category"": ""informal_wolof"", ""selected_candidate"": ""wàq"", ""final_correction"": ""wa""}, {""token"": ""mére"", ""category"": ""informal_wolof"", ""selected_candidate"": ""mére"", ""final_correction"": ""mére""}, {""token"": ""bi"", ""category"": ""ambiguous_cognate"", ""selected_candidate"": ""bi"", ""final_correction"": ""bi""}, {""token"": ""kagne"", ""category"": ""informal_wolof"", ""selected_candidate"": ""kañ"", ""final_correction"": ""kañ""}, {""token"": ""la"", ""category"": ""ambiguous_cognate"", ""selected_candidate"": ""la"", ""final_correction"": ""lay""}, {""token"": ""teudj"", ""category"": ""informal_wolof"", ""selected_candidate"": ""tëj"", ""final_correction"": ""tëj""}, {""token"": ""gatam"", ""category"": ""informal_wolof"", ""selected_candidate"": ""gatam"", ""final_correction"": ""gatam""}, {""token"": ""gui"", ""category"": ""ambiguous_cognate"", ""selected_candidate"": ""gui"", ""final_correction"": ""gui""}, {""token"": ""marodi"", ""category"": ""informal_wolof"", ""selected_candidate"": ""marodi"", ""final_correction"": ""marodi""}, {""token"": ""deff"", ""category"": ""ambiguous_cognate"", ""selected_candidate"": ""deff"", ""final_correction"": ""def""}, {""token"": ""lén"", ""category"": ""informal_wolof"", ""selected_candidate"": ""lén"", ""final_correction"": ""leen""}, {""token"": ""ko"", ""category"": ""ambiguous_cognate"", ""selected_candidate"": ""ko"", ""final_correction"": ""ko""}, {""token"": ""mou"", ""category"": ""ambiguous_cognate"", ""selected_candidate"": ""mou"", ""final_correction"": ""mou""}, {""token"": ""paralysé"", ""category"": ""french_native"", ""selected_candidate"": ""paralysé"", ""final_correction"": ""paralysé""}, {""token"": ""guir"", ""category"": ""informal_wolof"", ""selected_candidate"": ""gui"", ""final_correction"": ""ngir""}, {""token"": ""yallah"", ""category"": ""wolof_formal"", ""selected_candidate"": ""yallah"", ""final_correction"": ""yallah""}]"
294,mon cœur va sortir à cause de cette sorcière,sama xolu va génn à tuumaal de cette sorcière,sama xolu va génn à tuumaal de cette sorcière,discard_false_positive,https://www.youtube.com/watch?v=Myd-Gg4Mhck,"[{""token"": ""mon"", ""category"": ""french_substituted"", ""selected_candidate"": ""sama"", ""final_correction"": ""sama""}, {""token"": ""cœur"", ""category"": ""french_substituted"", ""selected_candidate"": ""xolu"", ""final_correction"": ""xolu""}, {""token"": ""va"", ""category"": ""ambiguous_cognate"", ""selected_candidate"": ""va"", ""final_correction"": ""va""}, {""token"": ""sortir"", ""category"": ""french_substituted"", ""selected_candidate"": ""génn"", ""final_correction"": ""génn""}, {""token"": ""à"", ""category"": ""ambiguous_cognate"", ""selected_candidate"": ""à"", ""final_correction"": ""à""}, {""token"": ""cause"", ""category"": ""french_substituted"", ""selected_candidate"": ""tuumaal"", ""final_correction"": ""tuumaal""}, {""token"": ""de"", ""category"": ""ambiguous_cognate"", ""selected_candidate"": ""de"", ""final_correction"": ""de""}, {""token"": ""cette"", ""category"": ""ambiguous_cognate"", ""selected_candidate"": ""cette"", ""final_correction"": ""cette""}, {""token"": ""sorcière"", ""category"": ""french_native"", ""selected_candidate"": ""sorcière"", ""final_correction"": ""sorcière""}]"
295,bb maréme la dég,bb maree la dég,bb maree la dég,discard_uninteresting,https://www.youtube.com/watch?v=Myd-Gg4Mhck,"[{""token"": ""bb"", ""category"": ""wolof_formal"", ""selected_candidate"": ""bb"", ""final_correction"": ""bb""}, {""token"": ""maréme"", ""category"": ""informal_wolof"", ""selected_candidate"": ""maree"", ""final_correction"": ""maréme""}, {""token"": ""la"", ""category"": ""ambiguous_cognate"", ""selected_candidate"": ""la"", ""final_correction"": ""la""}, {""token"": ""dég"", ""category"": ""ambiguous_cognate"", ""selected_candidate"": ""dég"", ""final_correction"": ""dég""}]"
297,khadi thiam aujourd'hui vraiment je ne suis pas d'accord avec toi,xadi caam aujourd'hui vraiment je ne suis pas d'accord avec toi,xadi caam aujourd'hui vraiment je ne suis pas d'accord avec toi,discard_false_positive,https://www.youtube.com/watch?v=Myd-Gg4Mhck,"[{""token"": ""khadi"", ""category"": ""informal_wolof"", ""selected_candidate"": ""xadi"", ""final_correction"": ""xadi""}, {""token"": ""thiam"", ""category"": ""french_substituted"", ""selected_candidate"": ""caam"", ""final_correction"": ""caam""}, {""token"": ""aujourd'hui"", ""category"": ""french_native"", ""selected_candidate"": ""aujourd'hui"", ""final_correction"": ""aujourd'hui""}, {""token"": ""vraiment"", ""category"": ""french_native"", ""selected_candidate"": ""vraiment"", ""final_correction"": ""vraiment""}, {""token"": ""je"", ""category"": ""ambiguous_cognate"", ""selected_candidate"": ""je"", ""final_correction"": ""je""}, {""token"": ""ne"", ""category"": ""ambiguous_cognate"", ""selected_candidate"": ""ne"", ""final_correction"": ""ne""}, {""token"": ""suis"", ""category"": ""ambiguous_cognate"", ""selected_candidate"": ""suis"", ""final_correction"": ""suis""}, {""token"": ""pas"", ""category"": ""ambiguous_cognate"", ""selected_candidate"": ""pas"", ""final_correction"": ""pas""}, {""token"": ""d'accord"", ""category"": ""french_native"", ""selected_candidate"": ""d'accord"", ""final_correction"": ""d'accord""}, {""token"": ""avec"", ""category"": ""ambiguous_cognate"", ""selected_candidate"": ""avec"", ""final_correction"": ""avec""}, {""token"": ""toi"", ""category"": ""ambiguous_cognate"", ""selected_candidate"": ""toi"", ""final_correction"": ""toi""}]"
300,marichou sonne gua menone na geuna simple,marinu sonne gaa mënoon na gëna simple,marinu sonne gaa mënoon na gëna simple,keep,https://www.youtube.com/watch?v=Myd-Gg4Mhck,"[{""token"": ""marichou"", ""category"": ""informal_wolof"", ""selected_candidate"": ""marichou"", ""final_correction"": ""marichou""}, {""token"": ""sonne"", ""category"": ""french_native"", ""selected_candidate"": ""sonne"", ""final_correction"": ""sonn""}, {""token"": ""gua"", ""category"": ""informal_wolof"", ""selected_candidate"": ""gaa"", ""final_correction"": ""nga""}, {""token"": ""menone"", ""category"": ""informal_wolof"", ""selected_candidate"": ""mënoon"", ""final_correction"": ""mënoon""}, {""token"": ""na"", ""category"": ""ambiguous_cognate"", ""selected_candidate"": ""na"", ""final_correction"": ""na""}, {""token"": ""geuna"", ""category"": ""informal_wolof"", ""selected_candidate"": ""gëna"", ""final_correction"": ""gëna""}, {""token"": ""simple"", ""category"": ""french_native"", ""selected_candidate"": ""simple"", ""final_correction"": ""simple""}]"
301,wa loutakh wa comm niaw,wa lutax wa càmm naaw,wa lutax wa càmm naaw,skip_uncertain,https://www.youtube.com/watch?v=Myd-Gg4Mhck,"[{""token"": ""wa"", ""category"": ""ambiguous_cognate"", ""selected_candidate"": ""wa"", ""final_correction"": ""wa""}, {""token"": ""loutakh"", ""category"": ""informal_wolof"", ""selected_candidate"": ""lutax"", ""final_correction"": ""lutax""}, {""token"": ""wa"", ""category"": ""ambiguous_cognate"", ""selected_candidate"": ""wa"", ""final_correction"": ""wa""}, {""token"": ""comm"", ""category"": ""informal_wolof"", ""selected_candidate"": ""càmm"", ""final_correction"": ""càmm""}, {""token"": ""niaw"", ""category"": ""informal_wolof"", ""selected_candidate"": ""naaw"", ""final_correction"": ""naaw""}]"
302,nidiaye mor koiii,nijaay mor kiii,nijaay mor kiii,discard_uninteresting,https://www.youtube.com/watch?v=Myd-Gg4Mhck,"[{""token"": ""nidiaye"", ""category"": ""informal_wolof"", ""selected_candidate"": ""nijaay"", ""final_correction"": ""nijaay""}, {""token"": ""mor"", ""category"": ""french_native"", ""selected_candidate"": ""mor"", ""final_correction"": ""mor""}, {""token"": ""koiii"", ""category"": ""informal_wolof"", ""selected_candidate"": ""kiii"", ""final_correction"": ""kiii""}]"
303,sokhna djalika djabar la. gnikoy khasse fiire dongue moléne djape.ne soyez pas égoïstes à la fin,soxna saalika jibar la jikooy chasse fiire doonee moolén jaayee ne soyez pas égoïstes à la jeexitalu,soxna saalika jibar la jikooy chasse fiire doonee moolén jaayee ne soyez pas égoïstes à la jeexitalu,keep,https://www.youtube.com/watch?v=Myd-Gg4Mhck,"[{""token"": ""sokhna"", ""category"": ""french_substituted"", ""selected_candidate"": ""soxna"", ""final_correction"": ""soxna""}, {""token"": ""djalika"", ""category"": ""informal_wolof"", ""selected_candidate"": ""djalika"", ""final_correction"": ""djalika""}, {""token"": ""djabar"", ""category"": ""informal_wolof"", ""selected_candidate"": ""jabar"", ""final_correction"": ""jabar""}, {""token"": ""la"", ""category"": ""ambiguous_cognate"", ""selected_candidate"": ""la"", ""final_correction"": ""la""}, {""token"": ""gnikoy"", ""category"": ""informal_wolof"", ""selected_candidate"": ""jikooy"", ""final_correction"": ""ñi koy""}, {""token"": ""khasse"", ""category"": ""informal_wolof"", ""selected_candidate"": ""khasse"", ""final_correction"": ""xas""}, {""token"": ""fiire"", ""category"": ""wolof_formal"", ""selected_candidate"": ""fiire"", ""final_correction"": ""fiir""}, {""token"": ""dongue"", ""category"": ""informal_wolof"", ""selected_candidate"": ""doonee"", ""final_correction"": ""dong""}, {""token"": ""moléne"", ""category"": ""informal_wolof"", ""selected_candidate"": ""moolén"", ""final_correction"": ""moo leen""}, {""token"": ""djape"", ""category"": ""informal_wolof"", ""selected_candidate"": ""jaayee"", ""final_correction"": ""jàpp""}, {""token"": ""ne"", ""category"": ""ambiguous_cognate"", ""selected_candidate"": ""ne"", ""final_correction"": ""ne""}, {""token"": ""soyez"", ""category"": ""french_native"", ""selected_candidate"": ""soyez"", ""final_correction"": ""soyez""}, {""token"": ""pas"", ""category"": ""ambiguous_cognate"", ""selected_candidate"": ""pas"", ""final_correction"": ""pas""}, {""token"": ""égoïstes"", ""category"": ""french_native"", ""selected_candidate"": ""égoïstes"", ""final_correction"": ""égoïstes""}, {""token"": ""à"", ""category"": ""ambiguous_cognate"", ""selected_candidate"": ""à"", ""final_correction"": ""à""}, {""token"": ""la"", ""category"": ""ambiguous_cognate"", ""selected_candidate"": ""la"", ""final_correction"": ""la""}, {""token"": ""fin"", ""category"": ""french_substituted"", ""selected_candidate"": ""fin"", ""final_correction"": ""fin""}]"
305,khali yaw mom baby mounèla ne m'appelee pas baby ngay kotinè ay mo romantiques do nopi khamna di ngène wakhe barina wah mai deuk la wah,xaali yaw mom baby zoungla ne m'appelee pas baby ngay kontine ay mo romantiques do nopi xamna di ngen waxee barina wàq mai deuk la wàq,xaali yaw mom baby zoungla ne m'appelee pas baby ngay kontine ay mo romantiques do nopi xamna di ngen waxee barina wàq mai deuk la wàq,keep,https://www.youtube.com/watch?v=Myd-Gg4Mhck,"[{""token"": ""khali"", ""category"": ""informal_wolof"", ""selected_candidate"": ""khali"", ""final_correction"": ""khali""}, {""token"": ""yaw"", ""category"": ""ambiguous_cognate"", ""selected_candidate"": ""yaw"", ""final_correction"": ""yow""}, {""token"": ""mom"", ""category"": ""wolof_formal"", ""selected_candidate"": ""mom"", ""final_correction"": ""mom""}, {""token"": ""baby"", ""category"": ""ambiguous_cognate"", ""selected_candidate"": ""baby"", ""final_correction"": ""baby""}, {""token"": ""mounèla"", ""category"": ""informal_wolof"", ""selected_candidate"": ""zoungla"", ""final_correction"": ""mu ne la""}, {""token"": ""ne"", ""category"": ""ambiguous_cognate"", ""selected_candidate"": ""ne"", ""final_correction"": ""ne""}, {""token"": ""m'appelee"", ""category"": ""informal_wolof"", ""selected_candidate"": ""m'appelee"", ""final_correction"": ""m'appelee""}, {""token"": ""pas"", ""category"": ""ambiguous_cognate"", ""selected_candidate"": ""pas"", ""final_correction"": ""pas""}, {""token"": ""baby"", ""category"": ""ambiguous_cognate"", ""selected_candidate"": ""baby"", ""final_correction"": ""baby""}, {""token"": ""ngay"", ""category"": ""ambiguous_cognate"", ""selected_candidate"": ""ngay"", ""final_correction"": ""ngay""}, {""token"": ""kotinè"", ""category"": ""informal_wolof"", ""selected_candidate"": ""kotinè"", ""final_correction"": ""kotinè""}, {""token"": ""ay"", ""category"": ""ambiguous_cognate"", ""selected_candidate"": ""ay"", ""final_correction"": ""ay""}, {""token"": ""mo"", ""category"": ""ambiguous_cognate"", ""selected_candidate"": ""mo"", ""final_correction"": ""mo""}, {""token"": ""romantiques"", ""category"": ""french_native"", ""selected_candidate"": ""romantiques"", ""final_correction"": ""romantiques""}, {""token"": ""do"", ""category"": ""ambiguous_cognate"", ""selected_candidate"": ""do"", ""final_correction"": ""do""}, {""token"": ""nopi"", ""category"": ""wolof_formal"", ""selected_candidate"": ""nopi"", ""final_correction"": ""nopi""}, {""token"": ""khamna"", ""category"": ""informal_wolof"", ""selected_candidate"": ""xamna"", ""final_correction"": ""xamna""}, {""token"": ""di"", ""category"": ""ambiguous_cognate"", ""selected_candidate"": ""di"", ""final_correction"": ""di""}, {""token"": ""ngène"", ""category"": ""informal_wolof"", ""selected_candidate"": ""ngen"", ""final_correction"": ""ngeen""}, {""token"": ""wakhe"", ""category"": ""informal_wolof"", ""selected_candidate"": ""waxee"", ""final_correction"": ""wax""}, {""token"": ""barina"", ""category"": ""wolof_formal"", ""selected_candidate"": ""barina"", ""final_correction"": ""bari na""}, {""token"": ""wah"", ""category"": ""informal_wolof"", ""selected_candidate"": ""wàq"", ""final_correction"": ""wax""}, {""token"": ""mai"", ""category"": ""ambiguous_cognate"", ""selected_candidate"": ""mai"", ""final_correction"": ""mais""}, {""token"": ""deuk"", ""category"": ""ambiguous_cognate"", ""selected_candidate"": ""deuk"", ""final_correction"": ""dëgg""}, {""token"": ""la"", ""category"": ""ambiguous_cognate"", ""selected_candidate"": ""la"", ""final_correction"": ""la""}, {""token"": ""wah"", ""category"": ""informal_wolof"", ""selected_candidate"": ""wàq"", ""final_correction"": ""wax""}]"
306,weurseuk mon dieu marichou kagne gañou wath nak,weerseek sama dieu marinu kaañ gañu with nak,weerseek sama dieu marinu kaañ gañu with nak,keep,https://www.youtube.com/watch?v=Myd-Gg4Mhck,"[{""token"": ""weurseuk"", ""category"": ""informal_wolof"", ""selected_candidate"": ""weerseek"", ""final_correction"": ""wërsëg""}, {""token"": ""mon"", ""category"": ""french_substituted"", ""selected_candidate"": ""mon"", ""final_correction"": ""mon""}, {""token"": ""dieu"", ""category"": ""ambiguous_cognate"", ""selected_candidate"": ""dieu"", ""final_correction"": ""dieu""}, {""token"": ""marichou"", ""category"": ""informal_wolof"", ""selected_candidate"": ""marichou"", ""final_correction"": ""marichou""}, {""token"": ""kagne"", ""category"": ""informal_wolof"", ""selected_candidate"": ""kañ"", ""final_correction"": ""kañ""}, {""token"": ""gañou"", ""category"": ""informal_wolof"", ""selected_candidate"": ""gañu"", ""final_correction"": ""nga ñuy""}, {""token"": ""wath"", ""category"": ""informal_wolof"", ""selected_candidate"": ""with"", ""final_correction"": ""wàcc""}, {""token"": ""nak"", ""category"": ""ambiguous_cognate"", ""selected_candidate"": ""nak"", ""final_correction"": ""nak""}]"
308,maman oumy mo sof rek ta bari wakh,maman um mo sof rek ta bari wakh,maman um mo sof rek ta bari wakh,keep,https://www.youtube.com/watch?v=Myd-Gg4Mhck,"[{""token"": ""maman"", ""category"": ""french_native"", ""selected_candidate"": ""maman"", ""final_correction"": ""maman""}, {""token"": ""oumy"", ""category"": ""informal_wolof"", ""selected_candidate"": ""oumy"", ""final_correction"": ""oumy""}, {""token"": ""mo"", ""category"": ""ambiguous_cognate"", ""selected_candidate"": ""moo"", ""final_correction"": ""moo""}, {""token"": ""sof"", ""category"": ""wolof_formal"", ""selected_candidate"": ""sof"", ""final_correction"": ""sof""}, {""token"": ""rek"", ""category"": ""ambiguous_cognate"", ""selected_candidate"": ""rek"", ""final_correction"": ""rek""}, {""token"": ""ta"", ""category"": ""ambiguous_cognate"", ""selected_candidate"": ""ta"", ""final_correction"": ""te""}, {""token"": ""bari"", ""category"": ""ambiguous_cognate"", ""selected_candidate"": ""bari"", ""final_correction"": ""bari""}, {""token"": ""wakh"", ""category"": ""french_native"", ""selected_candidate"": ""wakh"", ""final_correction"": ""wax""}]"
307,"tidjane goor daye ame foula,boule nangue koula séparé ak yaye",tijaan goor ayee ame foula boule naangu koula séparé ak yaye,tijaan goor ayee ame foula boule naangu koula séparé ak yaye,keep,https://www.youtube.com/watch?v=Myd-Gg4Mhck,"[{""token"": ""tidjane"", ""category"": ""informal_wolof"", ""selected_candidate"": ""tidjane"", ""final_correction"": ""tidjane""}, {""token"": ""goor"", ""category"": ""wolof_formal"", ""selected_candidate"": ""goor"", ""final_correction"": ""goor""}, {""token"": ""daye"", ""category"": ""informal_wolof"", ""selected_candidate"": ""day"", ""final_correction"": ""day""}, {""token"": ""ame"", ""category"": ""ambiguous_cognate"", ""selected_candidate"": ""ame"", ""final_correction"": ""am""}, {""token"": ""foula"", ""category"": ""french_native"", ""selected_candidate"": ""foula"", ""final_correction"": ""fulla""}, {""token"": ""boule"", ""category"": ""ambiguous_cognate"", ""selected_candidate"": ""boule"", ""final_correction"": ""bul""}, {""token"": ""nangue"", ""category"": ""informal_wolof"", ""selected_candidate"": ""nangu"", ""final_correction"": ""nangu""}, {""token"": ""koula"", ""category"": ""french_native"", ""selected_candidate"": ""koula"", ""final_correction"": ""ku la""}, {""token"": ""séparé"", ""category"": ""french_native"", ""selected_candidate"": ""séparé"", ""final_correction"": ""séparé""}, {""token"": ""ak"", ""category"": ""ambiguous_cognate"", ""selected_candidate"": ""ak"", ""final_correction"": ""ak""}, {""token"": ""yaye"", ""category"": ""wolof_formal"", ""selected_candidate"": ""yaye"", ""final_correction"": ""yaye""}]"
309,maman ou mou nékhouma dara,maman ou mou séquma dara,maman ou mou séquma dara,skip_uncertain,https://www.youtube.com/watch?v=Myd-Gg4Mhck,"[{""token"": ""maman"", ""category"": ""french_native"", ""selected_candidate"": ""maman"", ""final_correction"": ""maman""}, {""token"": ""ou"", ""category"": ""ambiguous_cognate"", ""selected_candidate"": ""ou"", ""final_correction"": ""ou""}, {""token"": ""mou"", ""category"": ""ambiguous_cognate"", ""selected_candidate"": ""mou"", ""final_correction"": ""mou""}, {""token"": ""nékhouma"", ""category"": ""informal_wolof"", ""selected_candidate"": ""séquma"", ""final_correction"": ""séquma""}, {""token"": ""dara"", ""category"": ""ambiguous_cognate"", ""selected_candidate"": ""dara"", ""final_correction"": ""dara""}]"
310,mais je demande est ce que maman oumy mi cv,mais je demande est ce que maman um mi cv,mais je demande est ce que maman um mi cv,discard_false_positive,https://www.youtube.com/watch?v=Myd-Gg4Mhck,"[{""token"": ""mais"", ""category"": ""ambiguous_cognate"", ""selected_candidate"": ""mais"", ""final_correction"": ""mais""}, {""token"": ""je"", ""category"": ""ambiguous_cognate"", ""selected_candidate"": ""je"", ""final_correction"": ""je""}, {""token"": ""demande"", ""category"": ""ambiguous_cognate"", ""selected_candidate"": ""demande"", ""final_correction"": ""demande""}, {""token"": ""est"", ""category"": ""ambiguous_cognate"", ""selected_candidate"": ""est"", ""final_correction"": ""est""}, {""token"": ""ce"", ""category"": ""ambiguous_cognate"", ""selected_candidate"": ""ce"", ""final_correction"": ""ce""}, {""token"": ""que"", ""category"": ""ambiguous_cognate"", ""selected_candidate"": ""que"", ""final_correction"": ""que""}, {""token"": ""maman"", ""category"": ""french_native"", ""selected_candidate"": ""maman"", ""final_correction"": ""maman""}, {""token"": ""oumy"", ""category"": ""informal_wolof"", ""selected_candidate"": ""um"", ""final_correction"": ""um""}, {""token"": ""mi"", ""category"": ""ambiguous_cognate"", ""selected_candidate"": ""mi"", ""final_correction"": ""mi""}, {""token"": ""cv"", ""category"": ""ambiguous_cognate"", ""selected_candidate"": ""cv"", ""final_correction"": ""cv""}]"
311,marodi meilleur que événprode,saroja meilleur que événprode,saroja meilleur que événprode,discard_false_positive,https://www.youtube.com/watch?v=Myd-Gg4Mhck,"[{""token"": ""marodi"", ""category"": ""informal_wolof"", ""selected_candidate"": ""saroja"", ""final_correction"": ""saroja""}, {""token"": ""meilleur"", ""category"": ""french_native"", ""selected_candidate"": ""meilleur"", ""final_correction"": ""meilleur""}, {""token"": ""que"", ""category"": ""ambiguous_cognate"", ""selected_candidate"": ""que"", ""final_correction"": ""que""}, {""token"": ""événprode"", ""category"": ""informal_wolof"", ""selected_candidate"": ""événprode"", ""final_correction"": ""événprode""}]"
312,tidiane mii amoul bénne foulla bilahi,tiijaan mii amoul bénn fulla bilahi,tiijaan mii amoul bénn fulla bilahi,keep,https://www.youtube.com/watch?v=Myd-Gg4Mhck,"[{""token"": ""tidiane"", ""category"": ""french_substituted"", ""selected_candidate"": ""tidiane"", ""final_correction"": ""tidiane""}, {""token"": ""mii"", ""category"": ""wolof_formal"", ""selected_candidate"": ""mii"", ""final_correction"": ""mii""}, {""token"": ""amoul"", ""category"": ""ambiguous_cognate"", ""selected_candidate"": ""amoul"", ""final_correction"": ""amoul""}, {""token"": ""bénne"", ""category"": ""informal_wolof"", ""selected_candidate"": ""bénn"", ""final_correction"": ""benn""}, {""token"": ""foulla"", ""category"": ""informal_wolof"", ""selected_candidate"": ""fulla"", ""final_correction"": ""fulla""}, {""token"": ""bilahi"", ""category"": ""informal_wolof"", ""selected_candidate"": ""bilahi"", ""final_correction"": ""bilahi""}]"
313,maman oumy mo sof rk té bari wakh,maman um mo sof r té bari wakh,maman um mo sof r té bari wakh,discard_uninteresting,https://www.youtube.com/watch?v=Myd-Gg4Mhck,"[{""token"": ""maman"", ""category"": ""french_native"", ""selected_candidate"": ""maman"", ""final_correction"": ""maman""}, {""token"": ""oumy"", ""category"": ""informal_wolof"", ""selected_candidate"": ""um"", ""final_correction"": ""um""}, {""token"": ""mo"", ""category"": ""ambiguous_cognate"", ""selected_candidate"": ""mo"", ""final_correction"": ""mo""}, {""token"": ""sof"", ""category"": ""wolof_formal"", ""selected_candidate"": ""sof"", ""final_correction"": ""sof""}, {""token"": ""rk"", ""category"": ""informal_wolof"", ""selected_candidate"": ""r"", ""final_correction"": ""r""}, {""token"": ""té"", ""category"": ""ambiguous_cognate"", ""selected_candidate"": ""té"", ""final_correction"": ""té""}, {""token"": ""bari"", ""category"": ""ambiguous_cognate"", ""selected_candidate"": ""bari"", ""final_correction"": ""bari""}, {""token"": ""wakh"", ""category"": ""french_native"", ""selected_candidate"": ""wakh"", ""final_correction"": ""wakh""}]"
314,khady thiam sofga bonega,xaay caam sooga onega,xaay caam sooga onega,keep,https://www.youtube.com/watch?v=Myd-Gg4Mhck,"[{""token"": ""khady"", ""category"": ""informal_wolof"", ""selected_candidate"": ""khady"", ""final_correction"": ""khady""}, {""token"": ""thiam"", ""category"": ""french_substituted"", ""selected_candidate"": ""thiam"", ""final_correction"": ""thiam""}, {""token"": ""sofga"", ""category"": ""informal_wolof"", ""selected_candidate"": ""sooga"", ""final_correction"": ""soof nga""}, {""token"": ""bonega"", ""category"": ""informal_wolof"", ""selected_candidate"": ""onega"", ""final_correction"": ""bon nga""}]"
315,amine amine amine amine yarabi,amine amine amine amine arabi,amine amine amine amine arabi,discard_uninteresting,https://www.youtube.com/watch?v=Myd-Gg4Mhck,"[{""token"": ""amine"", ""category"": ""french_native"", ""selected_candidate"": ""amine"", ""final_correction"": ""amine""}, {""token"": ""amine"", ""category"": ""french_native"", ""selected_candidate"": ""amine"", ""final_correction"": ""amine""}, {""token"": ""amine"", ""category"": ""french_native"", ""selected_candidate"": ""amine"", ""final_correction"": ""amine""}, {""token"": ""amine"", ""category"": ""french_native"", ""selected_candidate"": ""amine"", ""final_correction"": ""amine""}, {""token"": ""yarabi"", ""category"": ""informal_wolof"", ""selected_candidate"": ""arabi"", ""final_correction"": ""arabi""}]"
316,maman oumy mo sof rek ta bari wakh ak lamagne bou rey bi kou d'accord,maman um mo sof rek ta bari wakh ak lama bou rey bi ku d'accord,maman um mo sof rek ta bari wakh ak lama bou rey bi ku d'accord,discard_uninteresting,https://www.youtube.com/watch?v=Myd-Gg4Mhck,"[{""token"": ""maman"", ""category"": ""french_native"", ""selected_candidate"": ""maman"", ""final_correction"": ""maman""}, {""token"": ""oumy"", ""category"": ""informal_wolof"", ""selected_candidate"": ""um"", ""final_correction"": ""um""}, {""token"": ""mo"", ""category"": ""ambiguous_cognate"", ""selected_candidate"": ""mo"", ""final_correction"": ""mo""}, {""token"": ""sof"", ""category"": ""wolof_formal"", ""selected_candidate"": ""sof"", ""final_correction"": ""sof""}, {""token"": ""rek"", ""category"": ""ambiguous_cognate"", ""selected_candidate"": ""rek"", ""final_correction"": ""rek""}, {""token"": ""ta"", ""category"": ""ambiguous_cognate"", ""selected_candidate"": ""ta"", ""final_correction"": ""ta""}, {""token"": ""bari"", ""category"": ""ambiguous_cognate"", ""selected_candidate"": ""bari"", ""final_correction"": ""bari""}, {""token"": ""wakh"", ""category"": ""french_native"", ""selected_candidate"": ""wakh"", ""final_correction"": ""wakh""}, {""token"": ""ak"", ""category"": ""ambiguous_cognate"", ""selected_candidate"": ""ak"", ""final_correction"": ""ak""}, {""token"": ""lamagne"", ""category"": ""informal_wolof"", ""selected_candidate"": ""lama"", ""final_correction"": ""lama""}, {""token"": ""bou"", ""category"": ""ambiguous_cognate"", ""selected_candidate"": ""bou"", ""final_correction"": ""bou""}, {""token"": ""rey"", ""category"": ""wolof_formal"", ""selected_candidate"": ""rey"", ""final_correction"": ""rey""}, {""token"": ""bi"", ""category"": ""ambiguous_cognate"", ""selected_candidate"": ""bi"", ""final_correction"": ""bi""}, {""token"": ""kou"", ""category"": ""informal_wolof"", ""selected_candidate"": ""ku"", ""final_correction"": ""ku""}, {""token"": ""d'accord"", ""category"": ""french_native"", ""selected_candidate"": ""d'accord"", ""final_correction"": ""d'accord""}]"
317,dialika une bonne femme,saalika une bonne femme,saalika une bonne femme,discard_false_positive,https://www.youtube.com/watch?v=Myd-Gg4Mhck,"[{""token"": ""dialika"", ""category"": ""informal_wolof"", ""selected_candidate"": ""saalika"", ""final_correction"": ""saalika""}, {""token"": ""une"", ""category"": ""ambiguous_cognate"", ""selected_candidate"": ""une"", ""final_correction"": ""une""}, {""token"": ""bonne"", ""category"": ""french_native"", ""selected_candidate"": ""bonne"", ""final_correction"": ""bonne""}, {""token"": ""femme"", ""category"": ""ambiguous_cognate"", ""selected_candidate"": ""femme"", ""final_correction"": ""femme""}]"
318,lékhou fékhal n'a sama khol bi,lexu féñaal n'a sama xool bi,lexu féñaal n'a sama xool bi,keep,https://www.youtube.com/watch?v=Myd-Gg4Mhck,"[{""token"": ""lékhou"", ""category"": ""informal_wolof"", ""selected_candidate"": ""lékhou"", ""final_correction"": ""lékhou""}, {""token"": ""fékhal"", ""category"": ""informal_wolof"", ""selected_candidate"": ""féñaal"", ""final_correction"": ""féexal""}, {""token"": ""n'a"", ""category"": ""french_native"", ""selected_candidate"": ""n'a"", ""final_correction"": ""na""}, {""token"": ""sama"", ""category"": ""ambiguous_cognate"", ""selected_candidate"": ""sama"", ""final_correction"": ""sama""}, {""token"": ""khol"", ""category"": ""informal_wolof"", ""selected_candidate"": ""xol"", ""final_correction"": ""xol""}, {""token"": ""bi"", ""category"": ""ambiguous_cognate"", ""selected_candidate"": ""bi"", ""final_correction"": ""bi""}]"
319,khady thiam doule,xaay caam doolé,xaay caam doolé,discard_uninteresting,https://www.youtube.com/watch?v=Myd-Gg4Mhck,"[{""token"": ""khady"", ""category"": ""informal_wolof"", ""selected_candidate"": ""xaay"", ""final_correction"": ""xaay""}, {""token"": ""thiam"", ""category"": ""french_substituted"", ""selected_candidate"": ""caam"", ""final_correction"": ""caam""}, {""token"": ""doule"", ""category"": ""informal_wolof"", ""selected_candidate"": ""doolé"", ""final_correction"": ""doolé""}]"
320,khadija thiam merde a la fin,xaajna caam merde a la jeexitalu,xaajna caam merde a la jeexitalu,discard_uninteresting,https://www.youtube.com/watch?v=Myd-Gg4Mhck,"[{""token"": ""khadija"", ""category"": ""informal_wolof"", ""selected_candidate"": ""xaajna"", ""final_correction"": ""xaajna""}, {""token"": ""thiam"", ""category"": ""french_substituted"", ""selected_candidate"": ""caam"", ""final_correction"": ""caam""}, {""token"": ""merde"", ""category"": ""french_native"", ""selected_candidate"": ""merde"", ""final_correction"": ""merde""}, {""token"": ""a"", ""category"": ""ambiguous_cognate"", ""selected_candidate"": ""a"", ""final_correction"": ""a""}, {""token"": ""la"", ""category"": ""ambiguous_cognate"", ""selected_candidate"": ""la"", ""final_correction"": ""la""}, {""token"": ""fin"", ""category"": ""french_substituted"", ""selected_candidate"": ""jeexitalu"", ""final_correction"": ""jeexitalu""}]"
321,maman oumy dafa bone li pou wakhe leyela bahkoul,maman um dafa bone li pou waxee lamelaa baalul,maman um dafa bone li pou waxee lamelaa baalul,skip_uncertain,https://www.youtube.com/watch?v=Myd-Gg4Mhck,"[{""token"": ""maman"", ""category"": ""french_native"", ""selected_candidate"": ""maman"", ""final_correction"": ""maman""}, {""token"": ""oumy"", ""category"": ""informal_wolof"", ""selected_candidate"": ""um"", ""final_correction"": ""um""}, {""token"": ""dafa"", ""category"": ""ambiguous_cognate"", ""selected_candidate"": ""dafa"", ""final_correction"": ""dafa""}, {""token"": ""bone"", ""category"": ""ambiguous_cognate"", ""selected_candidate"": ""bone"", ""final_correction"": ""bone""}, {""token"": ""li"", ""category"": ""ambiguous_cognate"", ""selected_candidate"": ""li"", ""final_correction"": ""li""}, {""token"": ""pou"", ""category"": ""french_native"", ""selected_candidate"": ""pou"", ""final_correction"": ""pou""}, {""token"": ""wakhe"", ""category"": ""informal_wolof"", ""selected_candidate"": ""waxee"", ""final_correction"": ""waxee""}, {""token"": ""leyela"", ""category"": ""informal_wolof"", ""selected_candidate"": ""lamelaa"", ""final_correction"": ""lamelaa""}, {""token"": ""bahkoul"", ""category"": ""informal_wolof"", ""selected_candidate"": ""baalul"", ""final_correction"": ""baalul""}]"
322,bilahi khady thiame dafa rew tidiane mom. amoul foula,bilahi xaay thiaabi dafa rew tiijaan mom amoul foula,bilahi xaay thiaabi dafa rew tiijaan mom amoul foula,keep,https://www.youtube.com/watch?v=Myd-Gg4Mhck,"[{""token"": ""bilahi"", ""category"": ""informal_wolof"", ""selected_candidate"": ""bilahi"", ""final_correction"": ""bilahi""}, {""token"": ""khady"", ""category"": ""informal_wolof"", ""selected_candidate"": ""khady"", ""final_correction"": ""khady""}, {""token"": ""thiame"", ""category"": ""informal_wolof"", ""selected_candidate"": ""thiame"", ""final_correction"": ""thiame""}, {""token"": ""dafa"", ""category"": ""ambiguous_cognate"", ""selected_candidate"": ""dafa"", ""final_correction"": ""dafa""}, {""token"": ""rew"", ""category"": ""wolof_formal"", ""selected_candidate"": ""réw"", ""final_correction"": ""reew""}, {""token"": ""tidiane"", ""category"": ""french_substituted"", ""selected_candidate"": ""tidiane"", ""final_correction"": ""tidiane""}, {""token"": ""mom"", ""category"": ""wolof_formal"", ""selected_candidate"": ""mom"", ""final_correction"": ""mom""}, {""token"": ""amoul"", ""category"": ""ambiguous_cognate"", ""selected_candidate"": ""amoul"", ""final_correction"": ""amoul""}, {""token"": ""foula"", ""category"": ""french_native"", ""selected_candidate"": ""foula"", ""final_correction"": ""fulla""}]"
323,bb maréme ️️️,bb maree,bb maree,discard_uninteresting,https://www.youtube.com/watch?v=Myd-Gg4Mhck,"[{""token"": ""bb"", ""category"": ""wolof_formal"", ""selected_candidate"": ""bb"", ""final_correction"": ""bb""}, {""token"": ""maréme"", ""category"": ""informal_wolof"", ""selected_candidate"": ""maree"", ""final_correction"": ""maréme""}]"
324,machalla l'af thiat qui xallela,mashalla laaf caat qui jàlleel,mashalla laaf caat qui jàlleel,discard_uninteresting,https://www.youtube.com/watch?v=Myd-Gg4Mhck,"[{""token"": ""machalla"", ""category"": ""informal_wolof"", ""selected_candidate"": ""mashalla"", ""final_correction"": ""mashalla""}, {""token"": ""l'af"", ""category"": ""informal_wolof"", ""selected_candidate"": ""laaf"", ""final_correction"": ""laaf""}, {""token"": ""thiat"", ""category"": ""informal_wolof"", ""selected_candidate"": ""caat"", ""final_correction"": ""caat""}, {""token"": ""qui"", ""category"": ""ambiguous_cognate"", ""selected_candidate"": ""qui"", ""final_correction"": ""qui""}, {""token"": ""xallela"", ""category"": ""informal_wolof"", ""selected_candidate"": ""jàlleel"", ""final_correction"": ""jàlleel""}]"
325,khady thiame ya fouy,xaay thiaabi ya fuy,xaay thiaabi ya fuy,discard_uninteresting,https://www.youtube.com/watch?v=Myd-Gg4Mhck,"[{""token"": ""khady"", ""category"": ""informal_wolof"", ""selected_candidate"": ""xaay"", ""final_correction"": ""xaay""}, {""token"": ""thiame"", ""category"": ""informal_wolof"", ""selected_candidate"": ""thiaabi"", ""final_correction"": ""thiaabi""}, {""token"": ""ya"", ""category"": ""ambiguous_cognate"", ""selected_candidate"": ""ya"", ""final_correction"": ""ya""}, {""token"": ""fouy"", ""category"": ""informal_wolof"", ""selected_candidate"": ""fuy"", ""final_correction"": ""fuy""}]"
326,maman oumy dou nitt,maman um dou nitt,maman um dou nitt,discard_uninteresting,https://www.youtube.com/watch?v=Myd-Gg4Mhck,"[{""token"": ""maman"", ""category"": ""french_native"", ""selected_candidate"": ""maman"", ""final_correction"": ""maman""}, {""token"": ""oumy"", ""category"": ""informal_wolof"", ""selected_candidate"": ""um"", ""final_correction"": ""um""}, {""token"": ""dou"", ""category"": ""french_native"", ""selected_candidate"": ""dou"", ""final_correction"": ""dou""}, {""token"": ""nitt"", ""category"": ""wolof_formal"", ""selected_candidate"": ""nitt"", ""final_correction"": ""nitt""}]"
327,khady thiam sofna nk ahhhhh duull wayyy,xaay caam safna n ahhhhh duul wayyy,xaay caam safna n ahhhhh duul wayyy,keep,https://www.youtube.com/watch?v=Myd-Gg4Mhck,"[{""token"": ""khady"", ""category"": ""informal_wolof"", ""selected_candidate"": ""khady"", ""final_correction"": ""khady""}, {""token"": ""thiam"", ""category"": ""french_substituted"", ""selected_candidate"": ""thiam"", ""final_correction"": ""thiam""}, {""token"": ""sofna"", ""category"": ""informal_wolof"", ""selected_candidate"": ""safna"", ""final_correction"": ""soof na""}, {""token"": ""nk"", ""category"": ""informal_wolof"", ""selected_candidate"": ""n"", ""final_correction"": ""nak""}, {""token"": ""ahhhhh"", ""category"": ""informal_wolof"", ""selected_candidate"": ""ahhhhh"", ""final_correction"": ""ah""}, {""token"": ""duull"", ""category"": ""informal_wolof"", ""selected_candidate"": ""duul"", ""final_correction"": ""duul""}, {""token"": ""wayyy"", ""category"": ""informal_wolof"", ""selected_candidate"": ""wayyy"", ""final_correction"": ""waay""}]"
329,takander saison 2 kagne laye commencé,takkandeer saison __protected_0__ kaañ laye tambali,takkandeer saison __protected_0__ kaañ laye tambali,discard_uninteresting,https://www.youtube.com/watch?v=Myd-Gg4Mhck,"[{""token"": ""takander"", ""category"": ""informal_wolof"", ""selected_candidate"": ""takkandeer"", ""final_correction"": ""takkandeer""}, {""token"": ""saison"", ""category"": ""ambiguous_cognate"", ""selected_candidate"": ""saison"", ""final_correction"": ""saison""}, {""token"": ""__protected_0__"", ""category"": ""informal_wolof"", ""selected_candidate"": ""__protected_0__"", ""final_correction"": ""__protected_0__""}, {""token"": ""kagne"", ""category"": ""informal_wolof"", ""selected_candidate"": ""kaañ"", ""final_correction"": ""kaañ""}, {""token"": ""laye"", ""category"": ""ambiguous_cognate"", ""selected_candidate"": ""laye"", ""final_correction"": ""laye""}, {""token"": ""commencé"", ""category"": ""french_substituted"", ""selected_candidate"": ""tambali"", ""final_correction"": ""tambali""}]"
331,weurseuk mom moyi lane,weerseek mom mooy lane,weerseek mom mooy lane,keep,https://www.youtube.com/watch?v=Myd-Gg4Mhck,"[{""token"": ""weurseuk"", ""category"": ""informal_wolof"", ""selected_candidate"": ""weerseek"", ""final_correction"": ""wërsëg""}, {""token"": ""mom"", ""category"": ""wolof_formal"", ""selected_candidate"": ""mom"", ""final_correction"": ""mom""}, {""token"": ""moyi"", ""category"": ""informal_wolof"", ""selected_candidate"": ""mooy"", ""final_correction"": ""mooy""}, {""token"": ""lane"", ""category"": ""wolof_formal"", ""selected_candidate"": ""lan"", ""final_correction"": ""lan""}]"
332,tidiane mbeuguéll kenn douko forcé,tiijaan mbëggeel kenn duko forcé,tiijaan mbëggeel kenn duko forcé,keep,https://www.youtube.com/watch?v=Myd-Gg4Mhck,"[{""token"": ""tidiane"", ""category"": ""french_substituted"", ""selected_candidate"": ""tidiane"", ""final_correction"": ""tidiane""}, {""token"": ""mbeuguéll"", ""category"": ""informal_wolof"", ""selected_candidate"": ""mbëggeel"", ""final_correction"": ""mbëggeel""}, {""token"": ""kenn"", ""category"": ""ambiguous_cognate"", ""selected_candidate"": ""kenn"", ""final_correction"": ""kenn""}, {""token"": ""douko"", ""category"": ""informal_wolof"", ""selected_candidate"": ""duko"", ""final_correction"": ""du ko""}, {""token"": ""forcé"", ""category"": ""french_native"", ""selected_candidate"": ""forcé"", ""final_correction"": ""forcé""}]"
333,bb marem pa bi dioguena,bb mareem pa bi dugguna,bb mareem pa bi dugguna,skip_uncertain,https://www.youtube.com/watch?v=Myd-Gg4Mhck,"[{""token"": ""bb"", ""category"": ""wolof_formal"", ""selected_candidate"": ""bb"", ""final_correction"": ""bb""}, {""token"": ""marem"", ""category"": ""informal_wolof"", ""selected_candidate"": ""marem"", ""final_correction"": ""marem""}, {""token"": ""pa"", ""category"": ""ambiguous_cognate"", ""selected_candidate"": ""pa"", ""final_correction"": ""pa""}, {""token"": ""bi"", ""category"": ""ambiguous_cognate"", ""selected_candidate"": ""bi"", ""final_correction"": ""bi""}, {""token"": ""dioguena"", ""category"": ""informal_wolof"", ""selected_candidate"": ""dugguna"", ""final_correction"": ""dugguna""}]"
334,gamou dahira sope dabakh n1 pikine le 7 ak le 8 novembre 2025 incha allah,gàmmu dahira sopp dabakh n pikin le __protected_2__ ak le __protected_1__ novembre __protected_0__ inca allah,gàmmu dahira sopp dabakh n pikin le __protected_2__ ak le __protected_1__ novembre __protected_0__ inca allah,discard_uninteresting,https://www.youtube.com/watch?v=Myd-Gg4Mhck,"[{""token"": ""gamou"", ""category"": ""french_substituted"", ""selected_candidate"": ""gàmmu"", ""final_correction"": ""gàmmu""}, {""token"": ""dahira"", ""category"": ""french_native"", ""selected_candidate"": ""dahira"", ""final_correction"": ""dahira""}, {""token"": ""sope"", ""category"": ""informal_wolof"", ""selected_candidate"": ""sopp"", ""final_correction"": ""sopp""}, {""token"": ""dabakh"", ""category"": ""french_native"", ""selected_candidate"": ""dabakh"", ""final_correction"": ""dabakh""}, {""token"": ""n1"", ""category"": ""informal_wolof"", ""selected_candidate"": ""n"", ""final_correction"": ""n""}, {""token"": ""pikine"", ""category"": ""french_substituted"", ""selected_candidate"": ""pikin"", ""final_correction"": ""pikin""}, {""token"": ""le"", ""category"": ""ambiguous_cognate"", ""selected_candidate"": ""le"", ""final_correction"": ""le""}, {""token"": ""__protected_2__"", ""category"": ""informal_wolof"", ""selected_candidate"": ""__protected_2__"", ""final_correction"": ""__protected_2__""}, {""token"": ""ak"", ""category"": ""ambiguous_cognate"", ""selected_candidate"": ""ak"", ""final_correction"": ""ak""}, {""token"": ""le"", ""category"": ""ambiguous_cognate"", ""selected_candidate"": ""le"", ""final_correction"": ""le""}, {""token"": ""__protected_1__"", ""category"": ""informal_wolof"", ""selected_candidate"": ""__protected_1__"", ""final_correction"": ""__protected_1__""}, {""token"": ""novembre"", ""category"": ""ambiguous_cognate"", ""selected_candidate"": ""novembre"", ""final_correction"": ""novembre""}, {""token"": ""__protected_0__"", ""category"": ""informal_wolof"", ""selected_candidate"": ""__protected_0__"", ""final_correction"": ""__protected_0__""}, {""token"": ""incha"", ""category"": ""informal_wolof"", ""selected_candidate"": ""inca"", ""final_correction"": ""inca""}, {""token"": ""allah"", ""category"": ""ambiguous_cognate"", ""selected_candidate"": ""allah"", ""final_correction"": ""allah""}]"
335,niata diabar gua am,niàka jabar gaa am,niàka jabar gaa am,keep,https://www.youtube.com/watch?v=Myd-Gg4Mhck,"[{""token"": ""niata"", ""category"": ""informal_wolof"", ""selected_candidate"": ""ñaata"", ""final_correction"": ""ñaata""}, {""token"": ""diabar"", ""category"": ""informal_wolof"", ""selected_candidate"": ""jabar"", ""final_correction"": ""jabar""}, {""token"": ""gua"", ""category"": ""informal_wolof"", ""selected_candidate"": ""gaa"", ""final_correction"": ""nga""}, {""token"": ""am"", ""category"": ""ambiguous_cognate"", ""selected_candidate"": ""am"", ""final_correction"": ""am""}]"
336,lii dhé la wakhno vraiment maman oumy barina wax,lii dée la waxna vraiment maman um barina wax,lii dée la waxna vraiment maman um barina wax,keep,https://www.youtube.com/watch?v=Myd-Gg4Mhck,"[{""token"": ""lii"", ""category"": ""ambiguous_cognate"", ""selected_candidate"": ""lii"", ""final_correction"": ""li""}, {""token"": ""dhé"", ""category"": ""informal_wolof"", ""selected_candidate"": ""dé"", ""final_correction"": ""dé""}, {""token"": ""la"", ""category"": ""ambiguous_cognate"", ""selected_candidate"": ""la"", ""final_correction"": ""la""}, {""token"": ""wakhno"", ""category"": ""informal_wolof"", ""selected_candidate"": ""waxna"", ""final_correction"": ""waxone""}, {""token"": ""vraiment"", ""category"": ""french_native"", ""selected_candidate"": ""vraiment"", ""final_correction"": ""vraiment""}, {""token"": ""maman"", ""category"": ""french_native"", ""selected_candidate"": ""maman"", ""final_correction"": ""maman""}, {""token"": ""oumy"", ""category"": ""informal_wolof"", ""selected_candidate"": ""oumy"", ""final_correction"": ""oumy""}, {""token"": ""barina"", ""category"": ""wolof_formal"", ""selected_candidate"": ""barina"", ""final_correction"": ""bari na""}, {""token"": ""wax"", ""category"": ""ambiguous_cognate"", ""selected_candidate"": ""wax"", ""final_correction"": ""wax""}]"
337,weurseukk moy lane,weurseukk moy lane,weurseukk moy lane,discard_uninteresting,https://www.youtube.com/watch?v=Myd-Gg4Mhck,"[{""token"": ""weurseukk"", ""category"": ""informal_wolof"", ""selected_candidate"": ""weurseukk"", ""final_correction"": ""weurseukk""}, {""token"": ""moy"", ""category"": ""wolof_formal"", ""selected_candidate"": ""moy"", ""final_correction"": ""moy""}, {""token"": ""lane"", ""category"": ""wolof_formal"", ""selected_candidate"": ""lane"", ""final_correction"": ""lane""}]"
338,juboo ak say goro nekhna deh. bravo sokhna djalika.,juboo ak say goro neexna dee bravo soxna saalika,juboo ak say goro neexna dee bravo soxna saalika,keep,https://www.youtube.com/watch?v=Myd-Gg4Mhck,"[{""token"": ""juboo"", ""category"": ""wolof_formal"", ""selected_candidate"": ""juboo"", ""final_correction"": ""juboo""}, {""token"": ""ak"", ""category"": ""ambiguous_cognate"", ""selected_candidate"": ""ak"", ""final_correction"": ""ak""}, {""token"": ""say"", ""category"": ""ambiguous_cognate"", ""selected_candidate"": ""say"", ""final_correction"": ""say""}, {""token"": ""goro"", ""category"": ""ambiguous_cognate"", ""selected_candidate"": ""goro"", ""final_correction"": ""goro""}, {""token"": ""nekhna"", ""category"": ""informal_wolof"", ""selected_candidate"": ""neexna"", ""final_correction"": ""neex na""}, {""token"": ""deh"", ""category"": ""informal_wolof"", ""selected_candidate"": ""deh"", ""final_correction"": ""deh""}, {""token"": ""bravo"", ""category"": ""ambiguous_cognate"", ""selected_candidate"": ""bravo"", ""final_correction"": ""bravo""}, {""token"": ""sokhna"", ""category"": ""french_substituted"", ""selected_candidate"": ""sokhna"", ""final_correction"": ""sokhna""}, {""token"": ""djalika"", ""category"": ""informal_wolof"", ""selected_candidate"": ""djalika"", ""final_correction"": ""djalika""}]"
341,weurseuk seuhhh sénégal,weerseek seuhhh sénégal,weerseek seuhhh sénégal,discard_uninteresting,https://www.youtube.com/watch?v=Myd-Gg4Mhck,"[{""token"": ""weurseuk"", ""category"": ""informal_wolof"", ""selected_candidate"": ""weerseek"", ""final_correction"": ""weerseek""}, {""token"": ""seuhhh"", ""category"": ""informal_wolof"", ""selected_candidate"": ""seuhhh"", ""final_correction"": ""seuhhh""}, {""token"": ""sénégal"", ""category"": ""ambiguous_cognate"", ""selected_candidate"": ""sénégal"", ""final_correction"": ""sénégal""}]"
342,wa ma oumy nit la,wa ma um nit la,wa ma um nit la,discard_uninteresting,https://www.youtube.com/watch?v=Myd-Gg4Mhck,"[{""token"": ""wa"", ""category"": ""ambiguous_cognate"", ""selected_candidate"": ""wa"", ""final_correction"": ""wa""}, {""token"": ""ma"", ""category"": ""ambiguous_cognate"", ""selected_candidate"": ""ma"", ""final_correction"": ""ma""}, {""token"": ""oumy"", ""category"": ""informal_wolof"", ""selected_candidate"": ""um"", ""final_correction"": ""um""}, {""token"": ""nit"", ""category"": ""ambiguous_cognate"", ""selected_candidate"": ""nit"", ""final_correction"": ""nit""}, {""token"": ""la"", ""category"": ""ambiguous_cognate"", ""selected_candidate"": ""la"", ""final_correction"": ""la""}]"
343,mere bii sof nama,mere bii sof nama,mere bii sof nama,keep,https://www.youtube.com/watch?v=Myd-Gg4Mhck,"[{""token"": ""mere"", ""category"": ""ambiguous_cognate"", ""selected_candidate"": ""mere"", ""final_correction"": ""mere""}, {""token"": ""bii"", ""category"": ""ambiguous_cognate"", ""selected_candidate"": ""bii"", ""final_correction"": ""bii""}, {""token"": ""sof"", ""category"": ""wolof_formal"", ""selected_candidate"": ""soof"", ""final_correction"": ""soof""}, {""token"": ""nama"", ""category"": ""ambiguous_cognate"", ""selected_candidate"": ""nama"", ""final_correction"": ""na ma""}]"
344,thiey homme khalil dafay metti sama khol ou mane ma fiire,thiey homme khalid dafay metti sama xool ou mane ma fiire,thiey homme khalid dafay metti sama xool ou mane ma fiire,keep,https://www.youtube.com/watch?v=Myd-Gg4Mhck,"[{""token"": ""thiey"", ""category"": ""french_native"", ""selected_candidate"": ""thiey"", ""final_correction"": ""céy""}, {""token"": ""homme"", ""category"": ""ambiguous_cognate"", ""selected_candidate"": ""homme"", ""final_correction"": ""homme""}, {""token"": ""khalil"", ""category"": ""informal_wolof"", ""selected_candidate"": ""khalil"", ""final_correction"": ""khalil""}, {""token"": ""dafay"", ""category"": ""wolof_formal"", ""selected_candidate"": ""dafay"", ""final_correction"": ""dafay""}, {""token"": ""metti"", ""category"": ""ambiguous_cognate"", ""selected_candidate"": ""metti"", ""final_correction"": ""metti""}, {""token"": ""sama"", ""category"": ""ambiguous_cognate"", ""selected_candidate"": ""sama"", ""final_correction"": ""sama""}, {""token"": ""khol"", ""category"": ""informal_wolof"", ""selected_candidate"": ""xol"", ""final_correction"": ""xol""}, {""token"": ""ou"", ""category"": ""ambiguous_cognate"", ""selected_candidate"": ""ou"", ""final_correction"": ""ou""}, {""token"": ""mane"", ""category"": ""ambiguous_cognate"", ""selected_candidate"": ""mane"", ""final_correction"": ""man""}, {""token"": ""ma"", ""category"": ""ambiguous_cognate"", ""selected_candidate"": ""ma"", ""final_correction"": ""ma""}, {""token"": ""fiire"", ""category"": ""wolof_formal"", ""selected_candidate"": ""fiire"", ""final_correction"": ""fiire""}]"
345,wa goor niata khol la am,wa goor niàka xool la am,wa goor niàka xool la am,keep,https://www.youtube.com/watch?v=Myd-Gg4Mhck,"[{""token"": ""wa"", ""category"": ""ambiguous_cognate"", ""selected_candidate"": ""wa"", ""final_correction"": ""wa""}, {""token"": ""goor"", ""category"": ""wolof_formal"", ""selected_candidate"": ""goor"", ""final_correction"": ""goor""}, {""token"": ""niata"", ""category"": ""informal_wolof"", ""selected_candidate"": ""ñaata"", ""final_correction"": ""ñaata""}, {""token"": ""khol"", ""category"": ""informal_wolof"", ""selected_candidate"": ""xol"", ""final_correction"": ""xol""}, {""token"": ""la"", ""category"": ""ambiguous_cognate"", ""selected_candidate"": ""la"", ""final_correction"": ""la""}, {""token"": ""am"", ""category"": ""ambiguous_cognate"", ""selected_candidate"": ""am"", ""final_correction"": ""am""}]"
346,maman oumy mi féthe ba paré tok ni day dioy,maman um mi féte ba paré tok ni day juy,maman um mi féte ba paré tok ni day juy,keep,https://www.youtube.com/watch?v=Myd-Gg4Mhck,"[{""token"": ""maman"", ""category"": ""french_native"", ""selected_candidate"": ""maman"", ""final_correction"": ""maman""}, {""token"": ""oumy"", ""category"": ""informal_wolof"", ""selected_candidate"": ""oumy"", ""final_correction"": ""oumy""}, {""token"": ""mi"", ""category"": ""ambiguous_cognate"", ""selected_candidate"": ""mi"", ""final_correction"": ""mi""}, {""token"": ""féthe"", ""category"": ""informal_wolof"", ""selected_candidate"": ""fecce"", ""final_correction"": ""fecc""}, {""token"": ""ba"", ""category"": ""ambiguous_cognate"", ""selected_candidate"": ""ba"", ""final_correction"": ""ba""}, {""token"": ""paré"", ""category"": ""ambiguous_cognate"", ""selected_candidate"": ""pare"", ""final_correction"": ""pare""}, {""token"": ""tok"", ""category"": ""ambiguous_cognate"", ""selected_candidate"": ""tok"", ""final_correction"": ""toog""}, {""token"": ""ni"", ""category"": ""ambiguous_cognate"", ""selected_candidate"": ""ni"", ""final_correction"": ""ni""}, {""token"": ""day"", ""category"": ""ambiguous_cognate"", ""selected_candidate"": ""day"", ""final_correction"": ""day""}, {""token"": ""dioy"", ""category"": ""informal_wolof"", ""selected_candidate"": ""jooy"", ""final_correction"": ""jooy""}]"
347,mo diarna lathe dal,mo jaarna layee dal,mo jaarna layee dal,keep,https://www.youtube.com/watch?v=Myd-Gg4Mhck,"[{""token"": ""mo"", ""category"": ""ambiguous_cognate"", ""selected_candidate"": ""mo"", ""final_correction"": ""mo""}, {""token"": ""diarna"", ""category"": ""informal_wolof"", ""selected_candidate"": ""jarna"", ""final_correction"": ""jar na""}, {""token"": ""lathe"", ""category"": ""informal_wolof"", ""selected_candidate"": ""làcc"", ""final_correction"": ""laajte""}, {""token"": ""dal"", ""category"": ""ambiguous_cognate"", ""selected_candidate"": ""daal"", ""final_correction"": ""daal""}]"
348,maman oumy mi yennneu warou wolen si mome,maman um mi yénne waru wooleen si momee,maman um mi yénne waru wooleen si momee,keep,https://www.youtube.com/watch?v=Myd-Gg4Mhck,"[{""token"": ""maman"", ""category"": ""french_native"", ""selected_candidate"": ""maman"", ""final_correction"": ""maman""}, {""token"": ""oumy"", ""category"": ""informal_wolof"", ""selected_candidate"": ""oumy"", ""final_correction"": ""oumy""}, {""token"": ""mi"", ""category"": ""ambiguous_cognate"", ""selected_candidate"": ""mi"", ""final_correction"": ""mi""}, {""token"": ""yennneu"", ""category"": ""informal_wolof"", ""selected_candidate"": ""yénne"", ""final_correction"": ""yeen""}, {""token"": ""warou"", ""category"": ""informal_wolof"", ""selected_candidate"": ""waaru"", ""final_correction"": ""waaru""}, {""token"": ""wolen"", ""category"": ""informal_wolof"", ""selected_candidate"": ""wooleen"", ""final_correction"": ""woo leen""}, {""token"": ""si"", ""category"": ""ambiguous_cognate"", ""selected_candidate"": ""si"", ""final_correction"": ""si""}, {""token"": ""mome"", ""category"": ""informal_wolof"", ""selected_candidate"": ""momee"", ""final_correction"": ""moom""}]"
349,sama khôl bi jalika dinako guéné ak weursseuk tchimm,sama khôl bi malika dinako guéné ak weursseuk tchimm,sama khôl bi malika dinako guéné ak weursseuk tchimm,keep,https://www.youtube.com/watch?v=Myd-Gg4Mhck,"[{""token"": ""sama"", ""category"": ""ambiguous_cognate"", ""selected_candidate"": ""sama"", ""final_correction"": ""sama""}, {""token"": ""khôl"", ""category"": ""french_native"", ""selected_candidate"": ""khôl"", ""final_correction"": ""xol""}, {""token"": ""bi"", ""category"": ""ambiguous_cognate"", ""selected_candidate"": ""bi"", ""final_correction"": ""bi""}, {""token"": ""jalika"", ""category"": ""informal_wolof"", ""selected_candidate"": ""jalika"", ""final_correction"": ""jalika""}, {""token"": ""dinako"", ""category"": ""wolof_formal"", ""selected_candidate"": ""dinako"", ""final_correction"": ""di naa ko""}, {""token"": ""guéné"", ""category"": ""wolof_formal"", ""selected_candidate"": ""guéné"", ""final_correction"": ""génne""}, {""token"": ""ak"", ""category"": ""ambiguous_cognate"", ""selected_candidate"": ""ak"", ""final_correction"": ""ak""}, {""token"": ""weursseuk"", ""category"": ""informal_wolof"", ""selected_candidate"": ""weursseuk"", ""final_correction"": ""wërsëg""}, {""token"": ""tchimm"", ""category"": ""informal_wolof"", ""selected_candidate"": ""tchimm"", ""final_correction"": ""cim""}]"
350,thieuy bb maréme,cëy bb maree,cëy bb maree,discard_uninteresting,https://www.youtube.com/watch?v=Myd-Gg4Mhck,"[{""token"": ""thieuy"", ""category"": ""informal_wolof"", ""selected_candidate"": ""cëy"", ""final_correction"": ""céy""}, {""token"": ""bb"", ""category"": ""wolof_formal"", ""selected_candidate"": ""bb"", ""final_correction"": ""bb""}, {""token"": ""maréme"", ""category"": ""informal_wolof"", ""selected_candidate"": ""maréme"", ""final_correction"": ""maréme""}]"
351,wa key sohna dialika nanga féhé ba linga commencer nga yéggali ko balaa mouy heuy béne jour nguen dioté moulay hass,wa key soxna saalika nanga féte ba linga commencer nga yeggali ko balaa muy hey bén bis ngeen joote muslaay tass,wa key soxna saalika nanga féte ba linga commencer nga yeggali ko balaa muy hey bén bis ngeen joote muslaay tass,keep,https://www.youtube.com/watch?v=Myd-Gg4Mhck,"[{""token"": ""wa"", ""category"": ""ambiguous_cognate"", ""selected_candidate"": ""wa"", ""final_correction"": ""wa""}, {""token"": ""key"", ""category"": ""wolof_formal"", ""selected_candidate"": ""key"", ""final_correction"": ""key""}, {""token"": ""sohna"", ""category"": ""informal_wolof"", ""selected_candidate"": ""sohna"", ""final_correction"": ""sohna""}, {""token"": ""dialika"", ""category"": ""informal_wolof"", ""selected_candidate"": ""dialika"", ""final_correction"": ""dialika""}, {""token"": ""nanga"", ""category"": ""wolof_formal"", ""selected_candidate"": ""nanga"", ""final_correction"": ""na nga""}, {""token"": ""féhé"", ""category"": ""informal_wolof"", ""selected_candidate"": ""féte"", ""final_correction"": ""fexe""}, {""token"": ""ba"", ""category"": ""ambiguous_cognate"", ""selected_candidate"": ""ba"", ""final_correction"": ""ba""}, {""token"": ""linga"", ""category"": ""ambiguous_cognate"", ""selected_candidate"": ""linga"", ""final_correction"": ""li nga""}, {""token"": ""commencer"", ""category"": ""french_native"", ""selected_candidate"": ""commencer"", ""final_correction"": ""commencer""}, {""token"": ""nga"", ""category"": ""ambiguous_cognate"", ""selected_candidate"": ""nga"", ""final_correction"": ""nga""}, {""token"": ""yéggali"", ""category"": ""informal_wolof"", ""selected_candidate"": ""yeggali"", ""final_correction"": ""yeggali""}, {""token"": ""ko"", ""category"": ""ambiguous_cognate"", ""selected_candidate"": ""ko"", ""final_correction"": ""ko""}, {""token"": ""balaa"", ""category"": ""wolof_formal"", ""selected_candidate"": ""balaa"", ""final_correction"": ""bala""}, {""token"": ""mouy"", ""category"": ""informal_wolof"", ""selected_candidate"": ""muy"", ""final_correction"": ""muy""}, {""token"": ""heuy"", ""category"": ""informal_wolof"", ""selected_candidate"": ""hey"", ""final_correction"": ""xéy""}, {""token"": ""béne"", ""category"": ""informal_wolof"", ""selected_candidate"": ""bene"", ""final_correction"": ""benn""}, {""token"": ""jour"", ""category"": ""french_substituted"", ""selected_candidate"": ""jour"", ""final_correction"": ""jour""}, {""token"": ""nguen"", ""category"": ""informal_wolof"", ""selected_candidate"": ""ngeen"", ""final_correction"": ""ngeen""}, {""token"": ""dioté"", ""category"": ""informal_wolof"", ""selected_candidate"": ""jote"", ""final_correction"": ""jote""}, {""token"": ""moulay"", ""category"": ""informal_wolof"", ""selected_candidate"": ""muslaay"", ""final_correction"": ""mu lay""}, {""token"": ""hass"", ""category"": ""informal_wolof"", ""selected_candidate"": ""tass"", ""final_correction"": ""xas""}]"
354,wooooouuuyaaayyyy yooooyyyy ndidiaye mor neina bbeiii mareme mangui dead,wooooouuuyaaayyyy yooooyyyy ndidiaye mor neena bbeiii mareem mangui dead,wooooouuuyaaayyyy yooooyyyy ndidiaye mor neena bbeiii mareem mangui dead,keep,https://www.youtube.com/watch?v=Myd-Gg4Mhck,"[{""token"": ""wooooouuuyaaayyyy"", ""category"": ""informal_wolof"", ""selected_candidate"": ""wooooouuuyaaayyyy"", ""final_correction"": ""wuyyay""}, {""token"": ""yooooyyyy"", ""category"": ""informal_wolof"", ""selected_candidate"": ""yooooyyyy"", ""final_correction"": ""yooy""}, {""token"": ""ndidiaye"", ""category"": ""informal_wolof"", ""selected_candidate"": ""ndidiaye"", ""final_correction"": ""nijaay""}, {""token"": ""mor"", ""category"": ""french_native"", ""selected_candidate"": ""mor"", ""final_correction"": ""mor""}, {""token"": ""neina"", ""category"": ""informal_wolof"", ""selected_candidate"": ""neena"", ""final_correction"": ""nee na""}, {""token"": ""bbeiii"", ""category"": ""informal_wolof"", ""selected_candidate"": ""bbeiii"", ""final_correction"": ""bbeiii""}, {""token"": ""mareme"", ""category"": ""informal_wolof"", ""selected_candidate"": ""mareme"", ""final_correction"": ""mareme""}, {""token"": ""mangui"", ""category"": ""wolof_formal"", ""selected_candidate"": ""mangui"", ""final_correction"": ""ma ngi""}, {""token"": ""dead"", ""category"": ""ambiguous_cognate"", ""selected_candidate"": ""dead"", ""final_correction"": ""dead""}]"
352,wa méé kann moy bb marem,wa mee kann moy bb mareem,wa mee kann moy bb mareem,discard_uninteresting,https://www.youtube.com/watch?v=Myd-Gg4Mhck,"[{""token"": ""wa"", ""category"": ""ambiguous_cognate"", ""selected_candidate"": ""wa"", ""final_correction"": ""wa""}, {""token"": ""méé"", ""category"": ""informal_wolof"", ""selected_candidate"": ""mee"", ""final_correction"": ""mee""}, {""token"": ""kann"", ""category"": ""wolof_formal"", ""selected_candidate"": ""kann"", ""final_correction"": ""kann""}, {""token"": ""moy"", ""category"": ""wolof_formal"", ""selected_candidate"": ""moy"", ""final_correction"": ""moy""}, {""token"": ""bb"", ""category"": ""wolof_formal"", ""selected_candidate"": ""bb"", ""final_correction"": ""bb""}, {""token"": ""marem"", ""category"": ""informal_wolof"", ""selected_candidate"": ""mareem"", ""final_correction"": ""mareem""}]"
355,maman oumy guis dognou maye diam sheuut akh sa model you gnaw,maman um guis dooñu maye diam sheuut ax sa model you gnaw,maman um guis dooñu maye diam sheuut ax sa model you gnaw,keep,https://www.youtube.com/watch?v=Myd-Gg4Mhck,"[{""token"": ""maman"", ""category"": ""french_native"", ""selected_candidate"": ""maman"", ""final_correction"": ""maman""}, {""token"": ""oumy"", ""category"": ""informal_wolof"", ""selected_candidate"": ""oumy"", ""final_correction"": ""oumy""}, {""token"": ""guis"", ""category"": ""french_native"", ""selected_candidate"": ""guis"", ""final_correction"": ""gis""}, {""token"": ""dognou"", ""category"": ""informal_wolof"", ""selected_candidate"": ""dooñu"", ""final_correction"": ""doo ñu""}, {""token"": ""maye"", ""category"": ""ambiguous_cognate"", ""selected_candidate"": ""maye"", ""final_correction"": ""may""}, {""token"": ""diam"", ""category"": ""ambiguous_cognate"", ""selected_candidate"": ""jàam"", ""final_correction"": ""jàmm""}, {""token"": ""sheuut"", ""category"": ""informal_wolof"", ""selected_candidate"": ""sheuut"", ""final_correction"": ""séttétét""}, {""token"": ""akh"", ""category"": ""informal_wolof"", ""selected_candidate"": ""ak"", ""final_correction"": ""ak""}, {""token"": ""sa"", ""category"": ""ambiguous_cognate"", ""selected_candidate"": ""sa"", ""final_correction"": ""sa""}, {""token"": ""model"", ""category"": ""ambiguous_cognate"", ""selected_candidate"": ""model"", ""final_correction"": ""model""}, {""token"": ""you"", ""category"": ""ambiguous_cognate"", ""selected_candidate"": ""you"", ""final_correction"": ""you""}, {""token"": ""gnaw"", ""category"": ""wolof_formal"", ""selected_candidate"": ""ñaaw"", ""final_correction"": ""ñaaw""}]"
356,maman oumy mom wëroul wayei khady thiam yagui may beug soff nk ish,maman um mom werul waaye xaay caam magui may beug soof n sh,maman um mom werul waaye xaay caam magui may beug soof n sh,keep,https://www.youtube.com/watch?v=Myd-Gg4Mhck,"[{""token"": ""maman"", ""category"": ""french_native"", ""selected_candidate"": ""maman"", ""final_correction"": ""maman""}, {""token"": ""oumy"", ""category"": ""informal_wolof"", ""selected_candidate"": ""oumy"", ""final_correction"": ""oumy""}, {""token"": ""mom"", ""category"": ""wolof_formal"", ""selected_candidate"": ""mom"", ""final_correction"": ""mom""}, {""token"": ""wëroul"", ""category"": ""informal_wolof"", ""selected_candidate"": ""werul"", ""final_correction"": ""wérul""}, {""token"": ""wayei"", ""category"": ""informal_wolof"", ""selected_candidate"": ""waaye"", ""final_correction"": ""waaye""}, {""token"": ""khady"", ""category"": ""informal_wolof"", ""selected_candidate"": ""khady"", ""final_correction"": ""khady""}, {""token"": ""thiam"", ""category"": ""french_substituted"", ""selected_candidate"": ""thiam"", ""final_correction"": ""thiam""}, {""token"": ""yagui"", ""category"": ""informal_wolof"", ""selected_candidate"": ""magui"", ""final_correction"": ""yaa ngi""}, {""token"": ""may"", ""category"": ""ambiguous_cognate"", ""selected_candidate"": ""may"", ""final_correction"": ""may""}, {""token"": ""beug"", ""category"": ""wolof_formal"", ""selected_candidate"": ""bëgg"", ""final_correction"": ""bëgg""}, {""token"": ""soff"", ""category"": ""informal_wolof"", ""selected_candidate"": ""soof"", ""final_correction"": ""soof""}, {""token"": ""nk"", ""category"": ""informal_wolof"", ""selected_candidate"": ""n"", ""final_correction"": ""nak""}, {""token"": ""ish"", ""category"": ""informal_wolof"", ""selected_candidate"": ""ish"", ""final_correction"": ""ish""}]"
357,khady thiamm soff guama,xaay camm soof guma,xaay camm soof guma,keep,https://www.youtube.com/watch?v=Myd-Gg4Mhck,"[{""token"": ""khady"", ""category"": ""informal_wolof"", ""selected_candidate"": ""khady"", ""final_correction"": ""khady""}, {""token"": ""thiamm"", ""category"": ""informal_wolof"", ""selected_candidate"": ""thiamm"", ""final_correction"": ""thiamm""}, {""token"": ""soff"", ""category"": ""informal_wolof"", ""selected_candidate"": ""soof"", ""final_correction"": ""soof""}, {""token"": ""guama"", ""category"": ""informal_wolof"", ""selected_candidate"": ""guma"", ""final_correction"": ""nga ma""}]"
358,b mareme thiéy l’amour,b mareem ciy l soppe,b mareem ciy l soppe,discard_uninteresting,https://www.youtube.com/watch?v=Myd-Gg4Mhck,"[{""token"": ""b"", ""category"": ""ambiguous_cognate"", ""selected_candidate"": ""b"", ""final_correction"": ""b""}, {""token"": ""mareme"", ""category"": ""informal_wolof"", ""selected_candidate"": ""mareem"", ""final_correction"": ""mareem""}, {""token"": ""thiéy"", ""category"": ""informal_wolof"", ""selected_candidate"": ""ciy"", ""final_correction"": ""ciy""}, {""token"": ""l"", ""category"": ""ambiguous_cognate"", ""selected_candidate"": ""l"", ""final_correction"": ""l""}, {""token"": ""amour"", ""category"": ""french_substituted"", ""selected_candidate"": ""soppe"", ""final_correction"": ""soppe""}]"
360,soxena dialika môme loutakhe ma bagne ko balader mounane weurseuk mouy mêle ni mère nonouki moma sofe reke,soxna saalika môme lutax ma bagne ko balader musaan weerseek muy mêle ni mère noonci mooma soof rek,soxna saalika môme lutax ma bagne ko balader musaan weerseek muy mêle ni mère noonci mooma soof rek,skip_uncertain,https://www.youtube.com/watch?v=Myd-Gg4Mhck,"[{""token"": ""soxena"", ""category"": ""informal_wolof"", ""selected_candidate"": ""soxna"", ""final_correction"": ""soxna""}, {""token"": ""dialika"", ""category"": ""informal_wolof"", ""selected_candidate"": ""saalika"", ""final_correction"": ""saalika""}, {""token"": ""môme"", ""category"": ""french_native"", ""selected_candidate"": ""môme"", ""final_correction"": ""môme""}, {""token"": ""loutakhe"", ""category"": ""informal_wolof"", ""selected_candidate"": ""lutax"", ""final_correction"": ""lutax""}, {""token"": ""ma"", ""category"": ""ambiguous_cognate"", ""selected_candidate"": ""ma"", ""final_correction"": ""ma""}, {""token"": ""bagne"", ""category"": ""french_native"", ""selected_candidate"": ""bagne"", ""final_correction"": ""bagne""}, {""token"": ""ko"", ""category"": ""ambiguous_cognate"", ""selected_candidate"": ""ko"", ""final_correction"": ""ko""}, {""token"": ""balader"", ""category"": ""french_native"", ""selected_candidate"": ""balader"", ""final_correction"": ""balader""}, {""token"": ""mounane"", ""category"": ""informal_wolof"", ""selected_candidate"": ""musaan"", ""final_correction"": ""musaan""}, {""token"": ""weurseuk"", ""category"": ""informal_wolof"", ""selected_candidate"": ""weerseek"", ""final_correction"": ""weerseek""}, {""token"": ""mouy"", ""category"": ""informal_wolof"", ""selected_candidate"": ""muy"", ""final_correction"": ""muy""}, {""token"": ""mêle"", ""category"": ""french_native"", ""selected_candidate"": ""mêle"", ""final_correction"": ""mêle""}, {""token"": ""ni"", ""category"": ""ambiguous_cognate"", ""selected_candidate"": ""ni"", ""final_correction"": ""ni""}, {""token"": ""mère"", ""category"": ""ambiguous_cognate"", ""selected_candidate"": ""mère"", ""final_correction"": ""mère""}, {""token"": ""nonouki"", ""category"": ""informal_wolof"", ""selected_candidate"": ""noonci"", ""final_correction"": ""noonci""}, {""token"": ""moma"", ""category"": ""informal_wolof"", ""selected_candidate"": ""mooma"", ""final_correction"": ""mooma""}, {""token"": ""sofe"", ""category"": ""informal_wolof"", ""selected_candidate"": ""soof"", ""final_correction"": ""soof""}, {""token"": ""reke"", ""category"": ""informal_wolof"", ""selected_candidate"": ""rek"", ""final_correction"": ""rek""}]"
361,wa namnan bakir ak ina lawbe,wa naaman bakir ak naa lawbe,wa naaman bakir ak naa lawbe,skip_uncertain,https://www.youtube.com/watch?v=Myd-Gg4Mhck,"[{""token"": ""wa"", ""category"": ""ambiguous_cognate"", ""selected_candidate"": ""wa"", ""final_correction"": ""wa""}, {""token"": ""namnan"", ""category"": ""informal_wolof"", ""selected_candidate"": ""naaman"", ""final_correction"": ""naaman""}, {""token"": ""bakir"", ""category"": ""informal_wolof"", ""selected_candidate"": ""bakir"", ""final_correction"": ""bakir""}, {""token"": ""ak"", ""category"": ""ambiguous_cognate"", ""selected_candidate"": ""ak"", ""final_correction"": ""ak""}, {""token"": ""ina"", ""category"": ""informal_wolof"", ""selected_candidate"": ""naa"", ""final_correction"": ""naa""}, {""token"": ""lawbe"", ""category"": ""wolof_formal"", ""selected_candidate"": ""lawbe"", ""final_correction"": ""lawbe""}]"
363,mame oumy djiepy nako,maam um djiepy nako,maam um djiepy nako,keep,https://www.youtube.com/watch?v=Myd-Gg4Mhck,"[{""token"": ""mame"", ""category"": ""french_substituted"", ""selected_candidate"": ""mame"", ""final_correction"": ""mame""}, {""token"": ""oumy"", ""category"": ""informal_wolof"", ""selected_candidate"": ""oumy"", ""final_correction"": ""oumy""}, {""token"": ""djiepy"", ""category"": ""informal_wolof"", ""selected_candidate"": ""djiepy"", ""final_correction"": ""jéppi""}, {""token"": ""nako"", ""category"": ""wolof_formal"", ""selected_candidate"": ""nako"", ""final_correction"": ""naa ko""}]"
364,ndidiaye mor bb maréme la wakh wala ma dégoul,ndidiaye mor bb maree la wakh wala ma déggul,ndidiaye mor bb maree la wakh wala ma déggul,keep,https://www.youtube.com/watch?v=Myd-Gg4Mhck,"[{""token"": ""ndidiaye"", ""category"": ""informal_wolof"", ""selected_candidate"": ""ndidiaye"", ""final_correction"": ""nijaay""}, {""token"": ""mor"", ""category"": ""french_native"", ""selected_candidate"": ""mor"", ""final_correction"": ""mor""}, {""token"": ""bb"", ""category"": ""wolof_formal"", ""selected_candidate"": ""bb"", ""final_correction"": ""bb""}, {""token"": ""maréme"", ""category"": ""informal_wolof"", ""selected_candidate"": ""maréme"", ""final_correction"": ""maréme""}, {""token"": ""la"", ""category"": ""ambiguous_cognate"", ""selected_candidate"": ""la"", ""final_correction"": ""la""}, {""token"": ""wakh"", ""category"": ""french_native"", ""selected_candidate"": ""wakh"", ""final_correction"": ""wax""}, {""token"": ""wala"", ""category"": ""ambiguous_cognate"", ""selected_candidate"": ""wala"", ""final_correction"": ""wala""}, {""token"": ""ma"", ""category"": ""ambiguous_cognate"", ""selected_candidate"": ""maa"", ""final_correction"": ""maa""}, {""token"": ""dégoul"", ""category"": ""informal_wolof"", ""selected_candidate"": ""déggul"", ""final_correction"": ""déggul""}]"
365,wa mère bi daguene kofi bayi pour moumay metital wala,wa mère bi dangeen kofi bayi pour jumaay metital wala,wa mère bi dangeen kofi bayi pour jumaay metital wala,keep,https://www.youtube.com/watch?v=Myd-Gg4Mhck,"[{""token"": ""wa"", ""category"": ""ambiguous_cognate"", ""selected_candidate"": ""wa"", ""final_correction"": ""wa""}, {""token"": ""mère"", ""category"": ""ambiguous_cognate"", ""selected_candidate"": ""mère"", ""final_correction"": ""mère""}, {""token"": ""bi"", ""category"": ""ambiguous_cognate"", ""selected_candidate"": ""bi"", ""final_correction"": ""bi""}, {""token"": ""daguene"", ""category"": ""informal_wolof"", ""selected_candidate"": ""dangeen"", ""final_correction"": ""dangeen""}, {""token"": ""kofi"", ""category"": ""ambiguous_cognate"", ""selected_candidate"": ""kofi"", ""final_correction"": ""ko fi""}, {""token"": ""bayi"", ""category"": ""wolof_formal"", ""selected_candidate"": ""bayi"", ""final_correction"": ""bàyyi""}, {""token"": ""pour"", ""category"": ""ambiguous_cognate"", ""selected_candidate"": ""pour"", ""final_correction"": ""pour""}, {""token"": ""moumay"", ""category"": ""informal_wolof"", ""selected_candidate"": ""jumaay"", ""final_correction"": ""mu may""}, {""token"": ""metital"", ""category"": ""wolof_formal"", ""selected_candidate"": ""metital"", ""final_correction"": ""mettital""}, {""token"": ""wala"", ""category"": ""ambiguous_cognate"", ""selected_candidate"": ""wala"", ""final_correction"": ""wala""}]"
366,t’es pas seule niak khorom rekishhhh,t es pas seule niak xorom rekishhhh,t es pas seule niak xorom rekishhhh,discard_uninteresting,https://www.youtube.com/watch?v=Myd-Gg4Mhck,"[{""token"": ""t"", ""category"": ""ambiguous_cognate"", ""selected_candidate"": ""t"", ""final_correction"": ""t""}, {""token"": ""es"", ""category"": ""ambiguous_cognate"", ""selected_candidate"": ""es"", ""final_correction"": ""es""}, {""token"": ""pas"", ""category"": ""ambiguous_cognate"", ""selected_candidate"": ""pas"", ""final_correction"": ""pas""}, {""token"": ""seule"", ""category"": ""french_native"", ""selected_candidate"": ""seule"", ""final_correction"": ""seule""}, {""token"": ""niak"", ""category"": ""french_native"", ""selected_candidate"": ""niak"", ""final_correction"": ""niak""}, {""token"": ""khorom"", ""category"": ""informal_wolof"", ""selected_candidate"": ""xorom"", ""final_correction"": ""xorom""}, {""token"": ""rekishhhh"", ""category"": ""informal_wolof"", ""selected_candidate"": ""rekishhhh"", ""final_correction"": ""rekishhhh""}]"
368,khady thiam khamoul bopam,xaay caam xamul bopam,xaay caam xamul bopam,keep,https://www.youtube.com/watch?v=Myd-Gg4Mhck,"[{""token"": ""khady"", ""category"": ""informal_wolof"", ""selected_candidate"": ""khady"", ""final_correction"": ""khady""}, {""token"": ""thiam"", ""category"": ""french_substituted"", ""selected_candidate"": ""thiam"", ""final_correction"": ""thiam""}, {""token"": ""khamoul"", ""category"": ""informal_wolof"", ""selected_candidate"": ""xamul"", ""final_correction"": ""xamul""}, {""token"": ""bopam"", ""category"": ""wolof_formal"", ""selected_candidate"": ""boppam"", ""final_correction"": ""boppam""}]"
369,kham nga loutakh khaleyou djguen yi marichou nékhoulén dalén guina paré rek,xaam nga lutax xaléyi jigéen yi marché nékhoulén dilén gina pare rek,xaam nga lutax xaléyi jigéen yi marché nékhoulén dilén gina pare rek,keep,https://www.youtube.com/watch?v=Myd-Gg4Mhck,"[{""token"": ""kham"", ""category"": ""informal_wolof"", ""selected_candidate"": ""xam"", ""final_correction"": ""xam""}, {""token"": ""nga"", ""category"": ""ambiguous_cognate"", ""selected_candidate"": ""nga"", ""final_correction"": ""nga""}, {""token"": ""loutakh"", ""category"": ""informal_wolof"", ""selected_candidate"": ""lutax"", ""final_correction"": ""lu tax""}, {""token"": ""khaleyou"", ""category"": ""informal_wolof"", ""selected_candidate"": ""xaléyi"", ""final_correction"": ""xalé yu""}, {""token"": ""djguen"", ""category"": ""informal_wolof"", ""selected_candidate"": ""jigéen"", ""final_correction"": ""jigéen""}, {""token"": ""yi"", ""category"": ""ambiguous_cognate"", ""selected_candidate"": ""yi"", ""final_correction"": ""yi""}, {""token"": ""marichou"", ""category"": ""informal_wolof"", ""selected_candidate"": ""marichou"", ""final_correction"": ""marichou""}, {""token"": ""nékhoulén"", ""category"": ""informal_wolof"", ""selected_candidate"": ""nékhoulén"", ""final_correction"": ""neexuleen""}, {""token"": ""dalén"", ""category"": ""informal_wolof"", ""selected_candidate"": ""dilén"", ""final_correction"": ""da leen""}, {""token"": ""guina"", ""category"": ""informal_wolof"", ""selected_candidate"": ""gina"", ""final_correction"": ""gëna""}, {""token"": ""paré"", ""category"": ""ambiguous_cognate"", ""selected_candidate"": ""pare"", ""final_correction"": ""pare""}, {""token"": ""rek"", ""category"": ""ambiguous_cognate"", ""selected_candidate"": ""rek"", ""final_correction"": ""rek""}]"
370,sama khôl bi métina si maman oumy,sama xol bi métina ci maman oumy,sama xol bi metti na ci maman oumy,keep,https://www.youtube.com/watch?v=Myd-Gg4Mhck,"[{""token"": ""sama"", ""category"": ""ambiguous_cognate"", ""selected_candidate"": ""sama"", ""final_correction"": ""sama""}, {""token"": ""khôl"", ""category"": ""french_native"", ""selected_candidate"": ""xol"", ""final_correction"": ""xol""}, {""token"": ""bi"", ""category"": ""ambiguous_cognate"", ""selected_candidate"": ""bi"", ""final_correction"": ""bi""}, {""token"": ""métina"", ""category"": ""french_native"", ""selected_candidate"": ""métina"", ""final_correction"": ""metti na""}, {""token"": ""si"", ""category"": ""ambiguous_cognate"", ""selected_candidate"": ""ci"", ""final_correction"": ""ci""}, {""token"": ""maman"", ""category"": ""french_native"", ""selected_candidate"": ""maman"", ""final_correction"": ""maman""}, {""token"": ""oumy"", ""category"": ""informal_wolof"", ""selected_candidate"": ""oumy"", ""final_correction"": ""oumy""}]"
373,sokhna dialika khétou seuyeum lanela,soxna saalika xétu seuyeum lanla,sokhna dialika xeetu séyam lan la,keep,https://www.youtube.com/watch?v=Myd-Gg4Mhck,"[{""token"": ""sokhna"", ""category"": ""french_substituted"", ""selected_candidate"": ""sokhna"", ""final_correction"": ""sokhna""}, {""token"": ""dialika"", ""category"": ""informal_wolof"", ""selected_candidate"": ""dialika"", ""final_correction"": ""dialika""}, {""token"": ""khétou"", ""category"": ""informal_wolof"", ""selected_candidate"": ""xétu"", ""final_correction"": ""xeetu""}, {""token"": ""seuyeum"", ""category"": ""informal_wolof"", ""selected_candidate"": ""seuyeum"", ""final_correction"": ""séyam""}, {""token"": ""lanela"", ""category"": ""informal_wolof"", ""selected_candidate"": ""lanla"", ""final_correction"": ""lan la""}]"
377,maman oumy kaname bi comme bamélou mbame,maman oumy kanami bi comme bamélou mbamb,maman oumy kanam bi comme bàmmeelu mbaam,keep,https://www.youtube.com/watch?v=Myd-Gg4Mhck,"[{""token"": ""maman"", ""category"": ""french_native"", ""selected_candidate"": ""maman"", ""final_correction"": ""maman""}, {""token"": ""oumy"", ""category"": ""informal_wolof"", ""selected_candidate"": ""oumy"", ""final_correction"": ""oumy""}, {""token"": ""kaname"", ""category"": ""informal_wolof"", ""selected_candidate"": ""kanam"", ""final_correction"": ""kanam""}, {""token"": ""bi"", ""category"": ""ambiguous_cognate"", ""selected_candidate"": ""bi"", ""final_correction"": ""bi""}, {""token"": ""comme"", ""category"": ""ambiguous_cognate"", ""selected_candidate"": ""comme"", ""final_correction"": ""comme""}, {""token"": ""bamélou"", ""category"": ""informal_wolof"", ""selected_candidate"": ""bamélou"", ""final_correction"": ""bàmmeelu""}, {""token"": ""mbame"", ""category"": ""informal_wolof"", ""selected_candidate"": ""mbamb"", ""final_correction"": ""mbaam""}]"
378,wa mère maman oumy mi est-ce-que ça va,wa mère maman oumy mi est-ce-que ça va,wa mère maman oumy mi est-ce-que ça va,discard_uninteresting,https://www.youtube.com/watch?v=Myd-Gg4Mhck,"[{""token"": ""wa"", ""category"": ""ambiguous_cognate"", ""selected_candidate"": ""wa"", ""final_correction"": ""wa""}, {""token"": ""mère"", ""category"": ""ambiguous_cognate"", ""selected_candidate"": ""mère"", ""final_correction"": ""mère""}, {""token"": ""maman"", ""category"": ""french_native"", ""selected_candidate"": ""maman"", ""final_correction"": ""maman""}, {""token"": ""oumy"", ""category"": ""informal_wolof"", ""selected_candidate"": ""oumy"", ""final_correction"": ""oumy""}, {""token"": ""mi"", ""category"": ""ambiguous_cognate"", ""selected_candidate"": ""mi"", ""final_correction"": ""mi""}, {""token"": ""est-ce-que"", ""category"": ""french_native"", ""selected_candidate"": ""est-ce-que"", ""final_correction"": ""est-ce-que""}, {""token"": ""ça"", ""category"": ""french_native"", ""selected_candidate"": ""ça"", ""final_correction"": ""ça""}, {""token"": ""va"", ""category"": ""ambiguous_cognate"", ""selected_candidate"": ""va"", ""final_correction"": ""va""}]"
379,"casting si maman oumy kane moko def, dinako porté plainte m ki sofna elle interprète mal son rôle qu'à même ?",casting ci maman oumy kane moko def di na ko porté plainte m ki soof na elle interprète metitu son rôle qu'à donte,casting ci maman oumy kane moko def di naa ko porté plainte m ki soof na elle interprète mal son rôle quand même,keep,https://www.youtube.com/watch?v=Myd-Gg4Mhck,"[{""token"": ""casting"", ""category"": ""french_native"", ""selected_candidate"": ""casting"", ""final_correction"": ""casting""}, {""token"": ""si"", ""category"": ""ambiguous_cognate"", ""selected_candidate"": ""ci"", ""final_correction"": ""ci""}, {""token"": ""maman"", ""category"": ""french_native"", ""selected_candidate"": ""maman"", ""final_correction"": ""maman""}, {""token"": ""oumy"", ""category"": ""informal_wolof"", ""selected_candidate"": ""oumy"", ""final_correction"": ""oumy""}, {""token"": ""kane"", ""category"": ""ambiguous_cognate"", ""selected_candidate"": ""kane"", ""final_correction"": ""kane""}, {""token"": ""moko"", ""category"": ""ambiguous_cognate"", ""selected_candidate"": ""moko"", ""final_correction"": ""moko""}, {""token"": ""def"", ""category"": ""ambiguous_cognate"", ""selected_candidate"": ""def"", ""final_correction"": ""def""}, {""token"": ""dinako"", ""category"": ""wolof_formal"", ""selected_candidate"": ""di na ko"", ""final_correction"": ""di naa ko""}, {""token"": ""porté"", ""category"": ""french_native"", ""selected_candidate"": ""porté"", ""final_correction"": ""porté""}, {""token"": ""plainte"", ""category"": ""ambiguous_cognate"", ""selected_candidate"": ""plainte"", ""final_correction"": ""plainte""}, {""token"": ""m"", ""category"": ""ambiguous_cognate"", ""selected_candidate"": ""m"", ""final_correction"": ""m""}, {""token"": ""ki"", ""category"": ""ambiguous_cognate"", ""selected_candidate"": ""ki"", ""final_correction"": ""ki""}, {""token"": ""sofna"", ""category"": ""informal_wolof"", ""selected_candidate"": ""soof na"", ""final_correction"": ""soof na""}, {""token"": ""elle"", ""category"": ""ambiguous_cognate"", ""selected_candidate"": ""elle"", ""final_correction"": ""elle""}, {""token"": ""interprète"", ""category"": ""french_native"", ""selected_candidate"": ""interprète"", ""final_correction"": ""interprète""}, {""token"": ""mal"", ""category"": ""french_substituted"", ""selected_candidate"": ""mal"", ""final_correction"": ""mal""}, {""token"": ""son"", ""category"": ""ambiguous_cognate"", ""selected_candidate"": ""son"", ""final_correction"": ""son""}, {""token"": ""rôle"", ""category"": ""ambiguous_cognate"", ""selected_candidate"": ""rôle"", ""final_correction"": ""rôle""}, {""token"": ""qu'à"", ""category"": ""french_native"", ""selected_candidate"": ""qu'à"", ""final_correction"": ""quand""}, {""token"": ""même"", ""category"": ""french_substituted"", ""selected_candidate"": ""même"", ""final_correction"": ""même""}]"
380,yalna nek guent,yalna nek gnent,yalna nek gént,keep,https://www.youtube.com/watch?v=Myd-Gg4Mhck,"[{""token"": ""yalna"", ""category"": ""wolof_formal"", ""selected_candidate"": ""yalna"", ""final_correction"": ""yalna""}, {""token"": ""nek"", ""category"": ""wolof_formal"", ""selected_candidate"": ""nek"", ""final_correction"": ""nek""}, {""token"": ""guent"", ""category"": ""informal_wolof"", ""selected_candidate"": ""gent"", ""final_correction"": ""gént""}]"
381,khalil mi dou démane hôpital,khalid mi dou demande hôpital,khalid mi dou demande hôpital,skip_uncertain,https://www.youtube.com/watch?v=Myd-Gg4Mhck,"[{""token"": ""khalil"", ""category"": ""informal_wolof"", ""selected_candidate"": ""khalil"", ""final_correction"": ""khalil""}, {""token"": ""mi"", ""category"": ""ambiguous_cognate"", ""selected_candidate"": ""mi"", ""final_correction"": ""mi""}, {""token"": ""dou"", ""category"": ""french_native"", ""selected_candidate"": ""dou"", ""final_correction"": ""dou""}, {""token"": ""démane"", ""category"": ""informal_wolof"", ""selected_candidate"": ""demande"", ""final_correction"": ""demande""}, {""token"": ""hôpital"", ""category"": ""ambiguous_cognate"", ""selected_candidate"": ""hôpital"", ""final_correction"": ""hôpital""}]"
382,khadi thiame sofena té tidiane amoul foula ni yayame soné si mome béne dome mouy khalate bayikofi ndakhe diabarame,xadi thrace sowena té tiijaan amoul fulla ni layale sone ci moom benn doom muy kalaté bayikofi ndawee diabarame,khadi thiame soof na té tidiane amoul fulla ni yaayam sonnee ci moom benn doom muy xalaat bàyyi ko fi ndax jabaram,keep,https://www.youtube.com/watch?v=Myd-Gg4Mhck,"[{""token"": ""khadi"", ""category"": ""informal_wolof"", ""selected_candidate"": ""khadi"", ""final_correction"": ""khadi""}, {""token"": ""thiame"", ""category"": ""informal_wolof"", ""selected_candidate"": ""thiame"", ""final_correction"": ""thiame""}, {""token"": ""sofena"", ""category"": ""informal_wolof"", ""selected_candidate"": ""sowena"", ""final_correction"": ""soof na""}, {""token"": ""té"", ""category"": ""ambiguous_cognate"", ""selected_candidate"": ""té"", ""final_correction"": ""té""}, {""token"": ""tidiane"", ""category"": ""french_substituted"", ""selected_candidate"": ""tidiane"", ""final_correction"": ""tidiane""}, {""token"": ""amoul"", ""category"": ""ambiguous_cognate"", ""selected_candidate"": ""amoul"", ""final_correction"": ""amoul""}, {""token"": ""foula"", ""category"": ""french_native"", ""selected_candidate"": ""fulla"", ""final_correction"": ""fulla""}, {""token"": ""ni"", ""category"": ""ambiguous_cognate"", ""selected_candidate"": ""ni"", ""final_correction"": ""ni""}, {""token"": ""yayame"", ""category"": ""informal_wolof"", ""selected_candidate"": ""layale"", ""final_correction"": ""yaayam""}, {""token"": ""soné"", ""category"": ""informal_wolof"", ""selected_candidate"": ""sone"", ""final_correction"": ""sonnee""}, {""token"": ""si"", ""category"": ""ambiguous_cognate"", ""selected_candidate"": ""ci"", ""final_correction"": ""ci""}, {""token"": ""mome"", ""category"": ""informal_wolof"", ""selected_candidate"": ""moom"", ""final_correction"": ""moom""}, {""token"": ""béne"", ""category"": ""informal_wolof"", ""selected_candidate"": ""benn"", ""final_correction"": ""benn""}, {""token"": ""dome"", ""category"": ""informal_wolof"", ""selected_candidate"": ""doom"", ""final_correction"": ""doom""}, {""token"": ""mouy"", ""category"": ""informal_wolof"", ""selected_candidate"": ""muy"", ""final_correction"": ""muy""}, {""token"": ""khalate"", ""category"": ""informal_wolof"", ""selected_candidate"": ""kalaté"", ""final_correction"": ""xalaat""}, {""token"": ""bayikofi"", ""category"": ""informal_wolof"", ""selected_candidate"": ""bayikofi"", ""final_correction"": ""bàyyi ko fi""}, {""token"": ""ndakhe"", ""category"": ""informal_wolof"", ""selected_candidate"": ""ndawee"", ""final_correction"": ""ndax""}, {""token"": ""diabarame"", ""category"": ""informal_wolof"", ""selected_candidate"": ""diabarame"", ""final_correction"": ""jabaram""}]"
383,kou beugueu seydina mohamed psl,ku eugueul seydina mohamed psl,ku bëgg seydina mohamed psl,keep,https://www.youtube.com/watch?v=Myd-Gg4Mhck,"[{""token"": ""kou"", ""category"": ""informal_wolof"", ""selected_candidate"": ""ku"", ""final_correction"": ""ku""}, {""token"": ""beugueu"", ""category"": ""informal_wolof"", ""selected_candidate"": ""eugueul"", ""final_correction"": ""bëgg""}, {""token"": ""seydina"", ""category"": ""french_native"", ""selected_candidate"": ""seydina"", ""final_correction"": ""seydina""}, {""token"": ""mohamed"", ""category"": ""french_native"", ""selected_candidate"": ""mohamed"", ""final_correction"": ""mohamed""}, {""token"": ""psl"", ""category"": ""ambiguous_cognate"", ""selected_candidate"": ""psl"", ""final_correction"": ""psl""}]"
384,tidiane amale foula khady mongui laye traverser nekhale khilifa yayou khady mongui seuye si keur famille bo ammei nga wouti appartement,tiijaan amale fulla khady mangui laye traverser dekkale kilifa yaayu khady mangui seeye ci kër famille bo ammei nga touti appartement,tidiane amal fulla khady moo ngi lay traverser neexal kilifa yaayu khady moo ngi séy ci kër famille bo ame nga wuti appartement,keep,https://www.youtube.com/watch?v=Myd-Gg4Mhck,"[{""token"": ""tidiane"", ""category"": ""french_substituted"", ""selected_candidate"": ""tidiane"", ""final_correction"": ""tidiane""}, {""token"": ""amale"", ""category"": ""wolof_formal"", ""selected_candidate"": ""amale"", ""final_correction"": ""amal""}, {""token"": ""foula"", ""category"": ""french_native"", ""selected_candidate"": ""fulla"", ""final_correction"": ""fulla""}, {""token"": ""khady"", ""category"": ""informal_wolof"", ""selected_candidate"": ""khady"", ""final_correction"": ""khady""}, {""token"": ""mongui"", ""category"": ""informal_wolof"", ""selected_candidate"": ""mangui"", ""final_correction"": ""moo ngi""}, {""token"": ""laye"", ""category"": ""ambiguous_cognate"", ""selected_candidate"": ""laye"", ""final_correction"": ""lay""}, {""token"": ""traverser"", ""category"": ""french_native"", ""selected_candidate"": ""traverser"", ""final_correction"": ""traverser""}, {""token"": ""nekhale"", ""category"": ""informal_wolof"", ""selected_candidate"": ""dekkale"", ""final_correction"": ""neexal""}, {""token"": ""khilifa"", ""category"": ""informal_wolof"", ""selected_candidate"": ""kilifa"", ""final_correction"": ""kilifa""}, {""token"": ""yayou"", ""category"": ""informal_wolof"", ""selected_candidate"": ""yaayu"", ""final_correction"": ""yaayu""}, {""token"": ""khady"", ""category"": ""informal_wolof"", ""selected_candidate"": ""khady"", ""final_correction"": ""khady""}, {""token"": ""mongui"", ""category"": ""informal_wolof"", ""selected_candidate"": ""mangui"", ""final_correction"": ""moo ngi""}, {""token"": ""seuye"", ""category"": ""informal_wolof"", ""selected_candidate"": ""seeye"", ""final_correction"": ""séy""}, {""token"": ""si"", ""category"": ""ambiguous_cognate"", ""selected_candidate"": ""ci"", ""final_correction"": ""ci""}, {""token"": ""keur"", ""category"": ""ambiguous_cognate"", ""selected_candidate"": ""kër"", ""final_correction"": ""kër""}, {""token"": ""famille"", ""category"": ""ambiguous_cognate"", ""selected_candidate"": ""famille"", ""final_correction"": ""famille""}, {""token"": ""bo"", ""category"": ""wolof_formal"", ""selected_candidate"": ""bo"", ""final_correction"": ""bo""}, {""token"": ""ammei"", ""category"": ""informal_wolof"", ""selected_candidate"": ""ammei"", ""final_correction"": ""ame""}, {""token"": ""nga"", ""category"": ""ambiguous_cognate"", ""selected_candidate"": ""nga"", ""final_correction"": ""nga""}, {""token"": ""wouti"", ""category"": ""informal_wolof"", ""selected_candidate"": ""wuti"", ""final_correction"": ""wuti""}, {""token"": ""appartement"", ""category"": ""ambiguous_cognate"", ""selected_candidate"": ""appartement"", ""final_correction"": ""appartement""}]"
385,bb marem kay,bb maree kay,bb maree kay,discard_uninteresting,https://www.youtube.com/watch?v=Myd-Gg4Mhck,"[{""token"": ""bb"", ""category"": ""wolof_formal"", ""selected_candidate"": ""bb"", ""final_correction"": ""bb""}, {""token"": ""marem"", ""category"": ""informal_wolof"", ""selected_candidate"": ""maree"", ""final_correction"": ""marem""}, {""token"": ""kay"", ""category"": ""wolof_formal"", ""selected_candidate"": ""kay"", ""final_correction"": ""kay""}]"
390,ndidiaye mor mo diongué waybb marième,nijaay mor moo drogue waybb marine,nijaay mor moo jonge waay marième,keep,https://www.youtube.com/watch?v=Myd-Gg4Mhck,"[{""token"": ""ndidiaye"", ""category"": ""informal_wolof"", ""selected_candidate"": ""nijaay"", ""final_correction"": ""nijaay""}, {""token"": ""mor"", ""category"": ""french_native"", ""selected_candidate"": ""mor"", ""final_correction"": ""mor""}, {""token"": ""mo"", ""category"": ""ambiguous_cognate"", ""selected_candidate"": ""moo"", ""final_correction"": ""moo""}, {""token"": ""diongué"", ""category"": ""informal_wolof"", ""selected_candidate"": ""drogue"", ""final_correction"": ""jonge""}, {""token"": ""waybb"", ""category"": ""informal_wolof"", ""selected_candidate"": ""waybb"", ""final_correction"": ""waay""}, {""token"": ""marième"", ""category"": ""informal_wolof"", ""selected_candidate"": ""marième"", ""final_correction"": ""marième""}]"
391,yalla nalènne yalla douggeul adjana,yalla baleine yalla douggeul aljana,yalla na leen yalla dugal aljana,keep,https://www.youtube.com/watch?v=Myd-Gg4Mhck,"[{""token"": ""yalla"", ""category"": ""ambiguous_cognate"", ""selected_candidate"": ""yalla"", ""final_correction"": ""yalla""}, {""token"": ""nalènne"", ""category"": ""informal_wolof"", ""selected_candidate"": ""baleine"", ""final_correction"": ""na leen""}, {""token"": ""yalla"", ""category"": ""ambiguous_cognate"", ""selected_candidate"": ""yalla"", ""final_correction"": ""yalla""}, {""token"": ""douggeul"", ""category"": ""informal_wolof"", ""selected_candidate"": ""douggeul"", ""final_correction"": ""dugal""}, {""token"": ""adjana"", ""category"": ""informal_wolof"", ""selected_candidate"": ""aljana"", ""final_correction"": ""aljana""}]"
393,mama omou way komo nekh rkk lalal j'aime,mama mou way komo neex akk lalal j'aime,mama omou waay ku mu neex rek laalal j'aime,keep,https://www.youtube.com/watch?v=Myd-Gg4Mhck,"[{""token"": ""mama"", ""category"": ""ambiguous_cognate"", ""selected_candidate"": ""mama"", ""final_correction"": ""mama""}, {""token"": ""omou"", ""category"": ""informal_wolof"", ""selected_candidate"": ""omou"", ""final_correction"": ""omou""}, {""token"": ""way"", ""category"": ""wolof_formal"", ""selected_candidate"": ""way"", ""final_correction"": ""waay""}, {""token"": ""komo"", ""category"": ""french_native"", ""selected_candidate"": ""komo"", ""final_correction"": ""ku mu""}, {""token"": ""nekh"", ""category"": ""informal_wolof"", ""selected_candidate"": ""neex"", ""final_correction"": ""neex""}, {""token"": ""rkk"", ""category"": ""informal_wolof"", ""selected_candidate"": ""rek"", ""final_correction"": ""rek""}, {""token"": ""lalal"", ""category"": ""wolof_formal"", ""selected_candidate"": ""lalal"", ""final_correction"": ""laalal""}, {""token"": ""j'aime"", ""category"": ""french_native"", ""selected_candidate"": ""j'aime"", ""final_correction"": ""j'aime""}]"
394,maman oumi fialika mon waron nk woudiou diam,maman jumi saalika sama aaron nak woudiou jàmm,maman oumi fialika moo waroon nek wujju jàmm,keep,https://www.youtube.com/watch?v=Myd-Gg4Mhck,"[{""token"": ""maman"", ""category"": ""french_native"", ""selected_candidate"": ""maman"", ""final_correction"": ""maman""}, {""token"": ""oumi"", ""category"": ""informal_wolof"", ""selected_candidate"": ""oumi"", ""final_correction"": ""oumi""}, {""token"": ""fialika"", ""category"": ""informal_wolof"", ""selected_candidate"": ""fialika"", ""final_correction"": ""fialika""}, {""token"": ""mon"", ""category"": ""french_substituted"", ""selected_candidate"": ""sama"", ""final_correction"": ""moo""}, {""token"": ""waron"", ""category"": ""informal_wolof"", ""selected_candidate"": ""waroon"", ""final_correction"": ""waroon""}, {""token"": ""nk"", ""category"": ""informal_wolof"", ""selected_candidate"": ""nak"", ""final_correction"": ""nek""}, {""token"": ""woudiou"", ""category"": ""informal_wolof"", ""selected_candidate"": ""woudiou"", ""final_correction"": ""wujju""}, {""token"": ""diam"", ""category"": ""ambiguous_cognate"", ""selected_candidate"": ""jàmm"", ""final_correction"": ""jàmm""}]"
395,wa cheikh tidian tamit loko dall bamoy and ak khady thiam nan appartement ki soof na deh,wa seex indian tamit joko dall bamay and ak khady caam nan appartement ki soof na dec,waa cheikh tidian tamit lu ko dal ba muy ànd ak khady thiam naan appartement ki soof na de,keep,https://www.youtube.com/watch?v=Myd-Gg4Mhck,"[{""token"": ""wa"", ""category"": ""ambiguous_cognate"", ""selected_candidate"": ""wa"", ""final_correction"": ""waa""}, {""token"": ""cheikh"", ""category"": ""french_substituted"", ""selected_candidate"": ""cheikh"", ""final_correction"": ""cheikh""}, {""token"": ""tidian"", ""category"": ""informal_wolof"", ""selected_candidate"": ""tidian"", ""final_correction"": ""tidian""}, {""token"": ""tamit"", ""category"": ""ambiguous_cognate"", ""selected_candidate"": ""tamit"", ""final_correction"": ""tamit""}, {""token"": ""loko"", ""category"": ""informal_wolof"", ""selected_candidate"": ""joko"", ""final_correction"": ""lu ko""}, {""token"": ""dall"", ""category"": ""wolof_formal"", ""selected_candidate"": ""dall"", ""final_correction"": ""dal""}, {""token"": ""bamoy"", ""category"": ""informal_wolof"", ""selected_candidate"": ""bamay"", ""final_correction"": ""ba muy""}, {""token"": ""and"", ""category"": ""ambiguous_cognate"", ""selected_candidate"": ""and"", ""final_correction"": ""ànd""}, {""token"": ""ak"", ""category"": ""ambiguous_cognate"", ""selected_candidate"": ""ak"", ""final_correction"": ""ak""}, {""token"": ""khady"", ""category"": ""informal_wolof"", ""selected_candidate"": ""khady"", ""final_correction"": ""khady""}, {""token"": ""thiam"", ""category"": ""french_substituted"", ""selected_candidate"": ""thiam"", ""final_correction"": ""thiam""}, {""token"": ""nan"", ""category"": ""ambiguous_cognate"", ""selected_candidate"": ""nan"", ""final_correction"": ""naan""}, {""token"": ""appartement"", ""category"": ""ambiguous_cognate"", ""selected_candidate"": ""appartement"", ""final_correction"": ""appartement""}, {""token"": ""ki"", ""category"": ""ambiguous_cognate"", ""selected_candidate"": ""ki"", ""final_correction"": ""ki""}, {""token"": ""soof"", ""category"": ""wolof_formal"", ""selected_candidate"": ""soof"", ""final_correction"": ""soof""}, {""token"": ""na"", ""category"": ""ambiguous_cognate"", ""selected_candidate"": ""na"", ""final_correction"": ""na""}, {""token"": ""deh"", ""category"": ""informal_wolof"", ""selected_candidate"": ""deh"", ""final_correction"": ""de""}]"
396,wa ki ni lagne koy bayi,waa ki ni lagnu koy bàyyi,waa ki ni lañ koy bàyyi,keep,https://www.youtube.com/watch?v=Myd-Gg4Mhck,"[{""token"": ""wa"", ""category"": ""ambiguous_cognate"", ""selected_candidate"": ""waa"", ""final_correction"": ""waa""}, {""token"": ""ki"", ""category"": ""ambiguous_cognate"", ""selected_candidate"": ""ki"", ""final_correction"": ""ki""}, {""token"": ""ni"", ""category"": ""ambiguous_cognate"", ""selected_candidate"": ""ni"", ""final_correction"": ""ni""}, {""token"": ""lagne"", ""category"": ""informal_wolof"", ""selected_candidate"": ""lañ"", ""final_correction"": ""lañ""}, {""token"": ""koy"", ""category"": ""ambiguous_cognate"", ""selected_candidate"": ""koy"", ""final_correction"": ""koy""}, {""token"": ""bayi"", ""category"": ""wolof_formal"", ""selected_candidate"": ""bàyyi"", ""final_correction"": ""bàyyi""}]"
397,weurseuk damay d ma oumy sincèrement weroul elle assure son rôle,wërsëg damay d maa oumy sincèrement werul elle assure son rôle,wërsëg damay d maa oumy sincèrement wérul elle assure son rôle,keep,https://www.youtube.com/watch?v=Myd-Gg4Mhck,"[{""token"": ""weurseuk"", ""category"": ""informal_wolof"", ""selected_candidate"": ""wërsëg"", ""final_correction"": ""wërsëg""}, {""token"": ""damay"", ""category"": ""ambiguous_cognate"", ""selected_candidate"": ""damay"", ""final_correction"": ""damay""}, {""token"": ""d"", ""category"": ""ambiguous_cognate"", ""selected_candidate"": ""d"", ""final_correction"": ""d""}, {""token"": ""ma"", ""category"": ""ambiguous_cognate"", ""selected_candidate"": ""maa"", ""final_correction"": ""maa""}, {""token"": ""oumy"", ""category"": ""informal_wolof"", ""selected_candidate"": ""oumy"", ""final_correction"": ""oumy""}, {""token"": ""sincèrement"", ""category"": ""french_native"", ""selected_candidate"": ""sincèrement"", ""final_correction"": ""sincèrement""}, {""token"": ""weroul"", ""category"": ""informal_wolof"", ""selected_candidate"": ""wérul"", ""final_correction"": ""wérul""}, {""token"": ""elle"", ""category"": ""ambiguous_cognate"", ""selected_candidate"": ""elle"", ""final_correction"": ""elle""}, {""token"": ""assure"", ""category"": ""french_native"", ""selected_candidate"": ""assure"", ""final_correction"": ""assure""}, {""token"": ""son"", ""category"": ""ambiguous_cognate"", ""selected_candidate"": ""son"", ""final_correction"": ""son""}, {""token"": ""rôle"", ""category"": ""ambiguous_cognate"", ""selected_candidate"": ""rôle"", ""final_correction"": ""rôle""}]"
398,maman oumy motakhe dotouma sétane babel ndakh bari wakhe,maman oumy motakhe doonuma sétan babel ndax bari wax,maman oumy mo tax dootuma seetaan babel ndax bari wax,keep,https://www.youtube.com/watch?v=Myd-Gg4Mhck,"[{""token"": ""maman"", ""category"": ""french_native"", ""selected_candidate"": ""maman"", ""final_correction"": ""maman""}, {""token"": ""oumy"", ""category"": ""informal_wolof"", ""selected_candidate"": ""oumy"", ""final_correction"": ""oumy""}, {""token"": ""motakhe"", ""category"": ""informal_wolof"", ""selected_candidate"": ""motakhe"", ""final_correction"": ""mo tax""}, {""token"": ""dotouma"", ""category"": ""informal_wolof"", ""selected_candidate"": ""dootuma"", ""final_correction"": ""dootuma""}, {""token"": ""sétane"", ""category"": ""informal_wolof"", ""selected_candidate"": ""sétan"", ""final_correction"": ""seetaan""}, {""token"": ""babel"", ""category"": ""french_native"", ""selected_candidate"": ""babel"", ""final_correction"": ""babel""}, {""token"": ""ndakh"", ""category"": ""informal_wolof"", ""selected_candidate"": ""ndax"", ""final_correction"": ""ndax""}, {""token"": ""bari"", ""category"": ""ambiguous_cognate"", ""selected_candidate"": ""bari"", ""final_correction"": ""bari""}, {""token"": ""wakhe"", ""category"": ""informal_wolof"", ""selected_candidate"": ""wax"", ""final_correction"": ""wax""}]"
399,"mane ak sa yaye manou nioo tolloo place, mais khady qui est ti ? hee mani gueneu la rafet nieup, sama yaye bou takha wee le choix est vite et bien fait. ma mere avant tout weshhh",man ak sa yaye manoo nioo tolloo place mais khady qui est ti bee mani guené lay rafet nieup sama yaye bou taxa wee le tànneefu est vite et bien defee maa mere avant lépp weshhh,man ak sa yaye manoo nioo tolloo place mais khady qui est ti bee mani guené lay rafet nieup sama yaye bou taxa wee le tànneefu est vite et bien defee maa mere avant lépp weshhh,skip_uncertain,https://www.youtube.com/watch?v=Myd-Gg4Mhck,"[{""token"": ""mane"", ""category"": ""ambiguous_cognate"", ""selected_candidate"": ""man"", ""final_correction"": ""man""}, {""token"": ""ak"", ""category"": ""ambiguous_cognate"", ""selected_candidate"": ""ak"", ""final_correction"": ""ak""}, {""token"": ""sa"", ""category"": ""ambiguous_cognate"", ""selected_candidate"": ""sa"", ""final_correction"": ""sa""}, {""token"": ""yaye"", ""category"": ""wolof_formal"", ""selected_candidate"": ""yaye"", ""final_correction"": ""yaye""}, {""token"": ""manou"", ""category"": ""informal_wolof"", ""selected_candidate"": ""manoo"", ""final_correction"": ""manoo""}, {""token"": ""nioo"", ""category"": ""french_native"", ""selected_candidate"": ""nioo"", ""final_correction"": ""nioo""}, {""token"": ""tolloo"", ""category"": ""wolof_formal"", ""selected_candidate"": ""tolloo"", ""final_correction"": ""tolloo""}, {""token"": ""place"", ""category"": ""ambiguous_cognate"", ""selected_candidate"": ""place"", ""final_correction"": ""place""}, {""token"": ""mais"", ""category"": ""ambiguous_cognate"", ""selected_candidate"": ""mais"", ""final_correction"": ""mais""}, {""token"": ""khady"", ""category"": ""informal_wolof"", ""selected_candidate"": ""khady"", ""final_correction"": ""khady""}, {""token"": ""qui"", ""category"": ""ambiguous_cognate"", ""selected_candidate"": ""qui"", ""final_correction"": ""qui""}, {""token"": ""est"", ""category"": ""ambiguous_cognate"", ""selected_candidate"": ""est"", ""final_correction"": ""est""}, {""token"": ""ti"", ""category"": ""wolof_formal"", ""selected_candidate"": ""ti"", ""final_correction"": ""ti""}, {""token"": ""hee"", ""category"": ""informal_wolof"", ""selected_candidate"": ""bee"", ""final_correction"": ""bee""}, {""token"": ""mani"", ""category"": ""ambiguous_cognate"", ""selected_candidate"": ""mani"", ""final_correction"": ""mani""}, {""token"": ""gueneu"", ""category"": ""informal_wolof"", ""selected_candidate"": ""guené"", ""final_correction"": ""guené""}, {""token"": ""la"", ""category"": ""ambiguous_cognate"", ""selected_candidate"": ""lay"", ""final_correction"": ""lay""}, {""token"": ""rafet"", ""category"": ""wolof_formal"", ""selected_candidate"": ""rafet"", ""final_correction"": ""rafet""}, {""token"": ""nieup"", ""category"": ""ambiguous_cognate"", ""selected_candidate"": ""nieup"", ""final_correction"": ""nieup""}, {""token"": ""sama"", ""category"": ""ambiguous_cognate"", ""selected_candidate"": ""sama"", ""final_correction"": ""sama""}, {""token"": ""yaye"", ""category"": ""wolof_formal"", ""selected_candidate"": ""yaye"", ""final_correction"": ""yaye""}, {""token"": ""bou"", ""category"": ""ambiguous_cognate"", ""selected_candidate"": ""bou"", ""final_correction"": ""bou""}, {""token"": ""takha"", ""category"": ""informal_wolof"", ""selected_candidate"": ""taxa"", ""final_correction"": ""taxa""}, {""token"": ""wee"", ""category"": ""ambiguous_cognate"", ""selected_candidate"": ""wee"", ""final_correction"": ""wee""}, {""token"": ""le"", ""category"": ""ambiguous_cognate"", ""selected_candidate"": ""le"", ""final_correction"": ""le""}, {""token"": ""choix"", ""category"": ""french_substituted"", ""selected_candidate"": ""tànneefu"", ""final_correction"": ""tànneefu""}, {""token"": ""est"", ""category"": ""ambiguous_cognate"", ""selected_candidate"": ""est"", ""final_correction"": ""est""}, {""token"": ""vite"", ""category"": ""french_native"", ""selected_candidate"": ""vite"", ""final_correction"": ""vite""}, {""token"": ""et"", ""category"": ""ambiguous_cognate"", ""selected_candidate"": ""et"", ""final_correction"": ""et""}, {""token"": ""bien"", ""category"": ""ambiguous_cognate"", ""selected_candidate"": ""bien"", ""final_correction"": ""bien""}, {""token"": ""fait"", ""category"": ""french_substituted"", ""selected_candidate"": ""defee"", ""final_correction"": ""defee""}, {""token"": ""ma"", ""category"": ""ambiguous_cognate"", ""selected_candidate"": ""maa"", ""final_correction"": ""maa""}, {""token"": ""mere"", ""category"": ""ambiguous_cognate"", ""selected_candidate"": ""mere"", ""final_correction"": ""mere""}, {""token"": ""avant"", ""category"": ""ambiguous_cognate"", ""selected_candidate"": ""avant"", ""final_correction"": ""avant""}, {""token"": ""tout"", ""category"": ""french_substituted"", ""selected_candidate"": ""lépp"", ""final_correction"": ""lépp""}, {""token"": ""weshhh"", ""category"": ""informal_wolof"", ""selected_candidate"": ""weshhh"", ""final_correction"": ""weshhh""}]"
400,mane ma degoul wala nidiay mor bb la wowé maréme,man maa degul wala nijaay mor bb lay wowe maree,man maa déggul wala nijaay mor bb la woo we maréme,keep,https://www.youtube.com/watch?v=Myd-Gg4Mhck,"[{""token"": ""mane"", ""category"": ""ambiguous_cognate"", ""selected_candidate"": ""man"", ""final_correction"": ""man""}, {""token"": ""ma"", ""category"": ""ambiguous_cognate"", ""selected_candidate"": ""maa"", ""final_correction"": ""maa""}, {""token"": ""degoul"", ""category"": ""informal_wolof"", ""selected_candidate"": ""déggul"", ""final_correction"": ""déggul""}, {""token"": ""wala"", ""category"": ""ambiguous_cognate"", ""selected_candidate"": ""wala"", ""final_correction"": ""wala""}, {""token"": ""nidiay"", ""category"": ""informal_wolof"", ""selected_candidate"": ""nijaay"", ""final_correction"": ""nijaay""}, {""token"": ""mor"", ""category"": ""french_native"", ""selected_candidate"": ""mor"", ""final_correction"": ""mor""}, {""token"": ""bb"", ""category"": ""wolof_formal"", ""selected_candidate"": ""bb"", ""final_correction"": ""bb""}, {""token"": ""la"", ""category"": ""ambiguous_cognate"", ""selected_candidate"": ""la"", ""final_correction"": ""la""}, {""token"": ""wowé"", ""category"": ""informal_wolof"", ""selected_candidate"": ""wowe"", ""final_correction"": ""woo we""}, {""token"": ""maréme"", ""category"": ""informal_wolof"", ""selected_candidate"": ""maréme"", ""final_correction"": ""maréme""}]"
402,bb marém key wa dialy ka sa fourno keurigne lay dieul,bb maree key waa dialy ka sa furno këriñ lay dieul,bb marém key waa dialy ka sa furno këriñ lay jël,keep,https://www.youtube.com/watch?v=Myd-Gg4Mhck,"[{""token"": ""bb"", ""category"": ""wolof_formal"", ""selected_candidate"": ""bb"", ""final_correction"": ""bb""}, {""token"": ""marém"", ""category"": ""informal_wolof"", ""selected_candidate"": ""marém"", ""final_correction"": ""marém""}, {""token"": ""key"", ""category"": ""wolof_formal"", ""selected_candidate"": ""key"", ""final_correction"": ""key""}, {""token"": ""wa"", ""category"": ""ambiguous_cognate"", ""selected_candidate"": ""waa"", ""final_correction"": ""waa""}, {""token"": ""dialy"", ""category"": ""informal_wolof"", ""selected_candidate"": ""dialy"", ""final_correction"": ""dialy""}, {""token"": ""ka"", ""category"": ""ambiguous_cognate"", ""selected_candidate"": ""ka"", ""final_correction"": ""ka""}, {""token"": ""sa"", ""category"": ""ambiguous_cognate"", ""selected_candidate"": ""sa"", ""final_correction"": ""sa""}, {""token"": ""fourno"", ""category"": ""informal_wolof"", ""selected_candidate"": ""furno"", ""final_correction"": ""furno""}, {""token"": ""keurigne"", ""category"": ""informal_wolof"", ""selected_candidate"": ""këriñ"", ""final_correction"": ""këriñ""}, {""token"": ""lay"", ""category"": ""ambiguous_cognate"", ""selected_candidate"": ""lay"", ""final_correction"": ""lay""}, {""token"": ""dieul"", ""category"": ""wolof_formal"", ""selected_candidate"": ""dieul"", ""final_correction"": ""jël""}]"
403,"waa yen degue nguen ""bb mary"" bou nidiay mor, mdr",waa yen degre ngeen bb mary bou nijaay mor mdr,waa yen dégg ngeen bb mary bou nijaay mor mdr,keep,https://www.youtube.com/watch?v=Myd-Gg4Mhck,"[{""token"": ""waa"", ""category"": ""ambiguous_cognate"", ""selected_candidate"": ""waa"", ""final_correction"": ""waa""}, {""token"": ""yen"", ""category"": ""ambiguous_cognate"", ""selected_candidate"": ""yen"", ""final_correction"": ""yen""}, {""token"": ""degue"", ""category"": ""informal_wolof"", ""selected_candidate"": ""dégge"", ""final_correction"": ""dégg""}, {""token"": ""nguen"", ""category"": ""informal_wolof"", ""selected_candidate"": ""ngeen"", ""final_correction"": ""ngeen""}, {""token"": ""bb"", ""category"": ""wolof_formal"", ""selected_candidate"": ""bb"", ""final_correction"": ""bb""}, {""token"": ""mary"", ""category"": ""ambiguous_cognate"", ""selected_candidate"": ""mary"", ""final_correction"": ""mary""}, {""token"": ""bou"", ""category"": ""ambiguous_cognate"", ""selected_candidate"": ""bou"", ""final_correction"": ""bou""}, {""token"": ""nidiay"", ""category"": ""informal_wolof"", ""selected_candidate"": ""nijaay"", ""final_correction"": ""nijaay""}, {""token"": ""mor"", ""category"": ""french_native"", ""selected_candidate"": ""mor"", ""final_correction"": ""mor""}, {""token"": ""mdr"", ""category"": ""ambiguous_cognate"", ""selected_candidate"": ""mdr"", ""final_correction"": ""mdr""}]"
405,mais mère omou tamit lé ba diamm le nak ‍️,mais mère mou tamit lé ba damm le nak,mais mère omou tamit lé ba jàmm la nak,keep,https://www.youtube.com/watch?v=Myd-Gg4Mhck,"[{""token"": ""mais"", ""category"": ""ambiguous_cognate"", ""selected_candidate"": ""mais"", ""final_correction"": ""mais""}, {""token"": ""mère"", ""category"": ""ambiguous_cognate"", ""selected_candidate"": ""mère"", ""final_correction"": ""mère""}, {""token"": ""omou"", ""category"": ""informal_wolof"", ""selected_candidate"": ""omou"", ""final_correction"": ""omou""}, {""token"": ""tamit"", ""category"": ""ambiguous_cognate"", ""selected_candidate"": ""tamit"", ""final_correction"": ""tamit""}, {""token"": ""lé"", ""category"": ""french_native"", ""selected_candidate"": ""lé"", ""final_correction"": ""lé""}, {""token"": ""ba"", ""category"": ""ambiguous_cognate"", ""selected_candidate"": ""ba"", ""final_correction"": ""ba""}, {""token"": ""diamm"", ""category"": ""informal_wolof"", ""selected_candidate"": ""damm"", ""final_correction"": ""jàmm""}, {""token"": ""le"", ""category"": ""ambiguous_cognate"", ""selected_candidate"": ""le"", ""final_correction"": ""la""}, {""token"": ""nak"", ""category"": ""ambiguous_cognate"", ""selected_candidate"": ""nak"", ""final_correction"": ""nak""}]"
409,marichou yaw mome boumala diapé dotoko defaty ngay layam layami ni sim,marichou yow moom boumala dippe dooko defati ngay layam laayami ni sim,marichou yaw moom bu ma la jàppe do too ko defati ngay layam laayami ni sim,keep,https://www.youtube.com/watch?v=Myd-Gg4Mhck,"[{""token"": ""marichou"", ""category"": ""informal_wolof"", ""selected_candidate"": ""marichou"", ""final_correction"": ""marichou""}, {""token"": ""yaw"", ""category"": ""ambiguous_cognate"", ""selected_candidate"": ""yaw"", ""final_correction"": ""yaw""}, {""token"": ""mome"", ""category"": ""informal_wolof"", ""selected_candidate"": ""moom"", ""final_correction"": ""moom""}, {""token"": ""boumala"", ""category"": ""informal_wolof"", ""selected_candidate"": ""boumala"", ""final_correction"": ""bu ma la""}, {""token"": ""diapé"", ""category"": ""informal_wolof"", ""selected_candidate"": ""dippe"", ""final_correction"": ""jàppe""}, {""token"": ""dotoko"", ""category"": ""informal_wolof"", ""selected_candidate"": ""dooko"", ""final_correction"": ""do too ko""}, {""token"": ""defaty"", ""category"": ""informal_wolof"", ""selected_candidate"": ""defati"", ""final_correction"": ""defati""}, {""token"": ""ngay"", ""category"": ""ambiguous_cognate"", ""selected_candidate"": ""ngay"", ""final_correction"": ""ngay""}, {""token"": ""layam"", ""category"": ""wolof_formal"", ""selected_candidate"": ""layam"", ""final_correction"": ""layam""}, {""token"": ""layami"", ""category"": ""informal_wolof"", ""selected_candidate"": ""laayami"", ""final_correction"": ""laayami""}, {""token"": ""ni"", ""category"": ""ambiguous_cognate"", ""selected_candidate"": ""ni"", ""final_correction"": ""ni""}, {""token"": ""sim"", ""category"": ""wolof_formal"", ""selected_candidate"": ""sim"", ""final_correction"": ""sim""}]"
411,wouy bb mareme,wuy bb maree,wuy bb maree,discard_uninteresting,https://www.youtube.com/watch?v=Myd-Gg4Mhck,"[{""token"": ""wouy"", ""category"": ""informal_wolof"", ""selected_candidate"": ""wuy"", ""final_correction"": ""wuy""}, {""token"": ""bb"", ""category"": ""wolof_formal"", ""selected_candidate"": ""bb"", ""final_correction"": ""bb""}, {""token"": ""mareme"", ""category"": ""informal_wolof"", ""selected_candidate"": ""maree"", ""final_correction"": ""mareme""}]"
412,wouy bb mareme,wuy bb maree,wuy bb maree,discard_uninteresting,https://www.youtube.com/watch?v=Myd-Gg4Mhck,"[{""token"": ""wouy"", ""category"": ""informal_wolof"", ""selected_candidate"": ""wuy"", ""final_correction"": ""wuy""}, {""token"": ""bb"", ""category"": ""wolof_formal"", ""selected_candidate"": ""bb"", ""final_correction"": ""bb""}, {""token"": ""mareme"", ""category"": ""informal_wolof"", ""selected_candidate"": ""maree"", ""final_correction"": ""mareme""}]"
415,waa ndidiay mor bb mareme la wax,waa ndijaay mor bb maree lay wax,waa nijaay mor bb mareme la wax,keep,https://www.youtube.com/watch?v=Myd-Gg4Mhck,"[{""token"": ""waa"", ""category"": ""ambiguous_cognate"", ""selected_candidate"": ""waa"", ""final_correction"": ""waa""}, {""token"": ""ndidiay"", ""category"": ""informal_wolof"", ""selected_candidate"": ""ndijaay"", ""final_correction"": ""nijaay""}, {""token"": ""mor"", ""category"": ""french_native"", ""selected_candidate"": ""mor"", ""final_correction"": ""mor""}, {""token"": ""bb"", ""category"": ""wolof_formal"", ""selected_candidate"": ""bb"", ""final_correction"": ""bb""}, {""token"": ""mareme"", ""category"": ""informal_wolof"", ""selected_candidate"": ""mareme"", ""final_correction"": ""mareme""}, {""token"": ""la"", ""category"": ""ambiguous_cognate"", ""selected_candidate"": ""la"", ""final_correction"": ""la""}, {""token"": ""wax"", ""category"": ""ambiguous_cognate"", ""selected_candidate"": ""wax"", ""final_correction"": ""wax""}]"
424,maréme thiam nak béteu nama bayil khalé seuy tamite pourquoi mère yi beugue di initié wou de trop thi seneu seuyou doom yi tamite c'est trop waay,maree caam nak béteu na ma bayil hale seey tamit tax mère yi bëgg di initié bou dee trop ci sentu soukou doom yi tamit c'est trop waay,maréme thiam nak bett na ma bayil xale séy tamit pourquoi mère yi bëgg di initié wu de trop ci seen séyu doom yi tamit c'est trop waay,keep,https://www.youtube.com/watch?v=Myd-Gg4Mhck,"[{""token"": ""maréme"", ""category"": ""informal_wolof"", ""selected_candidate"": ""maréme"", ""final_correction"": ""maréme""}, {""token"": ""thiam"", ""category"": ""french_substituted"", ""selected_candidate"": ""thiam"", ""final_correction"": ""thiam""}, {""token"": ""nak"", ""category"": ""ambiguous_cognate"", ""selected_candidate"": ""nak"", ""final_correction"": ""nak""}, {""token"": ""béteu"", ""category"": ""informal_wolof"", ""selected_candidate"": ""béteu"", ""final_correction"": ""bett""}, {""token"": ""nama"", ""category"": ""ambiguous_cognate"", ""selected_candidate"": ""na ma"", ""final_correction"": ""na ma""}, {""token"": ""bayil"", ""category"": ""wolof_formal"", ""selected_candidate"": ""bayil"", ""final_correction"": ""bayil""}, {""token"": ""khalé"", ""category"": ""informal_wolof"", ""selected_candidate"": ""xale"", ""final_correction"": ""xale""}, {""token"": ""seuy"", ""category"": ""informal_wolof"", ""selected_candidate"": ""seey"", ""final_correction"": ""séy""}, {""token"": ""tamite"", ""category"": ""informal_wolof"", ""selected_candidate"": ""tamit"", ""final_correction"": ""tamit""}, {""token"": ""pourquoi"", ""category"": ""french_substituted"", ""selected_candidate"": ""pourquoi"", ""final_correction"": ""pourquoi""}, {""token"": ""mère"", ""category"": ""ambiguous_cognate"", ""selected_candidate"": ""mère"", ""final_correction"": ""mère""}, {""token"": ""yi"", ""category"": ""ambiguous_cognate"", ""selected_candidate"": ""yi"", ""final_correction"": ""yi""}, {""token"": ""beugue"", ""category"": ""french_native"", ""selected_candidate"": ""bëgg"", ""final_correction"": ""bëgg""}, {""token"": ""di"", ""category"": ""ambiguous_cognate"", ""selected_candidate"": ""di"", ""final_correction"": ""di""}, {""token"": ""initié"", ""category"": ""french_native"", ""selected_candidate"": ""initié"", ""final_correction"": ""initié""}, {""token"": ""wou"", ""category"": ""informal_wolof"", ""selected_candidate"": ""wou"", ""final_correction"": ""wu""}, {""token"": ""de"", ""category"": ""ambiguous_cognate"", ""selected_candidate"": ""de"", ""final_correction"": ""de""}, {""token"": ""trop"", ""category"": ""french_native"", ""selected_candidate"": ""trop"", ""final_correction"": ""trop""}, {""token"": ""thi"", ""category"": ""french_native"", ""selected_candidate"": ""ci"", ""final_correction"": ""ci""}, {""token"": ""seneu"", ""category"": ""informal_wolof"", ""selected_candidate"": ""sentu"", ""final_correction"": ""seen""}, {""token"": ""seuyou"", ""category"": ""informal_wolof"", ""selected_candidate"": ""soukou"", ""final_correction"": ""séyu""}, {""token"": ""doom"", ""category"": ""ambiguous_cognate"", ""selected_candidate"": ""doom"", ""final_correction"": ""doom""}, {""token"": ""yi"", ""category"": ""ambiguous_cognate"", ""selected_candidate"": ""yi"", ""final_correction"": ""yi""}, {""token"": ""tamite"", ""category"": ""informal_wolof"", ""selected_candidate"": ""tamit"", ""final_correction"": ""tamit""}, {""token"": ""c'est"", ""category"": ""french_native"", ""selected_candidate"": ""c'est"", ""final_correction"": ""c'est""}, {""token"": ""trop"", ""category"": ""french_native"", ""selected_candidate"": ""trop"", ""final_correction"": ""trop""}, {""token"": ""waay"", ""category"": ""wolof_formal"", ""selected_candidate"": ""waay"", ""final_correction"": ""waay""}]"
437,sokhna dialika inaf waay lane moy yalla na rees ak diam té ga reesalko mome miko lekk bouko reessaloul koukoy reessal,soxna saalika inaf waay lan mooy yalla na rees ak jàmm té ga reesalko moom biko lekk booko reessaloul kukoy reesal,soxna dialika inaf waay lan mooy yalla na rees ak jàmm té nga reesal ko moom mii ko lekk bu ko reesalul ku koy reesal,keep,https://www.youtube.com/watch?v=Myd-Gg4Mhck,"[{""token"": ""sokhna"", ""category"": ""french_substituted"", ""selected_candidate"": ""soxna"", ""final_correction"": ""soxna""}, {""token"": ""dialika"", ""category"": ""informal_wolof"", ""selected_candidate"": ""dialika"", ""final_correction"": ""dialika""}, {""token"": ""inaf"", ""category"": ""informal_wolof"", ""selected_candidate"": ""inaf"", ""final_correction"": ""inaf""}, {""token"": ""waay"", ""category"": ""wolof_formal"", ""selected_candidate"": ""waay"", ""final_correction"": ""waay""}, {""token"": ""lane"", ""category"": ""wolof_formal"", ""selected_candidate"": ""lan"", ""final_correction"": ""lan""}, {""token"": ""moy"", ""category"": ""wolof_formal"", ""selected_candidate"": ""mooy"", ""final_correction"": ""mooy""}, {""token"": ""yalla"", ""category"": ""ambiguous_cognate"", ""selected_candidate"": ""yalla"", ""final_correction"": ""yalla""}, {""token"": ""na"", ""category"": ""ambiguous_cognate"", ""selected_candidate"": ""na"", ""final_correction"": ""na""}, {""token"": ""rees"", ""category"": ""wolof_formal"", ""selected_candidate"": ""rees"", ""final_correction"": ""rees""}, {""token"": ""ak"", ""category"": ""ambiguous_cognate"", ""selected_candidate"": ""ak"", ""final_correction"": ""ak""}, {""token"": ""diam"", ""category"": ""ambiguous_cognate"", ""selected_candidate"": ""jàmm"", ""final_correction"": ""jàmm""}, {""token"": ""té"", ""category"": ""ambiguous_cognate"", ""selected_candidate"": ""té"", ""final_correction"": ""té""}, {""token"": ""ga"", ""category"": ""ambiguous_cognate"", ""selected_candidate"": ""ga"", ""final_correction"": ""nga""}, {""token"": ""reesalko"", ""category"": ""informal_wolof"", ""selected_candidate"": ""reesalko"", ""final_correction"": ""reesal ko""}, {""token"": ""mome"", ""category"": ""informal_wolof"", ""selected_candidate"": ""moom"", ""final_correction"": ""moom""}, {""token"": ""miko"", ""category"": ""informal_wolof"", ""selected_candidate"": ""biko"", ""final_correction"": ""mii ko""}, {""token"": ""lekk"", ""category"": ""wolof_formal"", ""selected_candidate"": ""lekk"", ""final_correction"": ""lekk""}, {""token"": ""bouko"", ""category"": ""informal_wolof"", ""selected_candidate"": ""booko"", ""final_correction"": ""bu ko""}, {""token"": ""reessaloul"", ""category"": ""informal_wolof"", ""selected_candidate"": ""reessaloul"", ""final_correction"": ""reesalul""}, {""token"": ""koukoy"", ""category"": ""informal_wolof"", ""selected_candidate"": ""kukoy"", ""final_correction"": ""ku koy""}, {""token"": ""reessal"", ""category"": ""informal_wolof"", ""selected_candidate"": ""reesal"", ""final_correction"": ""reesal""}]"
450,bb marém kay,bb maree kay,bb maree kay,discard_uninteresting,https://www.youtube.com/watch?v=Myd-Gg4Mhck,"[{""token"": ""bb"", ""category"": ""wolof_formal"", ""selected_candidate"": ""bb"", ""final_correction"": ""bb""}, {""token"": ""marém"", ""category"": ""informal_wolof"", ""selected_candidate"": ""maree"", ""final_correction"": ""marém""}, {""token"": ""kay"", ""category"": ""wolof_formal"", ""selected_candidate"": ""kay"", ""final_correction"": ""kay""}]"
452,nn li yalla nk ay guent wy,an li yalla nek ay gént ay,nn li yalla nek ay gént waay,keep,https://www.youtube.com/watch?v=Myd-Gg4Mhck,"[{""token"": ""nn"", ""category"": ""informal_wolof"", ""selected_candidate"": ""nn"", ""final_correction"": ""nn""}, {""token"": ""li"", ""category"": ""ambiguous_cognate"", ""selected_candidate"": ""li"", ""final_correction"": ""li""}, {""token"": ""yalla"", ""category"": ""ambiguous_cognate"", ""selected_candidate"": ""yalla"", ""final_correction"": ""yalla""}, {""token"": ""nk"", ""category"": ""informal_wolof"", ""selected_candidate"": ""nek"", ""final_correction"": ""nek""}, {""token"": ""ay"", ""category"": ""ambiguous_cognate"", ""selected_candidate"": ""ay"", ""final_correction"": ""ay""}, {""token"": ""guent"", ""category"": ""informal_wolof"", ""selected_candidate"": ""gént"", ""final_correction"": ""gént""}, {""token"": ""wy"", ""category"": ""informal_wolof"", ""selected_candidate"": ""ay"", ""final_correction"": ""waay""}]"
453,ma oumy bu ubè haut parleur bi rk sma xol bi diekh,maa oumy bu ube haut parleur bi rek sma xol bi diokh,ma oumy bu ube haut parleur bi rek sama xol bi jeex,keep,https://www.youtube.com/watch?v=Myd-Gg4Mhck,"[{""token"": ""ma"", ""category"": ""ambiguous_cognate"", ""selected_candidate"": ""ma"", ""final_correction"": ""ma""}, {""token"": ""oumy"", ""category"": ""informal_wolof"", ""selected_candidate"": ""oumy"", ""final_correction"": ""oumy""}, {""token"": ""bu"", ""category"": ""ambiguous_cognate"", ""selected_candidate"": ""bu"", ""final_correction"": ""bu""}, {""token"": ""ubè"", ""category"": ""informal_wolof"", ""selected_candidate"": ""ube"", ""final_correction"": ""ube""}, {""token"": ""haut"", ""category"": ""ambiguous_cognate"", ""selected_candidate"": ""haut"", ""final_correction"": ""haut""}, {""token"": ""parleur"", ""category"": ""french_native"", ""selected_candidate"": ""parleur"", ""final_correction"": ""parleur""}, {""token"": ""bi"", ""category"": ""ambiguous_cognate"", ""selected_candidate"": ""bi"", ""final_correction"": ""bi""}, {""token"": ""rk"", ""category"": ""informal_wolof"", ""selected_candidate"": ""rek"", ""final_correction"": ""rek""}, {""token"": ""sma"", ""category"": ""ambiguous_cognate"", ""selected_candidate"": ""sma"", ""final_correction"": ""sama""}, {""token"": ""xol"", ""category"": ""wolof_formal"", ""selected_candidate"": ""xol"", ""final_correction"": ""xol""}, {""token"": ""bi"", ""category"": ""ambiguous_cognate"", ""selected_candidate"": ""bi"", ""final_correction"": ""bi""}, {""token"": ""diekh"", ""category"": ""informal_wolof"", ""selected_candidate"": ""jeex"", ""final_correction"": ""jeex""}]"
454,maman oumy mo sof rek ta bari wakh ak lamine bou rey bi kou d'accord,maman oumy moo soof rek te bari wax ak lamin bou rey bi ku d'accord,maman oumy moo soof rek te bari wax ak làmmiñ bu réy bi ku d'accord,keep,https://www.youtube.com/watch?v=Myd-Gg4Mhck,"[{""token"": ""maman"", ""category"": ""french_native"", ""selected_candidate"": ""maman"", ""final_correction"": ""maman""}, {""token"": ""oumy"", ""category"": ""informal_wolof"", ""selected_candidate"": ""oumy"", ""final_correction"": ""oumy""}, {""token"": ""mo"", ""category"": ""ambiguous_cognate"", ""selected_candidate"": ""moo"", ""final_correction"": ""moo""}, {""token"": ""sof"", ""category"": ""wolof_formal"", ""selected_candidate"": ""soof"", ""final_correction"": ""soof""}, {""token"": ""rek"", ""category"": ""ambiguous_cognate"", ""selected_candidate"": ""rek"", ""final_correction"": ""rek""}, {""token"": ""ta"", ""category"": ""ambiguous_cognate"", ""selected_candidate"": ""te"", ""final_correction"": ""te""}, {""token"": ""bari"", ""category"": ""ambiguous_cognate"", ""selected_candidate"": ""bari"", ""final_correction"": ""bari""}, {""token"": ""wakh"", ""category"": ""french_native"", ""selected_candidate"": ""wax"", ""final_correction"": ""wax""}, {""token"": ""ak"", ""category"": ""ambiguous_cognate"", ""selected_candidate"": ""ak"", ""final_correction"": ""ak""}, {""token"": ""lamine"", ""category"": ""french_substituted"", ""selected_candidate"": ""lamin"", ""final_correction"": ""làmmiñ""}, {""token"": ""bou"", ""category"": ""ambiguous_cognate"", ""selected_candidate"": ""bou"", ""final_correction"": ""bu""}, {""token"": ""rey"", ""category"": ""wolof_formal"", ""selected_candidate"": ""rey"", ""final_correction"": ""réy""}, {""token"": ""bi"", ""category"": ""ambiguous_cognate"", ""selected_candidate"": ""bi"", ""final_correction"": ""bi""}, {""token"": ""kou"", ""category"": ""informal_wolof"", ""selected_candidate"": ""ku"", ""final_correction"": ""ku""}, {""token"": ""d'accord"", ""category"": ""french_native"", ""selected_candidate"": ""d'accord"", ""final_correction"": ""d'accord""}]"
455,ma ouma mome yalla dako sakk pour moumaye nakharal,maa buma moom yalla dako sakk mu may moomale naqaral,ma ouma moom yalla da koo sàkk pour mu may naqaral,keep,https://www.youtube.com/watch?v=Myd-Gg4Mhck,"[{""token"": ""ma"", ""category"": ""ambiguous_cognate"", ""selected_candidate"": ""ma"", ""final_correction"": ""ma""}, {""token"": ""ouma"", ""category"": ""informal_wolof"", ""selected_candidate"": ""ouma"", ""final_correction"": ""ouma""}, {""token"": ""mome"", ""category"": ""informal_wolof"", ""selected_candidate"": ""moom"", ""final_correction"": ""moom""}, {""token"": ""yalla"", ""category"": ""ambiguous_cognate"", ""selected_candidate"": ""yalla"", ""final_correction"": ""yalla""}, {""token"": ""dako"", ""category"": ""wolof_formal"", ""selected_candidate"": ""dako"", ""final_correction"": ""da koo""}, {""token"": ""sakk"", ""category"": ""wolof_formal"", ""selected_candidate"": ""sakk"", ""final_correction"": ""sàkk""}, {""token"": ""pour"", ""category"": ""ambiguous_cognate"", ""selected_candidate"": ""pour"", ""final_correction"": ""pour""}, {""token"": ""moumaye"", ""category"": ""informal_wolof"", ""selected_candidate"": ""moomale"", ""final_correction"": ""mu may""}, {""token"": ""nakharal"", ""category"": ""informal_wolof"", ""selected_candidate"": ""naqaral"", ""final_correction"": ""naqaral""}]"
456,mère oumu diam la beug ak koumu nott mo boneu te modé rek,mère bumu jàmm lay bëgg ak koomu ŋott moo bonee te mode rek,mère oumu jàmm lay bëgg ak koomu ŋott moo bonee te mode rek,skip_uncertain,https://www.youtube.com/watch?v=Myd-Gg4Mhck,"[{""token"": ""mère"", ""category"": ""ambiguous_cognate"", ""selected_candidate"": ""mère"", ""final_correction"": ""mère""}, {""token"": ""oumu"", ""category"": ""informal_wolof"", ""selected_candidate"": ""oumu"", ""final_correction"": ""oumu""}, {""token"": ""diam"", ""category"": ""ambiguous_cognate"", ""selected_candidate"": ""jàmm"", ""final_correction"": ""jàmm""}, {""token"": ""la"", ""category"": ""ambiguous_cognate"", ""selected_candidate"": ""lay"", ""final_correction"": ""lay""}, {""token"": ""beug"", ""category"": ""wolof_formal"", ""selected_candidate"": ""bëgg"", ""final_correction"": ""bëgg""}, {""token"": ""ak"", ""category"": ""ambiguous_cognate"", ""selected_candidate"": ""ak"", ""final_correction"": ""ak""}, {""token"": ""koumu"", ""category"": ""informal_wolof"", ""selected_candidate"": ""koomu"", ""final_correction"": ""koomu""}, {""token"": ""nott"", ""category"": ""informal_wolof"", ""selected_candidate"": ""ŋott"", ""final_correction"": ""ŋott""}, {""token"": ""mo"", ""category"": ""ambiguous_cognate"", ""selected_candidate"": ""moo"", ""final_correction"": ""moo""}, {""token"": ""boneu"", ""category"": ""informal_wolof"", ""selected_candidate"": ""bonee"", ""final_correction"": ""bonee""}, {""token"": ""te"", ""category"": ""ambiguous_cognate"", ""selected_candidate"": ""te"", ""final_correction"": ""te""}, {""token"": ""modé"", ""category"": ""informal_wolof"", ""selected_candidate"": ""mode"", ""final_correction"": ""mode""}, {""token"": ""rek"", ""category"": ""ambiguous_cognate"", ""selected_candidate"": ""rek"", ""final_correction"": ""rek""}]"
457,nidiaye mor neina bébé mareme wouy,nijaay mor nee na bébé maree wuy,nijaay mor nee na bébé maree wuy,keep,https://www.youtube.com/watch?v=Myd-Gg4Mhck,"[{""token"": ""nidiaye"", ""category"": ""informal_wolof"", ""selected_candidate"": ""nijaay"", ""final_correction"": ""nijaay""}, {""token"": ""mor"", ""category"": ""french_native"", ""selected_candidate"": ""mor"", ""final_correction"": ""mor""}, {""token"": ""neina"", ""category"": ""informal_wolof"", ""selected_candidate"": ""nee na"", ""final_correction"": ""nee na""}, {""token"": ""bébé"", ""category"": ""french_native"", ""selected_candidate"": ""bébé"", ""final_correction"": ""bébé""}, {""token"": ""mareme"", ""category"": ""informal_wolof"", ""selected_candidate"": ""maree"", ""final_correction"": ""mareme""}, {""token"": ""wouy"", ""category"": ""informal_wolof"", ""selected_candidate"": ""wuy"", ""final_correction"": ""wuy""}]"
458,bb mareme bi nak kene dou si wakh magui deh,bb maree bi nak bene dou ci wax magui de,bb mareme bi nak kenn du ci wax ma ngi dee,keep,https://www.youtube.com/watch?v=Myd-Gg4Mhck,"[{""token"": ""bb"", ""category"": ""wolof_formal"", ""selected_candidate"": ""bb"", ""final_correction"": ""bb""}, {""token"": ""mareme"", ""category"": ""informal_wolof"", ""selected_candidate"": ""mareme"", ""final_correction"": ""mareme""}, {""token"": ""bi"", ""category"": ""ambiguous_cognate"", ""selected_candidate"": ""bi"", ""final_correction"": ""bi""}, {""token"": ""nak"", ""category"": ""ambiguous_cognate"", ""selected_candidate"": ""nak"", ""final_correction"": ""nak""}, {""token"": ""kene"", ""category"": ""informal_wolof"", ""selected_candidate"": ""kene"", ""final_correction"": ""kenn""}, {""token"": ""dou"", ""category"": ""french_native"", ""selected_candidate"": ""dou"", ""final_correction"": ""du""}, {""token"": ""si"", ""category"": ""ambiguous_cognate"", ""selected_candidate"": ""ci"", ""final_correction"": ""ci""}, {""token"": ""wakh"", ""category"": ""french_native"", ""selected_candidate"": ""wax"", ""final_correction"": ""wax""}, {""token"": ""magui"", ""category"": ""wolof_formal"", ""selected_candidate"": ""magui"", ""final_correction"": ""ma ngi""}, {""token"": ""deh"", ""category"": ""informal_wolof"", ""selected_candidate"": ""de"", ""final_correction"": ""dee""}]"
459,dialika sakh da diomi,saalika sax da doomi,saalika sax da doomi,discard_uninteresting,https://www.youtube.com/watch?v=Myd-Gg4Mhck,"[{""token"": ""dialika"", ""category"": ""informal_wolof"", ""selected_candidate"": ""saalika"", ""final_correction"": ""saalika""}, {""token"": ""sakh"", ""category"": ""informal_wolof"", ""selected_candidate"": ""sax"", ""final_correction"": ""sax""}, {""token"": ""da"", ""category"": ""ambiguous_cognate"", ""selected_candidate"": ""da"", ""final_correction"": ""da""}, {""token"": ""diomi"", ""category"": ""informal_wolof"", ""selected_candidate"": ""doomi"", ""final_correction"": ""doomi""}]"
460,"on parle, on parle mais ma oumy weroul dh‍️",on parle on parle mais maa oumy wérul ah,on parle on parle mais maa oumy wérul ah,discard_uninteresting,https://www.youtube.com/watch?v=Myd-Gg4Mhck,"[{""token"": ""on"", ""category"": ""ambiguous_cognate"", ""selected_candidate"": ""on"", ""final_correction"": ""on""}, {""token"": ""parle"", ""category"": ""french_native"", ""selected_candidate"": ""parle"", ""final_correction"": ""parle""}, {""token"": ""on"", ""category"": ""ambiguous_cognate"", ""selected_candidate"": ""on"", ""final_correction"": ""on""}, {""token"": ""parle"", ""category"": ""french_native"", ""selected_candidate"": ""parle"", ""final_correction"": ""parle""}, {""token"": ""mais"", ""category"": ""ambiguous_cognate"", ""selected_candidate"": ""mais"", ""final_correction"": ""mais""}, {""token"": ""ma"", ""category"": ""ambiguous_cognate"", ""selected_candidate"": ""maa"", ""final_correction"": ""maa""}, {""token"": ""oumy"", ""category"": ""informal_wolof"", ""selected_candidate"": ""oumy"", ""final_correction"": ""oumy""}, {""token"": ""weroul"", ""category"": ""informal_wolof"", ""selected_candidate"": ""wérul"", ""final_correction"": ""wérul""}, {""token"": ""dh"", ""category"": ""informal_wolof"", ""selected_candidate"": ""ah"", ""final_correction"": ""ah""}]"
462,wouyoul pabi nané cheikh tidiane kharal ma wakh ak bb,woyoful nabi nana seex tiijaan baaral maa wax ak bb,wuyul paa bi ne na cheikh tidiane xaaral ma wax ak bb,keep,https://www.youtube.com/watch?v=Myd-Gg4Mhck,"[{""token"": ""wouyoul"", ""category"": ""informal_wolof"", ""selected_candidate"": ""wuyyul"", ""final_correction"": ""wuyul""}, {""token"": ""pabi"", ""category"": ""informal_wolof"", ""selected_candidate"": ""nabi"", ""final_correction"": ""paa bi""}, {""token"": ""nané"", ""category"": ""informal_wolof"", ""selected_candidate"": ""nana"", ""final_correction"": ""ne na""}, {""token"": ""cheikh"", ""category"": ""french_substituted"", ""selected_candidate"": ""cheikh"", ""final_correction"": ""cheikh""}, {""token"": ""tidiane"", ""category"": ""french_substituted"", ""selected_candidate"": ""tidiane"", ""final_correction"": ""tidiane""}, {""token"": ""kharal"", ""category"": ""informal_wolof"", ""selected_candidate"": ""baaral"", ""final_correction"": ""xaaral""}, {""token"": ""ma"", ""category"": ""ambiguous_cognate"", ""selected_candidate"": ""ma"", ""final_correction"": ""ma""}, {""token"": ""wakh"", ""category"": ""french_native"", ""selected_candidate"": ""wax"", ""final_correction"": ""wax""}, {""token"": ""ak"", ""category"": ""ambiguous_cognate"", ""selected_candidate"": ""ak"", ""final_correction"": ""ak""}, {""token"": ""bb"", ""category"": ""wolof_formal"", ""selected_candidate"": ""bb"", ""final_correction"": ""bb""}]"
463,tiy goor bae founé tchipatou,biy goor bae funé tchipatou,biy goor bae funé tchipatou,discard_uninteresting,https://www.youtube.com/watch?v=Myd-Gg4Mhck,"[{""token"": ""tiy"", ""category"": ""informal_wolof"", ""selected_candidate"": ""biy"", ""final_correction"": ""biy""}, {""token"": ""goor"", ""category"": ""wolof_formal"", ""selected_candidate"": ""goor"", ""final_correction"": ""goor""}, {""token"": ""bae"", ""category"": ""wolof_formal"", ""selected_candidate"": ""bae"", ""final_correction"": ""bae""}, {""token"": ""founé"", ""category"": ""informal_wolof"", ""selected_candidate"": ""funé"", ""final_correction"": ""funé""}, {""token"": ""tchipatou"", ""category"": ""informal_wolof"", ""selected_candidate"": ""tchipatou"", ""final_correction"": ""tchipatou""}]"
464,khalil concentre toi sur sokhna djalika.,khalid concentre toi sur soxna saalika,khalid concentre toi sur soxna saalika,discard_false_positive,https://www.youtube.com/watch?v=Myd-Gg4Mhck,"[{""token"": ""khalil"", ""category"": ""informal_wolof"", ""selected_candidate"": ""khalil"", ""final_correction"": ""khalil""}, {""token"": ""concentre"", ""category"": ""french_native"", ""selected_candidate"": ""concentre"", ""final_correction"": ""concentre""}, {""token"": ""toi"", ""category"": ""ambiguous_cognate"", ""selected_candidate"": ""toi"", ""final_correction"": ""toi""}, {""token"": ""sur"", ""category"": ""ambiguous_cognate"", ""selected_candidate"": ""sur"", ""final_correction"": ""sur""}, {""token"": ""sokhna"", ""category"": ""french_substituted"", ""selected_candidate"": ""soxna"", ""final_correction"": ""soxna""}, {""token"": ""djalika"", ""category"": ""informal_wolof"", ""selected_candidate"": ""saalika"", ""final_correction"": ""saalika""}]"
465,mane pretty eva,man pretre eva,man pretre eva,discard_uninteresting,https://www.youtube.com/watch?v=Myd-Gg4Mhck,"[{""token"": ""mane"", ""category"": ""ambiguous_cognate"", ""selected_candidate"": ""man"", ""final_correction"": ""man""}, {""token"": ""pretty"", ""category"": ""informal_wolof"", ""selected_candidate"": ""pretre"", ""final_correction"": ""pretre""}, {""token"": ""eva"", ""category"": ""ambiguous_cognate"", ""selected_candidate"": ""eva"", ""final_correction"": ""eva""}]"
470,khady thiam mom moye kan ba wakh wakh you eeuye yi,khady caam mom doye kan ba wax wax you eeuye yi,khady caam mom doye kan ba wax wax you eeuye yi,skip_uncertain,https://www.youtube.com/watch?v=Myd-Gg4Mhck,"[{""token"": ""khady"", ""category"": ""informal_wolof"", ""selected_candidate"": ""khady"", ""final_correction"": ""khady""}, {""token"": ""thiam"", ""category"": ""french_substituted"", ""selected_candidate"": ""caam"", ""final_correction"": ""caam""}, {""token"": ""mom"", ""category"": ""wolof_formal"", ""selected_candidate"": ""mom"", ""final_correction"": ""mom""}, {""token"": ""moye"", ""category"": ""informal_wolof"", ""selected_candidate"": ""doye"", ""final_correction"": ""doye""}, {""token"": ""kan"", ""category"": ""ambiguous_cognate"", ""selected_candidate"": ""kan"", ""final_correction"": ""kan""}, {""token"": ""ba"", ""category"": ""ambiguous_cognate"", ""selected_candidate"": ""ba"", ""final_correction"": ""ba""}, {""token"": ""wakh"", ""category"": ""french_native"", ""selected_candidate"": ""wax"", ""final_correction"": ""wax""}, {""token"": ""wakh"", ""category"": ""french_native"", ""selected_candidate"": ""wax"", ""final_correction"": ""wax""}, {""token"": ""you"", ""category"": ""ambiguous_cognate"", ""selected_candidate"": ""you"", ""final_correction"": ""you""}, {""token"": ""eeuye"", ""category"": ""informal_wolof"", ""selected_candidate"": ""eeuye"", ""final_correction"": ""eeuye""}, {""token"": ""yi"", ""category"": ""ambiguous_cognate"", ""selected_candidate"": ""yi"", ""final_correction"": ""yi""}]"
471,dangay sett li rek li yallz boumou diekh way,dangay bett li rek li yalla dougou jeex waay,da ngay seet lii rek lii yalla bu mu jeex waay,keep,https://www.youtube.com/watch?v=Myd-Gg4Mhck,"[{""token"": ""dangay"", ""category"": ""ambiguous_cognate"", ""selected_candidate"": ""dangay"", ""final_correction"": ""da ngay""}, {""token"": ""sett"", ""category"": ""informal_wolof"", ""selected_candidate"": ""bett"", ""final_correction"": ""seet""}, {""token"": ""li"", ""category"": ""ambiguous_cognate"", ""selected_candidate"": ""li"", ""final_correction"": ""lii""}, {""token"": ""rek"", ""category"": ""ambiguous_cognate"", ""selected_candidate"": ""rek"", ""final_correction"": ""rek""}, {""token"": ""li"", ""category"": ""ambiguous_cognate"", ""selected_candidate"": ""li"", ""final_correction"": ""lii""}, {""token"": ""yallz"", ""category"": ""informal_wolof"", ""selected_candidate"": ""yalla"", ""final_correction"": ""yalla""}, {""token"": ""boumou"", ""category"": ""informal_wolof"", ""selected_candidate"": ""dougou"", ""final_correction"": ""bu mu""}, {""token"": ""diekh"", ""category"": ""informal_wolof"", ""selected_candidate"": ""jeex"", ""final_correction"": ""jeex""}, {""token"": ""way"", ""category"": ""wolof_formal"", ""selected_candidate"": ""waay"", ""final_correction"": ""waay""}]"
472,goné gui meuna jouer,gone gui meuna jouer,gone gi mëna jouer,keep,https://www.youtube.com/watch?v=Myd-Gg4Mhck,"[{""token"": ""goné"", ""category"": ""informal_wolof"", ""selected_candidate"": ""gone"", ""final_correction"": ""gone""}, {""token"": ""gui"", ""category"": ""ambiguous_cognate"", ""selected_candidate"": ""gui"", ""final_correction"": ""gi""}, {""token"": ""meuna"", ""category"": ""wolof_formal"", ""selected_candidate"": ""meuna"", ""final_correction"": ""mëna""}, {""token"": ""jouer"", ""category"": ""ambiguous_cognate"", ""selected_candidate"": ""jouer"", ""final_correction"": ""jouer""}]"
474,sen couple sakh nekhoul,sen jabar sax nekkul,sen couple sax neexul,keep,https://www.youtube.com/watch?v=Myd-Gg4Mhck,"[{""token"": ""sen"", ""category"": ""ambiguous_cognate"", ""selected_candidate"": ""sen"", ""final_correction"": ""sen""}, {""token"": ""couple"", ""category"": ""french_substituted"", ""selected_candidate"": ""couple"", ""final_correction"": ""couple""}, {""token"": ""sakh"", ""category"": ""informal_wolof"", ""selected_candidate"": ""sax"", ""final_correction"": ""sax""}, {""token"": ""nekhoul"", ""category"": ""informal_wolof"", ""selected_candidate"": ""neexul"", ""final_correction"": ""neexul""}]"
476,diguéne fékhé ba forcer gnou sokhna dialika,diglena fekke ba forcer gnou soxna saalika,di ngeen fexe ba forcer ñu soxna dialika,keep,https://www.youtube.com/watch?v=Myd-Gg4Mhck,"[{""token"": ""diguéne"", ""category"": ""informal_wolof"", ""selected_candidate"": ""diglena"", ""final_correction"": ""di ngeen""}, {""token"": ""fékhé"", ""category"": ""informal_wolof"", ""selected_candidate"": ""fekke"", ""final_correction"": ""fexe""}, {""token"": ""ba"", ""category"": ""ambiguous_cognate"", ""selected_candidate"": ""ba"", ""final_correction"": ""ba""}, {""token"": ""forcer"", ""category"": ""french_native"", ""selected_candidate"": ""forcer"", ""final_correction"": ""forcer""}, {""token"": ""gnou"", ""category"": ""french_native"", ""selected_candidate"": ""gnou"", ""final_correction"": ""ñu""}, {""token"": ""sokhna"", ""category"": ""french_substituted"", ""selected_candidate"": ""soxna"", ""final_correction"": ""soxna""}, {""token"": ""dialika"", ""category"": ""informal_wolof"", ""selected_candidate"": ""dialika"", ""final_correction"": ""dialika""}]"
477,awa cheikh soit forte mais le couple est revenu fat soit amis avec soyna,awa seex soit forte mais la jabar est revenu fat soit amis avec doyna,awa cheikh soit forte mais la jabar est revenu fat soit amis avec doyna,discard_false_positive,https://www.youtube.com/watch?v=Myd-Gg4Mhck,"[{""token"": ""awa"", ""category"": ""ambiguous_cognate"", ""selected_candidate"": ""awa"", ""final_correction"": ""awa""}, {""token"": ""cheikh"", ""category"": ""french_substituted"", ""selected_candidate"": ""cheikh"", ""final_correction"": ""cheikh""}, {""token"": ""soit"", ""category"": ""french_native"", ""selected_candidate"": ""soit"", ""final_correction"": ""soit""}, {""token"": ""forte"", ""category"": ""french_native"", ""selected_candidate"": ""forte"", ""final_correction"": ""forte""}, {""token"": ""mais"", ""category"": ""ambiguous_cognate"", ""selected_candidate"": ""mais"", ""final_correction"": ""mais""}, {""token"": ""le"", ""category"": ""ambiguous_cognate"", ""selected_candidate"": ""la"", ""final_correction"": ""la""}, {""token"": ""couple"", ""category"": ""french_substituted"", ""selected_candidate"": ""jabar"", ""final_correction"": ""jabar""}, {""token"": ""est"", ""category"": ""ambiguous_cognate"", ""selected_candidate"": ""est"", ""final_correction"": ""est""}, {""token"": ""revenu"", ""category"": ""french_native"", ""selected_candidate"": ""revenu"", ""final_correction"": ""revenu""}, {""token"": ""fat"", ""category"": ""ambiguous_cognate"", ""selected_candidate"": ""fat"", ""final_correction"": ""fat""}, {""token"": ""soit"", ""category"": ""french_native"", ""selected_candidate"": ""soit"", ""final_correction"": ""soit""}, {""token"": ""amis"", ""category"": ""ambiguous_cognate"", ""selected_candidate"": ""amis"", ""final_correction"": ""amis""}, {""token"": ""avec"", ""category"": ""ambiguous_cognate"", ""selected_candidate"": ""avec"", ""final_correction"": ""avec""}, {""token"": ""soyna"", ""category"": ""informal_wolof"", ""selected_candidate"": ""doyna"", ""final_correction"": ""doyna""}]"
478,man bèn question rk lalèn di lathieu ... key &za dafa dièlh wala dagnouko posse tontou lènma cvp,man ben question rek lalin di lathieu key aa dafa dièlh wala dañu ko passe tonton lema cap,man ben question rek lalin di lathieu key aa dafa dièlh wala dañu ko passe tonton lema cap,skip_uncertain,https://www.youtube.com/watch?v=Myd-Gg4Mhck,"[{""token"": ""man"", ""category"": ""ambiguous_cognate"", ""selected_candidate"": ""man"", ""final_correction"": ""man""}, {""token"": ""bèn"", ""category"": ""informal_wolof"", ""selected_candidate"": ""ben"", ""final_correction"": ""ben""}, {""token"": ""question"", ""category"": ""french_native"", ""selected_candidate"": ""question"", ""final_correction"": ""question""}, {""token"": ""rk"", ""category"": ""informal_wolof"", ""selected_candidate"": ""rek"", ""final_correction"": ""rek""}, {""token"": ""lalèn"", ""category"": ""informal_wolof"", ""selected_candidate"": ""lalin"", ""final_correction"": ""lalin""}, {""token"": ""di"", ""category"": ""ambiguous_cognate"", ""selected_candidate"": ""di"", ""final_correction"": ""di""}, {""token"": ""lathieu"", ""category"": ""informal_wolof"", ""selected_candidate"": ""lathieu"", ""final_correction"": ""lathieu""}, {""token"": ""key"", ""category"": ""wolof_formal"", ""selected_candidate"": ""key"", ""final_correction"": ""key""}, {""token"": ""za"", ""category"": ""informal_wolof"", ""selected_candidate"": ""aa"", ""final_correction"": ""aa""}, {""token"": ""dafa"", ""category"": ""ambiguous_cognate"", ""selected_candidate"": ""dafa"", ""final_correction"": ""dafa""}, {""token"": ""dièlh"", ""category"": ""informal_wolof"", ""selected_candidate"": ""dièlh"", ""final_correction"": ""dièlh""}, {""token"": ""wala"", ""category"": ""ambiguous_cognate"", ""selected_candidate"": ""wala"", ""final_correction"": ""wala""}, {""token"": ""dagnouko"", ""category"": ""informal_wolof"", ""selected_candidate"": ""dañu ko"", ""final_correction"": ""dañu ko""}, {""token"": ""posse"", ""category"": ""informal_wolof"", ""selected_candidate"": ""passe"", ""final_correction"": ""passe""}, {""token"": ""tontou"", ""category"": ""informal_wolof"", ""selected_candidate"": ""tonton"", ""final_correction"": ""tonton""}, {""token"": ""lènma"", ""category"": ""informal_wolof"", ""selected_candidate"": ""lema"", ""final_correction"": ""lema""}, {""token"": ""cvp"", ""category"": ""informal_wolof"", ""selected_candidate"": ""cap"", ""final_correction"": ""cap""}]"
483,dangay yor sa cnx di souffrir sheut dialika dimbali ak weurseuk,da ngay yor sa cax di souffrir sheut saalika dimbali ak wërsëg,da ngay yor sa cax di souffrir sheut saalika dimbali ak wërsëg,skip_uncertain,https://www.youtube.com/watch?v=Myd-Gg4Mhck,"[{""token"": ""dangay"", ""category"": ""ambiguous_cognate"", ""selected_candidate"": ""da ngay"", ""final_correction"": ""da ngay""}, {""token"": ""yor"", ""category"": ""ambiguous_cognate"", ""selected_candidate"": ""yor"", ""final_correction"": ""yor""}, {""token"": ""sa"", ""category"": ""ambiguous_cognate"", ""selected_candidate"": ""sa"", ""final_correction"": ""sa""}, {""token"": ""cnx"", ""category"": ""informal_wolof"", ""selected_candidate"": ""cax"", ""final_correction"": ""cax""}, {""token"": ""di"", ""category"": ""ambiguous_cognate"", ""selected_candidate"": ""di"", ""final_correction"": ""di""}, {""token"": ""souffrir"", ""category"": ""french_native"", ""selected_candidate"": ""souffrir"", ""final_correction"": ""souffrir""}, {""token"": ""sheut"", ""category"": ""informal_wolof"", ""selected_candidate"": ""sheut"", ""final_correction"": ""sheut""}, {""token"": ""dialika"", ""category"": ""informal_wolof"", ""selected_candidate"": ""saalika"", ""final_correction"": ""saalika""}, {""token"": ""dimbali"", ""category"": ""ambiguous_cognate"", ""selected_candidate"": ""dimbali"", ""final_correction"": ""dimbali""}, {""token"": ""ak"", ""category"": ""ambiguous_cognate"", ""selected_candidate"": ""ak"", ""final_correction"": ""ak""}, {""token"": ""weurseuk"", ""category"": ""informal_wolof"", ""selected_candidate"": ""wërsëg"", ""final_correction"": ""wërsëg""}]"
484,nidiaye mor a changé positivement machallah,nijaay mor a changé positivement mashallaa,nijaay mor a changé positivement mashallaa,discard_false_positive,https://www.youtube.com/watch?v=Myd-Gg4Mhck,"[{""token"": ""nidiaye"", ""category"": ""informal_wolof"", ""selected_candidate"": ""nijaay"", ""final_correction"": ""nijaay""}, {""token"": ""mor"", ""category"": ""french_native"", ""selected_candidate"": ""mor"", ""final_correction"": ""mor""}, {""token"": ""a"", ""category"": ""ambiguous_cognate"", ""selected_candidate"": ""a"", ""final_correction"": ""a""}, {""token"": ""changé"", ""category"": ""french_native"", ""selected_candidate"": ""changé"", ""final_correction"": ""changé""}, {""token"": ""positivement"", ""category"": ""french_native"", ""selected_candidate"": ""positivement"", ""final_correction"": ""positivement""}, {""token"": ""machallah"", ""category"": ""informal_wolof"", ""selected_candidate"": ""mashallaa"", ""final_correction"": ""mashallaa""}]"
485,papay cheikh tiiijàaan néena bb marém,papa seex tiiijàaan néena bb maree,papa seex tiiijàaan néena bb maree,discard_uninteresting,https://www.youtube.com/watch?v=Myd-Gg4Mhck,"[{""token"": ""papay"", ""category"": ""informal_wolof"", ""selected_candidate"": ""papa"", ""final_correction"": ""papa""}, {""token"": ""cheikh"", ""category"": ""french_substituted"", ""selected_candidate"": ""seex"", ""final_correction"": ""seex""}, {""token"": ""tiiijàaan"", ""category"": ""informal_wolof"", ""selected_candidate"": ""tiiijàaan"", ""final_correction"": ""tiiijàaan""}, {""token"": ""néena"", ""category"": ""wolof_formal"", ""selected_candidate"": ""néena"", ""final_correction"": ""néena""}, {""token"": ""bb"", ""category"": ""wolof_formal"", ""selected_candidate"": ""bb"", ""final_correction"": ""bb""}, {""token"": ""marém"", ""category"": ""informal_wolof"", ""selected_candidate"": ""maree"", ""final_correction"": ""marém""}]"
487,pour la premiére fois ma bagne marichou si serié,mu may lay première fois maa bagne marichou ci série,pour la première fois ma bañ marichou ci série,keep,https://www.youtube.com/watch?v=Myd-Gg4Mhck,"[{""token"": ""pour"", ""category"": ""ambiguous_cognate"", ""selected_candidate"": ""pour"", ""final_correction"": ""pour""}, {""token"": ""la"", ""category"": ""ambiguous_cognate"", ""selected_candidate"": ""la"", ""final_correction"": ""la""}, {""token"": ""premiére"", ""category"": ""informal_wolof"", ""selected_candidate"": ""première"", ""final_correction"": ""première""}, {""token"": ""fois"", ""category"": ""french_native"", ""selected_candidate"": ""fois"", ""final_correction"": ""fois""}, {""token"": ""ma"", ""category"": ""ambiguous_cognate"", ""selected_candidate"": ""ma"", ""final_correction"": ""ma""}, {""token"": ""bagne"", ""category"": ""french_native"", ""selected_candidate"": ""bagne"", ""final_correction"": ""bañ""}, {""token"": ""marichou"", ""category"": ""informal_wolof"", ""selected_candidate"": ""marichou"", ""final_correction"": ""marichou""}, {""token"": ""si"", ""category"": ""ambiguous_cognate"", ""selected_candidate"": ""ci"", ""final_correction"": ""ci""}, {""token"": ""serié"", ""category"": ""informal_wolof"", ""selected_candidate"": ""série"", ""final_correction"": ""série""}]"
3363,sallalahou alla mouhamad saw notre bien aimé,sallalahou alla muhamadu saw notre bien aimé,sallalahou alla muhamadu saw notre bien aimé,discard_uninteresting,https://www.youtube.com/watch?v=l6b5aJIqeNo,"[{""token"": ""sallalahou"", ""category"": ""informal_wolof"", ""selected_candidate"": ""sallalahou"", ""final_correction"": ""sallalahou""}, {""token"": ""alla"", ""category"": ""french_native"", ""selected_candidate"": ""alla"", ""final_correction"": ""alla""}, {""token"": ""mouhamad"", ""category"": ""informal_wolof"", ""selected_candidate"": ""muhamadu"", ""final_correction"": ""muhamadu""}, {""token"": ""saw"", ""category"": ""wolof_formal"", ""selected_candidate"": ""saw"", ""final_correction"": ""saw""}, {""token"": ""notre"", ""category"": ""ambiguous_cognate"", ""selected_candidate"": ""notre"", ""final_correction"": ""notre""}, {""token"": ""bien"", ""category"": ""ambiguous_cognate"", ""selected_candidate"": ""bien"", ""final_correction"": ""bien""}, {""token"": ""aimé"", ""category"": ""french_native"", ""selected_candidate"": ""aimé"", ""final_correction"": ""aimé""}]"
3521,mais song bi kouko way li nekh na,mais song bi kokko waay lii neex na,mais song bi ku ko way lii neex na,keep,https://www.youtube.com/watch?v=8CAy6LdHR4M,"[{""token"": ""mais"", ""category"": ""ambiguous_cognate"", ""selected_candidate"": ""mais"", ""final_correction"": ""mais""}, {""token"": ""song"", ""category"": ""ambiguous_cognate"", ""selected_candidate"": ""song"", ""final_correction"": ""song""}, {""token"": ""bi"", ""category"": ""ambiguous_cognate"", ""selected_candidate"": ""bi"", ""final_correction"": ""bi""}, {""token"": ""kouko"", ""category"": ""informal_wolof"", ""selected_candidate"": ""kokko"", ""final_correction"": ""ku ko""}, {""token"": ""way"", ""category"": ""wolof_formal"", ""selected_candidate"": ""way"", ""final_correction"": ""way""}, {""token"": ""li"", ""category"": ""ambiguous_cognate"", ""selected_candidate"": ""lii"", ""final_correction"": ""lii""}, {""token"": ""nekh"", ""category"": ""informal_wolof"", ""selected_candidate"": ""neex"", ""final_correction"": ""neex""}, {""token"": ""na"", ""category"": ""ambiguous_cognate"", ""selected_candidate"": ""na"", ""final_correction"": ""na""}]"
5871,bakir da soukou yennn,bakir da soukou yenen,bakir da sukk yeen,keep,https://www.youtube.com/watch?v=wMOsSBNV-iI,"[{""token"": ""bakir"", ""category"": ""informal_wolof"", ""selected_candidate"": ""bakir"", ""final_correction"": ""bakir""}, {""token"": ""da"", ""category"": ""ambiguous_cognate"", ""selected_candidate"": ""da"", ""final_correction"": ""da""}, {""token"": ""soukou"", ""category"": ""ambiguous_cognate"", ""selected_candidate"": ""soukou"", ""final_correction"": ""sukk""}, {""token"": ""yennn"", ""category"": ""informal_wolof"", ""selected_candidate"": ""yenen"", ""final_correction"": ""yeen""}]"
10000,​ té dou wakhé dank,té du waxé dank,té du waxee ndànk,keep,https://www.youtube.com/watch?v=qTmXYJn3bTk,"[{""token"": ""té"", ""category"": ""ambiguous_cognate"", ""selected_candidate"": ""té"", ""final_correction"": ""té""}, {""token"": ""dou"", ""category"": ""french_native"", ""selected_candidate"": ""du"", ""final_correction"": ""du""}, {""token"": ""wakhé"", ""category"": ""informal_wolof"", ""selected_candidate"": ""waxee"", ""final_correction"": ""waxee""}, {""token"": ""dank"", ""category"": ""wolof_formal"", ""selected_candidate"": ""dank"", ""final_correction"": ""ndànk""}]"
3364,mareme commence à me saouler ahhh mais adji devait sortir de cette mariage au plus vite,maree commence à me saouler ahhh mais adji waroon génn dee cette mariage au plus vite,maree commence à me saouler ahhh mais adji waroon génn dee cette mariage au plus vite,discard_false_positive,https://www.youtube.com/watch?v=l6b5aJIqeNo,"[{""token"": ""mareme"", ""category"": ""informal_wolof"", ""selected_candidate"": ""maree"", ""final_correction"": ""mareme""}, {""token"": ""commence"", ""category"": ""french_native"", ""selected_candidate"": ""commence"", ""final_correction"": ""commence""}, {""token"": ""à"", ""category"": ""ambiguous_cognate"", ""selected_candidate"": ""à"", ""final_correction"": ""à""}, {""token"": ""me"", ""category"": ""ambiguous_cognate"", ""selected_candidate"": ""me"", ""final_correction"": ""me""}, {""token"": ""saouler"", ""category"": ""french_native"", ""selected_candidate"": ""saouler"", ""final_correction"": ""saouler""}, {""token"": ""ahhh"", ""category"": ""informal_wolof"", ""selected_candidate"": ""ahhh"", ""final_correction"": ""ahhh""}, {""token"": ""mais"", ""category"": ""ambiguous_cognate"", ""selected_candidate"": ""mais"", ""final_correction"": ""mais""}, {""token"": ""adji"", ""category"": ""french_native"", ""selected_candidate"": ""adji"", ""final_correction"": ""adji""}, {""token"": ""devait"", ""category"": ""french_substituted"", ""selected_candidate"": ""waroon"", ""final_correction"": ""waroon""}, {""token"": ""sortir"", ""category"": ""french_substituted"", ""selected_candidate"": ""génn"", ""final_correction"": ""génn""}, {""token"": ""de"", ""category"": ""ambiguous_cognate"", ""selected_candidate"": ""dee"", ""final_correction"": ""dee""}, {""token"": ""cette"", ""category"": ""ambiguous_cognate"", ""selected_candidate"": ""cette"", ""final_correction"": ""cette""}, {""token"": ""mariage"", ""category"": ""french_native"", ""selected_candidate"": ""mariage"", ""final_correction"": ""mariage""}, {""token"": ""au"", ""category"": ""ambiguous_cognate"", ""selected_candidate"": ""au"", ""final_correction"": ""au""}, {""token"": ""plus"", ""category"": ""ambiguous_cognate"", ""selected_candidate"": ""plus"", ""final_correction"": ""plus""}, {""token"": ""vite"", ""category"": ""french_native"", ""selected_candidate"": ""vite"", ""final_correction"": ""vite""}]"
3524,nou temps bi katttt kattt dina deggg pdg,ñu temps bi kàttit kàttit dina deggo pdg,ñu temps bi kàttit kàttit dina deggo pdg,skip_uncertain,https://www.youtube.com/watch?v=8CAy6LdHR4M,"[{""token"": ""nou"", ""category"": ""french_native"", ""selected_candidate"": ""ñu"", ""final_correction"": ""ñu""}, {""token"": ""temps"", ""category"": ""ambiguous_cognate"", ""selected_candidate"": ""temps"", ""final_correction"": ""temps""}, {""token"": ""bi"", ""category"": ""ambiguous_cognate"", ""selected_candidate"": ""bi"", ""final_correction"": ""bi""}, {""token"": ""katttt"", ""category"": ""informal_wolof"", ""selected_candidate"": ""kàttit"", ""final_correction"": ""kàttit""}, {""token"": ""kattt"", ""category"": ""informal_wolof"", ""selected_candidate"": ""kàttit"", ""final_correction"": ""kàttit""}, {""token"": ""dina"", ""category"": ""ambiguous_cognate"", ""selected_candidate"": ""dina"", ""final_correction"": ""dina""}, {""token"": ""deggg"", ""category"": ""informal_wolof"", ""selected_candidate"": ""deggo"", ""final_correction"": ""deggo""}, {""token"": ""pdg"", ""category"": ""french_native"", ""selected_candidate"": ""pdg"", ""final_correction"": ""pdg""}]"
5875,doff bou rafet ndeysann,doff bu rafet ndeysaan,dof bu rafet ndeysaan,keep,https://www.youtube.com/watch?v=wMOsSBNV-iI,"[{""token"": ""doff"", ""category"": ""wolof_formal"", ""selected_candidate"": ""doff"", ""final_correction"": ""dof""}, {""token"": ""bou"", ""category"": ""ambiguous_cognate"", ""selected_candidate"": ""bu"", ""final_correction"": ""bu""}, {""token"": ""rafet"", ""category"": ""wolof_formal"", ""selected_candidate"": ""rafet"", ""final_correction"": ""rafet""}, {""token"": ""ndeysann"", ""category"": ""informal_wolof"", ""selected_candidate"": ""ndeysaan"", ""final_correction"": ""ndeysaan""}]"
10002,"non seulement elle est mauvaise, mais j'ai remarqué que dafa gueuneu bari wakh légui, mbété kou woneu radio ! elle est devenue ridicule au final.....",non seulement elle est mauvaise mais yima remarqué que dafa gueuneu bari wax léegi mbete ku woneb radio elle est devenue ridicule au final,non seulement elle est mauvaise mais yima remarqué que dafa gueuneu bari wax léegi mbete ku woneb radio elle est devenue ridicule au final,discard_uninteresting,https://www.youtube.com/watch?v=qTmXYJn3bTk,"[{""token"": ""non"", ""category"": ""ambiguous_cognate"", ""selected_candidate"": ""non"", ""final_correction"": ""non""}, {""token"": ""seulement"", ""category"": ""french_native"", ""selected_candidate"": ""seulement"", ""final_correction"": ""seulement""}, {""token"": ""elle"", ""category"": ""ambiguous_cognate"", ""selected_candidate"": ""elle"", ""final_correction"": ""elle""}, {""token"": ""est"", ""category"": ""ambiguous_cognate"", ""selected_candidate"": ""est"", ""final_correction"": ""est""}, {""token"": ""mauvaise"", ""category"": ""french_native"", ""selected_candidate"": ""mauvaise"", ""final_correction"": ""mauvaise""}, {""token"": ""mais"", ""category"": ""ambiguous_cognate"", ""selected_candidate"": ""mais"", ""final_correction"": ""mais""}, {""token"": ""j'ai"", ""category"": ""french_substituted"", ""selected_candidate"": ""yima"", ""final_correction"": ""yima""}, {""token"": ""remarqué"", ""category"": ""french_native"", ""selected_candidate"": ""remarqué"", ""final_correction"": ""remarqué""}, {""token"": ""que"", ""category"": ""ambiguous_cognate"", ""selected_candidate"": ""que"", ""final_correction"": ""que""}, {""token"": ""dafa"", ""category"": ""ambiguous_cognate"", ""selected_candidate"": ""dafa"", ""final_correction"": ""dafa""}, {""token"": ""gueuneu"", ""category"": ""informal_wolof"", ""selected_candidate"": ""gueuneu"", ""final_correction"": ""gueuneu""}, {""token"": ""bari"", ""category"": ""ambiguous_cognate"", ""selected_candidate"": ""bari"", ""final_correction"": ""bari""}, {""token"": ""wakh"", ""category"": ""french_native"", ""selected_candidate"": ""wax"", ""final_correction"": ""wax""}, {""token"": ""légui"", ""category"": ""wolof_formal"", ""selected_candidate"": ""léegi"", ""final_correction"": ""léegi""}, {""token"": ""mbété"", ""category"": ""informal_wolof"", ""selected_candidate"": ""mbete"", ""final_correction"": ""mbete""}, {""token"": ""kou"", ""category"": ""informal_wolof"", ""selected_candidate"": ""ku"", ""final_correction"": ""ku""}, {""token"": ""woneu"", ""category"": ""informal_wolof"", ""selected_candidate"": ""woneb"", ""final_correction"": ""woneb""}, {""token"": ""radio"", ""category"": ""ambiguous_cognate"", ""selected_candidate"": ""radio"", ""final_correction"": ""radio""}, {""token"": ""elle"", ""category"": ""ambiguous_cognate"", ""selected_candidate"": ""elle"", ""final_correction"": ""elle""}, {""token"": ""est"", ""category"": ""ambiguous_cognate"", ""selected_candidate"": ""est"", ""final_correction"": ""est""}, {""token"": ""devenue"", ""category"": ""french_native"", ""selected_candidate"": ""devenue"", ""final_correction"": ""devenue""}, {""token"": ""ridicule"", ""category"": ""french_native"", ""selected_candidate"": ""ridicule"", ""final_correction"": ""ridicule""}, {""token"": ""au"", ""category"": ""ambiguous_cognate"", ""selected_candidate"": ""au"", ""final_correction"": ""au""}, {""token"": ""final"", ""category"": ""ambiguous_cognate"", ""selected_candidate"": ""final"", ""final_correction"": ""final""}]"
3365,cou d'acore né amy lea a révé rek lalal jaime bigami,ku d'acore né amy laa a relé rek laalal jame bégati,ku d'acore né amy laa a relé rek laalal jame bégati,skip_uncertain,https://www.youtube.com/watch?v=l6b5aJIqeNo,"[{""token"": ""cou"", ""category"": ""french_native"", ""selected_candidate"": ""ku"", ""final_correction"": ""ku""}, {""token"": ""d'acore"", ""category"": ""informal_wolof"", ""selected_candidate"": ""d'acore"", ""final_correction"": ""d'acore""}, {""token"": ""né"", ""category"": ""ambiguous_cognate"", ""selected_candidate"": ""né"", ""final_correction"": ""né""}, {""token"": ""amy"", ""category"": ""ambiguous_cognate"", ""selected_candidate"": ""amy"", ""final_correction"": ""amy""}, {""token"": ""lea"", ""category"": ""informal_wolof"", ""selected_candidate"": ""laa"", ""final_correction"": ""laa""}, {""token"": ""a"", ""category"": ""ambiguous_cognate"", ""selected_candidate"": ""a"", ""final_correction"": ""a""}, {""token"": ""révé"", ""category"": ""informal_wolof"", ""selected_candidate"": ""relé"", ""final_correction"": ""relé""}, {""token"": ""rek"", ""category"": ""ambiguous_cognate"", ""selected_candidate"": ""rek"", ""final_correction"": ""rek""}, {""token"": ""lalal"", ""category"": ""wolof_formal"", ""selected_candidate"": ""laalal"", ""final_correction"": ""laalal""}, {""token"": ""jaime"", ""category"": ""informal_wolof"", ""selected_candidate"": ""jame"", ""final_correction"": ""jame""}, {""token"": ""bigami"", ""category"": ""informal_wolof"", ""selected_candidate"": ""bégati"", ""final_correction"": ""bégati""}]"
3526,rokhaya love rokhaya anna séne,rokhaya love rokhaya anna néne,rokhaya love rokhaya anna néne,discard_uninteresting,https://www.youtube.com/watch?v=8CAy6LdHR4M,"[{""token"": ""rokhaya"", ""category"": ""informal_wolof"", ""selected_candidate"": ""rokhaya"", ""final_correction"": ""rokhaya""}, {""token"": ""love"", ""category"": ""ambiguous_cognate"", ""selected_candidate"": ""love"", ""final_correction"": ""love""}, {""token"": ""rokhaya"", ""category"": ""informal_wolof"", ""selected_candidate"": ""rokhaya"", ""final_correction"": ""rokhaya""}, {""token"": ""anna"", ""category"": ""ambiguous_cognate"", ""selected_candidate"": ""anna"", ""final_correction"": ""anna""}, {""token"": ""séne"", ""category"": ""informal_wolof"", ""selected_candidate"": ""néne"", ""final_correction"": ""néne""}]"
5876,me too amen sweet,me tóo amen sweet,me tóo amen sweet,discard_uninteresting,https://www.youtube.com/watch?v=wMOsSBNV-iI,"[{""token"": ""me"", ""category"": ""ambiguous_cognate"", ""selected_candidate"": ""me"", ""final_correction"": ""me""}, {""token"": ""too"", ""category"": ""informal_wolof"", ""selected_candidate"": ""tóo"", ""final_correction"": ""tóo""}, {""token"": ""amen"", ""category"": ""french_native"", ""selected_candidate"": ""amen"", ""final_correction"": ""amen""}, {""token"": ""sweet"", ""category"": ""french_native"", ""selected_candidate"": ""sweet"", ""final_correction"": ""sweet""}]"
10003,cachet wam mo wara diekh. sokhna ak salimata legui niou diepiko,cachet wam moo wara jeex soxna ak salemata léegi ñu diepiko,cachet wam moo wara jeex sokhna ak salimata léegi ñu jéppi ko,keep,https://www.youtube.com/watch?v=qTmXYJn3bTk,"[{""token"": ""cachet"", ""category"": ""ambiguous_cognate"", ""selected_candidate"": ""cachet"", ""final_correction"": ""cachet""}, {""token"": ""wam"", ""category"": ""wolof_formal"", ""selected_candidate"": ""wam"", ""final_correction"": ""wam""}, {""token"": ""mo"", ""category"": ""ambiguous_cognate"", ""selected_candidate"": ""moo"", ""final_correction"": ""moo""}, {""token"": ""wara"", ""category"": ""wolof_formal"", ""selected_candidate"": ""wara"", ""final_correction"": ""wara""}, {""token"": ""diekh"", ""category"": ""informal_wolof"", ""selected_candidate"": ""jeex"", ""final_correction"": ""jeex""}, {""token"": ""sokhna"", ""category"": ""french_substituted"", ""selected_candidate"": ""sokhna"", ""final_correction"": ""sokhna""}, {""token"": ""ak"", ""category"": ""ambiguous_cognate"", ""selected_candidate"": ""ak"", ""final_correction"": ""ak""}, {""token"": ""salimata"", ""category"": ""informal_wolof"", ""selected_candidate"": ""salimata"", ""final_correction"": ""salimata""}, {""token"": ""legui"", ""category"": ""wolof_formal"", ""selected_candidate"": ""léegi"", ""final_correction"": ""léegi""}, {""token"": ""niou"", ""category"": ""ambiguous_cognate"", ""selected_candidate"": ""ñu"", ""final_correction"": ""ñu""}, {""token"": ""diepiko"", ""category"": ""informal_wolof"", ""selected_candidate"": ""diepiko"", ""final_correction"": ""jéppi ko""}]"
3366,mareme mom dey forcer trop vraiment amoufi place,maree mom dey forcer trop vraiment amoul place,mareme moom dey forcer trop vraiment amu fi place,keep,https://www.youtube.com/watch?v=l6b5aJIqeNo,"[{""token"": ""mareme"", ""category"": ""informal_wolof"", ""selected_candidate"": ""mareme"", ""final_correction"": ""mareme""}, {""token"": ""mom"", ""category"": ""wolof_formal"", ""selected_candidate"": ""mom"", ""final_correction"": ""moom""}, {""token"": ""dey"", ""category"": ""ambiguous_cognate"", ""selected_candidate"": ""dey"", ""final_correction"": ""dey""}, {""token"": ""forcer"", ""category"": ""french_native"", ""selected_candidate"": ""forcer"", ""final_correction"": ""forcer""}, {""token"": ""trop"", ""category"": ""french_native"", ""selected_candidate"": ""trop"", ""final_correction"": ""trop""}, {""token"": ""vraiment"", ""category"": ""french_native"", ""selected_candidate"": ""vraiment"", ""final_correction"": ""vraiment""}, {""token"": ""amoufi"", ""category"": ""informal_wolof"", ""selected_candidate"": ""amoul"", ""final_correction"": ""amu fi""}, {""token"": ""place"", ""category"": ""ambiguous_cognate"", ""selected_candidate"": ""place"", ""final_correction"": ""place""}]"
3530,mahmoud diana diana,mahmoud daana daana,mahmoud daana daana,discard_uninteresting,https://www.youtube.com/watch?v=8CAy6LdHR4M,"[{""token"": ""mahmoud"", ""category"": ""ambiguous_cognate"", ""selected_candidate"": ""mahmoud"", ""final_correction"": ""mahmoud""}, {""token"": ""diana"", ""category"": ""informal_wolof"", ""selected_candidate"": ""daana"", ""final_correction"": ""daana""}, {""token"": ""diana"", ""category"": ""informal_wolof"", ""selected_candidate"": ""daana"", ""final_correction"": ""daana""}]"
5877,awa cheikh nekoul si benn yoon,awa seex nekkul ci benn yoon,awa cheikh nekkul ci benn yoon,keep,https://www.youtube.com/watch?v=wMOsSBNV-iI,"[{""token"": ""awa"", ""category"": ""ambiguous_cognate"", ""selected_candidate"": ""awa"", ""final_correction"": ""awa""}, {""token"": ""cheikh"", ""category"": ""french_substituted"", ""selected_candidate"": ""cheikh"", ""final_correction"": ""cheikh""}, {""token"": ""nekoul"", ""category"": ""informal_wolof"", ""selected_candidate"": ""nekkul"", ""final_correction"": ""nekkul""}, {""token"": ""si"", ""category"": ""ambiguous_cognate"", ""selected_candidate"": ""ci"", ""final_correction"": ""ci""}, {""token"": ""benn"", ""category"": ""ambiguous_cognate"", ""selected_candidate"": ""benn"", ""final_correction"": ""benn""}, {""token"": ""yoon"", ""category"": ""ambiguous_cognate"", ""selected_candidate"": ""yoon"", ""final_correction"": ""yoon""}]"
10004,da wa ra décédé si films bi,da waa ra décédé ci film bi,da waa ra décédé ci film bi,skip_uncertain,https://www.youtube.com/watch?v=qTmXYJn3bTk,"[{""token"": ""da"", ""category"": ""ambiguous_cognate"", ""selected_candidate"": ""da"", ""final_correction"": ""da""}, {""token"": ""wa"", ""category"": ""ambiguous_cognate"", ""selected_candidate"": ""waa"", ""final_correction"": ""waa""}, {""token"": ""ra"", ""category"": ""ambiguous_cognate"", ""selected_candidate"": ""ra"", ""final_correction"": ""ra""}, {""token"": ""décédé"", ""category"": ""french_native"", ""selected_candidate"": ""décédé"", ""final_correction"": ""décédé""}, {""token"": ""si"", ""category"": ""ambiguous_cognate"", ""selected_candidate"": ""ci"", ""final_correction"": ""ci""}, {""token"": ""films"", ""category"": ""french_substituted"", ""selected_candidate"": ""film"", ""final_correction"": ""film""}, {""token"": ""bi"", ""category"": ""ambiguous_cognate"", ""selected_candidate"": ""bi"", ""final_correction"": ""bi""}]"
3367,tay mou nekhmaniko xamgua lanla taymou nekh,tay mu nekhmaniko xamnaa lanla tayiru neex,tay mu nekhmaniko xamnaa lanla tayiru neex,skip_uncertain,https://www.youtube.com/watch?v=l6b5aJIqeNo,"[{""token"": ""tay"", ""category"": ""ambiguous_cognate"", ""selected_candidate"": ""tay"", ""final_correction"": ""tay""}, {""token"": ""mou"", ""category"": ""ambiguous_cognate"", ""selected_candidate"": ""mu"", ""final_correction"": ""mu""}, {""token"": ""nekhmaniko"", ""category"": ""informal_wolof"", ""selected_candidate"": ""nekhmaniko"", ""final_correction"": ""nekhmaniko""}, {""token"": ""xamgua"", ""category"": ""informal_wolof"", ""selected_candidate"": ""xamnaa"", ""final_correction"": ""xamnaa""}, {""token"": ""lanla"", ""category"": ""wolof_formal"", ""selected_candidate"": ""lanla"", ""final_correction"": ""lanla""}, {""token"": ""taymou"", ""category"": ""informal_wolof"", ""selected_candidate"": ""tayiru"", ""final_correction"": ""tayiru""}, {""token"": ""nekh"", ""category"": ""informal_wolof"", ""selected_candidate"": ""neex"", ""final_correction"": ""neex""}]"
3532,lèp paye lèrr darra dou dess,lep paye derr darra du dess,lep paye derr darra du dess,skip_uncertain,https://www.youtube.com/watch?v=8CAy6LdHR4M,"[{""token"": ""lèp"", ""category"": ""informal_wolof"", ""selected_candidate"": ""lep"", ""final_correction"": ""lep""}, {""token"": ""paye"", ""category"": ""french_native"", ""selected_candidate"": ""paye"", ""final_correction"": ""paye""}, {""token"": ""lèrr"", ""category"": ""informal_wolof"", ""selected_candidate"": ""derr"", ""final_correction"": ""derr""}, {""token"": ""darra"", ""category"": ""wolof_formal"", ""selected_candidate"": ""darra"", ""final_correction"": ""darra""}, {""token"": ""dou"", ""category"": ""french_native"", ""selected_candidate"": ""du"", ""final_correction"": ""du""}, {""token"": ""dess"", ""category"": ""wolof_formal"", ""selected_candidate"": ""dess"", ""final_correction"": ""dess""}]"
5878,non bakir réw n’a,non bakir réw n a,non bakir réw n a,discard_uninteresting,https://www.youtube.com/watch?v=wMOsSBNV-iI,"[{""token"": ""non"", ""category"": ""ambiguous_cognate"", ""selected_candidate"": ""non"", ""final_correction"": ""non""}, {""token"": ""bakir"", ""category"": ""informal_wolof"", ""selected_candidate"": ""bakir"", ""final_correction"": ""bakir""}, {""token"": ""réw"", ""category"": ""wolof_formal"", ""selected_candidate"": ""réw"", ""final_correction"": ""réw""}, {""token"": ""n"", ""category"": ""ambiguous_cognate"", ""selected_candidate"": ""n"", ""final_correction"": ""n""}, {""token"": ""a"", ""category"": ""ambiguous_cognate"", ""selected_candidate"": ""a"", ""final_correction"": ""a""}]"
10005,nimako diépé sakh da eupeu,nimaro dippe sax da eupeu,ni ma ko jéppe sax da ëpp,keep,https://www.youtube.com/watch?v=qTmXYJn3bTk,"[{""token"": ""nimako"", ""category"": ""informal_wolof"", ""selected_candidate"": ""nimaro"", ""final_correction"": ""ni ma ko""}, {""token"": ""diépé"", ""category"": ""informal_wolof"", ""selected_candidate"": ""dippe"", ""final_correction"": ""jéppe""}, {""token"": ""sakh"", ""category"": ""informal_wolof"", ""selected_candidate"": ""sax"", ""final_correction"": ""sax""}, {""token"": ""da"", ""category"": ""ambiguous_cognate"", ""selected_candidate"": ""da"", ""final_correction"": ""da""}, {""token"": ""eupeu"", ""category"": ""informal_wolof"", ""selected_candidate"": ""eupeu"", ""final_correction"": ""ëpp""}]"
3368,j’ai tellement pitié de la femme de serigne ndiaye,j ai tellement yërëm dee lay femme dee sëriñ njaay,j ai tellement yërëm dee lay femme dee sëriñ njaay,discard_false_positive,https://www.youtube.com/watch?v=l6b5aJIqeNo,"[{""token"": ""j"", ""category"": ""ambiguous_cognate"", ""selected_candidate"": ""j"", ""final_correction"": ""j""}, {""token"": ""ai"", ""category"": ""ambiguous_cognate"", ""selected_candidate"": ""ai"", ""final_correction"": ""ai""}, {""token"": ""tellement"", ""category"": ""french_native"", ""selected_candidate"": ""tellement"", ""final_correction"": ""tellement""}, {""token"": ""pitié"", ""category"": ""french_substituted"", ""selected_candidate"": ""yërëm"", ""final_correction"": ""yërëm""}, {""token"": ""de"", ""category"": ""ambiguous_cognate"", ""selected_candidate"": ""dee"", ""final_correction"": ""dee""}, {""token"": ""la"", ""category"": ""ambiguous_cognate"", ""selected_candidate"": ""lay"", ""final_correction"": ""lay""}, {""token"": ""femme"", ""category"": ""ambiguous_cognate"", ""selected_candidate"": ""femme"", ""final_correction"": ""femme""}, {""token"": ""de"", ""category"": ""ambiguous_cognate"", ""selected_candidate"": ""dee"", ""final_correction"": ""dee""}, {""token"": ""serigne"", ""category"": ""french_substituted"", ""selected_candidate"": ""sëriñ"", ""final_correction"": ""sëriñ""}, {""token"": ""ndiaye"", ""category"": ""french_substituted"", ""selected_candidate"": ""njaay"", ""final_correction"": ""njaay""}]"
3533,bousso très mature,bousso très mature,bousso très mature,discard_false_positive,https://www.youtube.com/watch?v=8CAy6LdHR4M,"[{""token"": ""bousso"", ""category"": ""french_native"", ""selected_candidate"": ""bousso"", ""final_correction"": ""bousso""}, {""token"": ""très"", ""category"": ""french_native"", ""selected_candidate"": ""très"", ""final_correction"": ""très""}, {""token"": ""mature"", ""category"": ""french_native"", ""selected_candidate"": ""mature"", ""final_correction"": ""mature""}]"
5879,doff bu reww,dof bu leww,dof bu reew,keep,https://www.youtube.com/watch?v=wMOsSBNV-iI,"[{""token"": ""doff"", ""category"": ""wolof_formal"", ""selected_candidate"": ""dof"", ""final_correction"": ""dof""}, {""token"": ""bu"", ""category"": ""ambiguous_cognate"", ""selected_candidate"": ""bu"", ""final_correction"": ""bu""}, {""token"": ""reww"", ""category"": ""informal_wolof"", ""selected_candidate"": ""reew"", ""final_correction"": ""reew""}]"
10006,lal na j’aime ️,lal na j aime,lal na j aime,discard_uninteresting,https://www.youtube.com/watch?v=qTmXYJn3bTk,"[{""token"": ""lal"", ""category"": ""ambiguous_cognate"", ""selected_candidate"": ""lal"", ""final_correction"": ""lal""}, {""token"": ""na"", ""category"": ""ambiguous_cognate"", ""selected_candidate"": ""na"", ""final_correction"": ""na""}, {""token"": ""j"", ""category"": ""ambiguous_cognate"", ""selected_candidate"": ""j"", ""final_correction"": ""j""}, {""token"": ""aime"", ""category"": ""french_native"", ""selected_candidate"": ""aime"", ""final_correction"": ""aime""}]"
3369,diainaba ak woolou wouma lén,diainaba ak wooloo wooma leen,diainaba ak wooloo wooma leen,skip_uncertain,https://www.youtube.com/watch?v=l6b5aJIqeNo,"[{""token"": ""diainaba"", ""category"": ""informal_wolof"", ""selected_candidate"": ""diainaba"", ""final_correction"": ""diainaba""}, {""token"": ""ak"", ""category"": ""ambiguous_cognate"", ""selected_candidate"": ""ak"", ""final_correction"": ""ak""}, {""token"": ""woolou"", ""category"": ""informal_wolof"", ""selected_candidate"": ""wooloo"", ""final_correction"": ""wooloo""}, {""token"": ""wouma"", ""category"": ""informal_wolof"", ""selected_candidate"": ""wooma"", ""final_correction"": ""wooma""}, {""token"": ""lén"", ""category"": ""informal_wolof"", ""selected_candidate"": ""leen"", ""final_correction"": ""leen""}]"
3534,amdy ioe amdy ioe diémo dra,amdy ice amdy ice diego daa,amdy yow amdy yow jéemo dara,keep,https://www.youtube.com/watch?v=8CAy6LdHR4M,"[{""token"": ""amdy"", ""category"": ""french_native"", ""selected_candidate"": ""amdy"", ""final_correction"": ""amdy""}, {""token"": ""ioe"", ""category"": ""informal_wolof"", ""selected_candidate"": ""ice"", ""final_correction"": ""yow""}, {""token"": ""amdy"", ""category"": ""french_native"", ""selected_candidate"": ""amdy"", ""final_correction"": ""amdy""}, {""token"": ""ioe"", ""category"": ""informal_wolof"", ""selected_candidate"": ""ice"", ""final_correction"": ""yow""}, {""token"": ""diémo"", ""category"": ""informal_wolof"", ""selected_candidate"": ""diego"", ""final_correction"": ""jéemo""}, {""token"": ""dra"", ""category"": ""informal_wolof"", ""selected_candidate"": ""dara"", ""final_correction"": ""dara""}]"
5880,mais bakir défoulé dara dh,mais bakir défoulé dara ah,mais bakir défoulé dara ah,discard_uninteresting,https://www.youtube.com/watch?v=wMOsSBNV-iI,"[{""token"": ""mais"", ""category"": ""ambiguous_cognate"", ""selected_candidate"": ""mais"", ""final_correction"": ""mais""}, {""token"": ""bakir"", ""category"": ""informal_wolof"", ""selected_candidate"": ""bakir"", ""final_correction"": ""bakir""}, {""token"": ""défoulé"", ""category"": ""french_native"", ""selected_candidate"": ""défoulé"", ""final_correction"": ""défoulé""}, {""token"": ""dara"", ""category"": ""ambiguous_cognate"", ""selected_candidate"": ""dara"", ""final_correction"": ""dara""}, {""token"": ""dh"", ""category"": ""informal_wolof"", ""selected_candidate"": ""ah"", ""final_correction"": ""ah""}]"
10007,maman oumy mome rk lay bagna guis,maman oumy moom rek lay bagna gis,maman oumy moom rek laay baña gis,keep,https://www.youtube.com/watch?v=qTmXYJn3bTk,"[{""token"": ""maman"", ""category"": ""french_native"", ""selected_candidate"": ""maman"", ""final_correction"": ""maman""}, {""token"": ""oumy"", ""category"": ""informal_wolof"", ""selected_candidate"": ""oumy"", ""final_correction"": ""oumy""}, {""token"": ""mome"", ""category"": ""informal_wolof"", ""selected_candidate"": ""moom"", ""final_correction"": ""moom""}, {""token"": ""rk"", ""category"": ""informal_wolof"", ""selected_candidate"": ""rek"", ""final_correction"": ""rek""}, {""token"": ""lay"", ""category"": ""ambiguous_cognate"", ""selected_candidate"": ""lay"", ""final_correction"": ""laay""}, {""token"": ""bagna"", ""category"": ""wolof_formal"", ""selected_candidate"": ""bagna"", ""final_correction"": ""baña""}, {""token"": ""guis"", ""category"": ""french_native"", ""selected_candidate"": ""gis"", ""final_correction"": ""gis""}]"
3370,serigne lingaye dafe bagn nako serigne yakhe na adouna khalé bi lou takh nga koye takke ti beugo ko,sëriñ lingay dafe baan naa ko sëriñ yakke na adduna xale bi lu takh nga doye takke ti beugu ko,serigne li ngay def bañ naa ko serigne yàq na àdduna xale bi lu tax nga koye takk te bëggo ko,keep,https://www.youtube.com/watch?v=l6b5aJIqeNo,"[{""token"": ""serigne"", ""category"": ""french_substituted"", ""selected_candidate"": ""serigne"", ""final_correction"": ""serigne""}, {""token"": ""lingaye"", ""category"": ""informal_wolof"", ""selected_candidate"": ""lingay"", ""final_correction"": ""li ngay""}, {""token"": ""dafe"", ""category"": ""wolof_formal"", ""selected_candidate"": ""dafe"", ""final_correction"": ""def""}, {""token"": ""bagn"", ""category"": ""informal_wolof"", ""selected_candidate"": ""baan"", ""final_correction"": ""bañ""}, {""token"": ""nako"", ""category"": ""wolof_formal"", ""selected_candidate"": ""naa ko"", ""final_correction"": ""naa ko""}, {""token"": ""serigne"", ""category"": ""french_substituted"", ""selected_candidate"": ""serigne"", ""final_correction"": ""serigne""}, {""token"": ""yakhe"", ""category"": ""informal_wolof"", ""selected_candidate"": ""yakke"", ""final_correction"": ""yàq""}, {""token"": ""na"", ""category"": ""ambiguous_cognate"", ""selected_candidate"": ""na"", ""final_correction"": ""na""}, {""token"": ""adouna"", ""category"": ""informal_wolof"", ""selected_candidate"": ""àdduna"", ""final_correction"": ""àdduna""}, {""token"": ""khalé"", ""category"": ""informal_wolof"", ""selected_candidate"": ""xale"", ""final_correction"": ""xale""}, {""token"": ""bi"", ""category"": ""ambiguous_cognate"", ""selected_candidate"": ""bi"", ""final_correction"": ""bi""}, {""token"": ""lou"", ""category"": ""wolof_formal"", ""selected_candidate"": ""lu"", ""final_correction"": ""lu""}, {""token"": ""takh"", ""category"": ""french_native"", ""selected_candidate"": ""takh"", ""final_correction"": ""tax""}, {""token"": ""nga"", ""category"": ""ambiguous_cognate"", ""selected_candidate"": ""nga"", ""final_correction"": ""nga""}, {""token"": ""koye"", ""category"": ""informal_wolof"", ""selected_candidate"": ""koye"", ""final_correction"": ""koye""}, {""token"": ""takke"", ""category"": ""wolof_formal"", ""selected_candidate"": ""takke"", ""final_correction"": ""takk""}, {""token"": ""ti"", ""category"": ""wolof_formal"", ""selected_candidate"": ""ti"", ""final_correction"": ""te""}, {""token"": ""beugo"", ""category"": ""informal_wolof"", ""selected_candidate"": ""beugu"", ""final_correction"": ""bëggo""}, {""token"": ""ko"", ""category"": ""ambiguous_cognate"", ""selected_candidate"": ""ko"", ""final_correction"": ""ko""}]"
3535,ms papa ndiouguaaaah amna thiopati khalei bi deh,ms papa ndiouguaaaah amna thiopati khalid bi dee,ms papa ndiouguaaaah amna thiopati khalid bi dee,skip_uncertain,https://www.youtube.com/watch?v=8CAy6LdHR4M,"[{""token"": ""ms"", ""category"": ""ambiguous_cognate"", ""selected_candidate"": ""ms"", ""final_correction"": ""ms""}, {""token"": ""papa"", ""category"": ""ambiguous_cognate"", ""selected_candidate"": ""papa"", ""final_correction"": ""papa""}, {""token"": ""ndiouguaaaah"", ""category"": ""informal_wolof"", ""selected_candidate"": ""ndiouguaaaah"", ""final_correction"": ""ndiouguaaaah""}, {""token"": ""amna"", ""category"": ""wolof_formal"", ""selected_candidate"": ""amna"", ""final_correction"": ""amna""}, {""token"": ""thiopati"", ""category"": ""informal_wolof"", ""selected_candidate"": ""thiopati"", ""final_correction"": ""thiopati""}, {""token"": ""khalei"", ""category"": ""informal_wolof"", ""selected_candidate"": ""khalil"", ""final_correction"": ""khalil""}, {""token"": ""bi"", ""category"": ""ambiguous_cognate"", ""selected_candidate"": ""bi"", ""final_correction"": ""bi""}, {""token"": ""deh"", ""category"": ""informal_wolof"", ""selected_candidate"": ""dee"", ""final_correction"": ""dee""}]"
5883,amen way inchallah,amen waay inchallah,amen waay inchallah,discard_uninteresting,https://www.youtube.com/watch?v=wMOsSBNV-iI,"[{""token"": ""amen"", ""category"": ""french_native"", ""selected_candidate"": ""amen"", ""final_correction"": ""amen""}, {""token"": ""way"", ""category"": ""wolof_formal"", ""selected_candidate"": ""waay"", ""final_correction"": ""waay""}, {""token"": ""inchallah"", ""category"": ""french_native"", ""selected_candidate"": ""inchallah"", ""final_correction"": ""inchallah""}]"
10008,mére bi mo sof ba paré reuy lamign,mere bi moo soof ba pare reey lamin,mère bi moo soof ba pare réy làmmiñ,keep,https://www.youtube.com/watch?v=qTmXYJn3bTk,"[{""token"": ""mére"", ""category"": ""informal_wolof"", ""selected_candidate"": ""mère"", ""final_correction"": ""mère""}, {""token"": ""bi"", ""category"": ""ambiguous_cognate"", ""selected_candidate"": ""bi"", ""final_correction"": ""bi""}, {""token"": ""mo"", ""category"": ""ambiguous_cognate"", ""selected_candidate"": ""moo"", ""final_correction"": ""moo""}, {""token"": ""sof"", ""category"": ""wolof_formal"", ""selected_candidate"": ""soof"", ""final_correction"": ""soof""}, {""token"": ""ba"", ""category"": ""ambiguous_cognate"", ""selected_candidate"": ""ba"", ""final_correction"": ""ba""}, {""token"": ""paré"", ""category"": ""ambiguous_cognate"", ""selected_candidate"": ""pare"", ""final_correction"": ""pare""}, {""token"": ""reuy"", ""category"": ""informal_wolof"", ""selected_candidate"": ""réy"", ""final_correction"": ""réy""}, {""token"": ""lamign"", ""category"": ""informal_wolof"", ""selected_candidate"": ""lamin"", ""final_correction"": ""làmmiñ""}]"
3371,bass mo sonn lei bande annonce day gat wayei melni episode niama kham rek,bass moo sonn lei bande annonce day gat waaye melni episodu ngama xam rek,bass moo sonn lei bande annonce day gat waaye melni episodu ngama xam rek,skip_uncertain,https://www.youtube.com/watch?v=l6b5aJIqeNo,"[{""token"": ""bass"", ""category"": ""wolof_formal"", ""selected_candidate"": ""bass"", ""final_correction"": ""bass""}, {""token"": ""mo"", ""category"": ""ambiguous_cognate"", ""selected_candidate"": ""moo"", ""final_correction"": ""moo""}, {""token"": ""sonn"", ""category"": ""wolof_formal"", ""selected_candidate"": ""sonn"", ""final_correction"": ""sonn""}, {""token"": ""lei"", ""category"": ""french_native"", ""selected_candidate"": ""lei"", ""final_correction"": ""lei""}, {""token"": ""bande"", ""category"": ""french_native"", ""selected_candidate"": ""bande"", ""final_correction"": ""bande""}, {""token"": ""annonce"", ""category"": ""french_native"", ""selected_candidate"": ""annonce"", ""final_correction"": ""annonce""}, {""token"": ""day"", ""category"": ""ambiguous_cognate"", ""selected_candidate"": ""day"", ""final_correction"": ""day""}, {""token"": ""gat"", ""category"": ""wolof_formal"", ""selected_candidate"": ""gat"", ""final_correction"": ""gat""}, {""token"": ""wayei"", ""category"": ""informal_wolof"", ""selected_candidate"": ""waaye"", ""final_correction"": ""waaye""}, {""token"": ""melni"", ""category"": ""wolof_formal"", ""selected_candidate"": ""melni"", ""final_correction"": ""melni""}, {""token"": ""episode"", ""category"": ""informal_wolof"", ""selected_candidate"": ""episodu"", ""final_correction"": ""episodu""}, {""token"": ""niama"", ""category"": ""informal_wolof"", ""selected_candidate"": ""ngama"", ""final_correction"": ""ngama""}, {""token"": ""kham"", ""category"": ""informal_wolof"", ""selected_candidate"": ""xam"", ""final_correction"": ""xam""}, {""token"": ""rek"", ""category"": ""ambiguous_cognate"", ""selected_candidate"": ""rek"", ""final_correction"": ""rek""}]"
3537,lesgo from ména c'est moi️️,lesgo from mena c'est moi,lesgo from mena c'est moi,discard_false_positive,https://www.youtube.com/watch?v=8CAy6LdHR4M,"[{""token"": ""lesgo"", ""category"": ""informal_wolof"", ""selected_candidate"": ""lesgo"", ""final_correction"": ""lesgo""}, {""token"": ""from"", ""category"": ""french_native"", ""selected_candidate"": ""from"", ""final_correction"": ""from""}, {""token"": ""ména"", ""category"": ""informal_wolof"", ""selected_candidate"": ""mena"", ""final_correction"": ""mena""}, {""token"": ""c'est"", ""category"": ""french_native"", ""selected_candidate"": ""c'est"", ""final_correction"": ""c'est""}, {""token"": ""moi"", ""category"": ""ambiguous_cognate"", ""selected_candidate"": ""moi"", ""final_correction"": ""moi""}]"
5884,sama khel niagwna,sama kel niagara,sama xel ñaaw na,keep,https://www.youtube.com/watch?v=wMOsSBNV-iI,"[{""token"": ""sama"", ""category"": ""ambiguous_cognate"", ""selected_candidate"": ""sama"", ""final_correction"": ""sama""}, {""token"": ""khel"", ""category"": ""informal_wolof"", ""selected_candidate"": ""xel"", ""final_correction"": ""xel""}, {""token"": ""niagwna"", ""category"": ""informal_wolof"", ""selected_candidate"": ""niagara"", ""final_correction"": ""ñaaw na""}]"
10009,sama yaye deme n’a bayi ma fi,sama yaye deme n a bàyyi maa fi,sama yaye deme n a bàyyi maa fi,skip_uncertain,https://www.youtube.com/watch?v=qTmXYJn3bTk,"[{""token"": ""sama"", ""category"": ""ambiguous_cognate"", ""selected_candidate"": ""sama"", ""final_correction"": ""sama""}, {""token"": ""yaye"", ""category"": ""wolof_formal"", ""selected_candidate"": ""yaye"", ""final_correction"": ""yaye""}, {""token"": ""deme"", ""category"": ""wolof_formal"", ""selected_candidate"": ""deme"", ""final_correction"": ""deme""}, {""token"": ""n"", ""category"": ""ambiguous_cognate"", ""selected_candidate"": ""n"", ""final_correction"": ""n""}, {""token"": ""a"", ""category"": ""ambiguous_cognate"", ""selected_candidate"": ""a"", ""final_correction"": ""a""}, {""token"": ""bayi"", ""category"": ""wolof_formal"", ""selected_candidate"": ""bàyyi"", ""final_correction"": ""bàyyi""}, {""token"": ""ma"", ""category"": ""ambiguous_cognate"", ""selected_candidate"": ""maa"", ""final_correction"": ""maa""}, {""token"": ""fi"", ""category"": ""ambiguous_cognate"", ""selected_candidate"": ""fi"", ""final_correction"": ""fi""}]"
3372,lady diama ci bopam mo wara tadj bayam tadj imam bi tadj yayam tadj aladji tadj ce connard de bass neilen comme que da nguen ma done bara yeugo voila les résultats bass refuse de signer les papiers et aladji m'a épousé à nouveau. elle n'a rien n'a ce reprocher si elle l'avait fait depuis le début mais di baybayal ba kagn humm vraiment sen série bi m'énerve,lady daama ci boppam moo wara hadj banam hadj imam bi hadj fayam hadj aladji hadj ce connard dee bass abilen comme que da ngeen maa done bara yëgoo voila les résultats bass refuse dee signer les papiers et aladji m'a épousé à nouveau elle na dara na ce reprocher ci elle l'avait defee dale la début mais di baybayal ba kaan lumm vraiment sen série bi m'énerve,lady daama ci boppam moo wara hadj banam hadj imam bi hadj fayam hadj aladji hadj ce connard dee bass abilen comme que da ngeen maa done bara yëgoo voila les résultats bass refuse dee signer les papiers et aladji m'a épousé à nouveau elle na dara na ce reprocher ci elle l'avait defee dale la début mais di baybayal ba kaan lumm vraiment sen série bi m'énerve,skip_uncertain,https://www.youtube.com/watch?v=l6b5aJIqeNo,"[{""token"": ""lady"", ""category"": ""ambiguous_cognate"", ""selected_candidate"": ""lady"", ""final_correction"": ""lady""}, {""token"": ""diama"", ""category"": ""informal_wolof"", ""selected_candidate"": ""daama"", ""final_correction"": ""daama""}, {""token"": ""ci"", ""category"": ""ambiguous_cognate"", ""selected_candidate"": ""ci"", ""final_correction"": ""ci""}, {""token"": ""bopam"", ""category"": ""wolof_formal"", ""selected_candidate"": ""boppam"", ""final_correction"": ""boppam""}, {""token"": ""mo"", ""category"": ""ambiguous_cognate"", ""selected_candidate"": ""moo"", ""final_correction"": ""moo""}, {""token"": ""wara"", ""category"": ""wolof_formal"", ""selected_candidate"": ""wara"", ""final_correction"": ""wara""}, {""token"": ""tadj"", ""category"": ""informal_wolof"", ""selected_candidate"": ""hadj"", ""final_correction"": ""hadj""}, {""token"": ""bayam"", ""category"": ""informal_wolof"", ""selected_candidate"": ""banam"", ""final_correction"": ""banam""}, {""token"": ""tadj"", ""category"": ""informal_wolof"", ""selected_candidate"": ""hadj"", ""final_correction"": ""hadj""}, {""token"": ""imam"", ""category"": ""french_native"", ""selected_candidate"": ""imam"", ""final_correction"": ""imam""}, {""token"": ""bi"", ""category"": ""ambiguous_cognate"", ""selected_candidate"": ""bi"", ""final_correction"": ""bi""}, {""token"": ""tadj"", ""category"": ""informal_wolof"", ""selected_candidate"": ""hadj"", ""final_correction"": ""hadj""}, {""token"": ""yayam"", ""category"": ""informal_wolof"", ""selected_candidate"": ""fayam"", ""final_correction"": ""fayam""}, {""token"": ""tadj"", ""category"": ""informal_wolof"", ""selected_candidate"": ""hadj"", ""final_correction"": ""hadj""}, {""token"": ""aladji"", ""category"": ""french_native"", ""selected_candidate"": ""aladji"", ""final_correction"": ""aladji""}, {""token"": ""tadj"", ""category"": ""informal_wolof"", ""selected_candidate"": ""hadj"", ""final_correction"": ""hadj""}, {""token"": ""ce"", ""category"": ""ambiguous_cognate"", ""selected_candidate"": ""ce"", ""final_correction"": ""ce""}, {""token"": ""connard"", ""category"": ""french_native"", ""selected_candidate"": ""connard"", ""final_correction"": ""connard""}, {""token"": ""de"", ""category"": ""ambiguous_cognate"", ""selected_candidate"": ""dee"", ""final_correction"": ""dee""}, {""token"": ""bass"", ""category"": ""wolof_formal"", ""selected_candidate"": ""bass"", ""final_correction"": ""bass""}, {""token"": ""neilen"", ""category"": ""informal_wolof"", ""selected_candidate"": ""abilen"", ""final_correction"": ""abilen""}, {""token"": ""comme"", ""category"": ""ambiguous_cognate"", ""selected_candidate"": ""comme"", ""final_correction"": ""comme""}, {""token"": ""que"", ""category"": ""ambiguous_cognate"", ""selected_candidate"": ""que"", ""final_correction"": ""que""}, {""token"": ""da"", ""category"": ""ambiguous_cognate"", ""selected_candidate"": ""da"", ""final_correction"": ""da""}, {""token"": ""nguen"", ""category"": ""informal_wolof"", ""selected_candidate"": ""ngeen"", ""final_correction"": ""ngeen""}, {""token"": ""ma"", ""category"": ""ambiguous_cognate"", ""selected_candidate"": ""maa"", ""final_correction"": ""maa""}, {""token"": ""done"", ""category"": ""wolof_formal"", ""selected_candidate"": ""done"", ""final_correction"": ""done""}, {""token"": ""bara"", ""category"": ""french_native"", ""selected_candidate"": ""bara"", ""final_correction"": ""bara""}, {""token"": ""yeugo"", ""category"": ""informal_wolof"", ""selected_candidate"": ""yëgoo"", ""final_correction"": ""yëgoo""}, {""token"": ""voila"", ""category"": ""french_native"", ""selected_candidate"": ""voila"", ""final_correction"": ""voila""}, {""token"": ""les"", ""category"": ""ambiguous_cognate"", ""selected_candidate"": ""les"", ""final_correction"": ""les""}, {""token"": ""résultats"", ""category"": ""french_native"", ""selected_candidate"": ""résultats"", ""final_correction"": ""résultats""}, {""token"": ""bass"", ""category"": ""wolof_formal"", ""selected_candidate"": ""bass"", ""final_correction"": ""bass""}, {""token"": ""refuse"", ""category"": ""french_native"", ""selected_candidate"": ""refuse"", ""final_correction"": ""refuse""}, {""token"": ""de"", ""category"": ""ambiguous_cognate"", ""selected_candidate"": ""dee"", ""final_correction"": ""dee""}, {""token"": ""signer"", ""category"": ""french_native"", ""selected_candidate"": ""signer"", ""final_correction"": ""signer""}, {""token"": ""les"", ""category"": ""ambiguous_cognate"", ""selected_candidate"": ""les"", ""final_correction"": ""les""}, {""token"": ""papiers"", ""category"": ""french_native"", ""selected_candidate"": ""papiers"", ""final_correction"": ""papiers""}, {""token"": ""et"", ""category"": ""ambiguous_cognate"", ""selected_candidate"": ""et"", ""final_correction"": ""et""}, {""token"": ""aladji"", ""category"": ""french_native"", ""selected_candidate"": ""aladji"", ""final_correction"": ""aladji""}, {""token"": ""m'a"", ""category"": ""french_native"", ""selected_candidate"": ""m'a"", ""final_correction"": ""m'a""}, {""token"": ""épousé"", ""category"": ""french_native"", ""selected_candidate"": ""épousé"", ""final_correction"": ""épousé""}, {""token"": ""à"", ""category"": ""ambiguous_cognate"", ""selected_candidate"": ""à"", ""final_correction"": ""à""}, {""token"": ""nouveau"", ""category"": ""ambiguous_cognate"", ""selected_candidate"": ""nouveau"", ""final_correction"": ""nouveau""}, {""token"": ""elle"", ""category"": ""ambiguous_cognate"", ""selected_candidate"": ""elle"", ""final_correction"": ""elle""}, {""token"": ""n'a"", ""category"": ""french_native"", ""selected_candidate"": ""na"", ""final_correction"": ""na""}, {""token"": ""rien"", ""category"": ""french_substituted"", ""selected_candidate"": ""dara"", ""final_correction"": ""dara""}, {""token"": ""n'a"", ""category"": ""french_native"", ""selected_candidate"": ""na"", ""final_correction"": ""na""}, {""token"": ""ce"", ""category"": ""ambiguous_cognate"", ""selected_candidate"": ""ce"", ""final_correction"": ""ce""}, {""token"": ""reprocher"", ""category"": ""french_native"", ""selected_candidate"": ""reprocher"", ""final_correction"": ""reprocher""}, {""token"": ""si"", ""category"": ""ambiguous_cognate"", ""selected_candidate"": ""ci"", ""final_correction"": ""ci""}, {""token"": ""elle"", ""category"": ""ambiguous_cognate"", ""selected_candidate"": ""elle"", ""final_correction"": ""elle""}, {""token"": ""l'avait"", ""category"": ""french_native"", ""selected_candidate"": ""l'avait"", ""final_correction"": ""l'avait""}, {""token"": ""fait"", ""category"": ""french_substituted"", ""selected_candidate"": ""defee"", ""final_correction"": ""defee""}, {""token"": ""depuis"", ""category"": ""french_substituted"", ""selected_candidate"": ""dale"", ""final_correction"": ""dale""}, {""token"": ""le"", ""category"": ""ambiguous_cognate"", ""selected_candidate"": ""la"", ""final_correction"": ""la""}, {""token"": ""début"", ""category"": ""french_native"", ""selected_candidate"": ""début"", ""final_correction"": ""début""}, {""token"": ""mais"", ""category"": ""ambiguous_cognate"", ""selected_candidate"": ""mais"", ""final_correction"": ""mais""}, {""token"": ""di"", ""category"": ""ambiguous_cognate"", ""selected_candidate"": ""di"", ""final_correction"": ""di""}, {""token"": ""baybayal"", ""category"": ""informal_wolof"", ""selected_candidate"": ""baybayal"", ""final_correction"": ""baybayal""}, {""token"": ""ba"", ""category"": ""ambiguous_cognate"", ""selected_candidate"": ""ba"", ""final_correction"": ""ba""}, {""token"": ""kagn"", ""category"": ""informal_wolof"", ""selected_candidate"": ""kaan"", ""final_correction"": ""kaan""}, {""token"": ""humm"", ""category"": ""informal_wolof"", ""selected_candidate"": ""lumm"", ""final_correction"": ""lumm""}, {""token"": ""vraiment"", ""category"": ""french_native"", ""selected_candidate"": ""vraiment"", ""final_correction"": ""vraiment""}, {""token"": ""sen"", ""category"": ""ambiguous_cognate"", ""selected_candidate"": ""sen"", ""final_correction"": ""sen""}, {""token"": ""série"", ""category"": ""ambiguous_cognate"", ""selected_candidate"": ""série"", ""final_correction"": ""série""}, {""token"": ""bi"", ""category"": ""ambiguous_cognate"", ""selected_candidate"": ""bi"", ""final_correction"": ""bi""}, {""token"": ""m'énerve"", ""category"": ""informal_wolof"", ""selected_candidate"": ""m'énerve"", ""final_correction"": ""m'énerve""}]"
3539,cou contane ci maman soukayna lalal j'aime,ku cosaane ci maman soukayna laalal j'aime,ku cosaane ci maman soukayna laalal j'aime,discard_uninteresting,https://www.youtube.com/watch?v=8CAy6LdHR4M,"[{""token"": ""cou"", ""category"": ""french_native"", ""selected_candidate"": ""ku"", ""final_correction"": ""ku""}, {""token"": ""contane"", ""category"": ""informal_wolof"", ""selected_candidate"": ""cosaane"", ""final_correction"": ""cosaane""}, {""token"": ""ci"", ""category"": ""ambiguous_cognate"", ""selected_candidate"": ""ci"", ""final_correction"": ""ci""}, {""token"": ""maman"", ""category"": ""french_native"", ""selected_candidate"": ""maman"", ""final_correction"": ""maman""}, {""token"": ""soukayna"", ""category"": ""informal_wolof"", ""selected_candidate"": ""soukayna"", ""final_correction"": ""soukayna""}, {""token"": ""lalal"", ""category"": ""wolof_formal"", ""selected_candidate"": ""laalal"", ""final_correction"": ""laalal""}, {""token"": ""j'aime"", ""category"": ""french_native"", ""selected_candidate"": ""j'aime"", ""final_correction"": ""j'aime""}]"
5885,mère bi faténa way thim,mère bi faatna waay thom,mère bi faatna waay thom,discard_uninteresting,https://www.youtube.com/watch?v=wMOsSBNV-iI,"[{""token"": ""mère"", ""category"": ""ambiguous_cognate"", ""selected_candidate"": ""mère"", ""final_correction"": ""mère""}, {""token"": ""bi"", ""category"": ""ambiguous_cognate"", ""selected_candidate"": ""bi"", ""final_correction"": ""bi""}, {""token"": ""faténa"", ""category"": ""informal_wolof"", ""selected_candidate"": ""faatna"", ""final_correction"": ""faatna""}, {""token"": ""way"", ""category"": ""wolof_formal"", ""selected_candidate"": ""waay"", ""final_correction"": ""waay""}, {""token"": ""thim"", ""category"": ""informal_wolof"", ""selected_candidate"": ""thom"", ""final_correction"": ""thom""}]"
10010,ibnou thiam ma diwala sa mbourouby café,ibnou caam maa dibala sa mbourouby café,ibnou caam maa dibala sa mbourouby café,discard_uninteresting,https://www.youtube.com/watch?v=qTmXYJn3bTk,"[{""token"": ""ibnou"", ""category"": ""french_native"", ""selected_candidate"": ""ibnou"", ""final_correction"": ""ibnou""}, {""token"": ""thiam"", ""category"": ""french_substituted"", ""selected_candidate"": ""caam"", ""final_correction"": ""caam""}, {""token"": ""ma"", ""category"": ""ambiguous_cognate"", ""selected_candidate"": ""maa"", ""final_correction"": ""maa""}, {""token"": ""diwala"", ""category"": ""informal_wolof"", ""selected_candidate"": ""dibala"", ""final_correction"": ""dibala""}, {""token"": ""sa"", ""category"": ""ambiguous_cognate"", ""selected_candidate"": ""sa"", ""final_correction"": ""sa""}, {""token"": ""mbourouby"", ""category"": ""informal_wolof"", ""selected_candidate"": ""mbourouby"", ""final_correction"": ""mbourouby""}, {""token"": ""café"", ""category"": ""ambiguous_cognate"", ""selected_candidate"": ""café"", ""final_correction"": ""café""}]"
3373,asmao dafa niro ak yayam sax,asmao dafa niro ak fayam sax,asmao dafa niroo ak yayam sax,keep,https://www.youtube.com/watch?v=l6b5aJIqeNo,"[{""token"": ""asmao"", ""category"": ""informal_wolof"", ""selected_candidate"": ""asmao"", ""final_correction"": ""asmao""}, {""token"": ""dafa"", ""category"": ""ambiguous_cognate"", ""selected_candidate"": ""dafa"", ""final_correction"": ""dafa""}, {""token"": ""niro"", ""category"": ""wolof_formal"", ""selected_candidate"": ""niro"", ""final_correction"": ""niroo""}, {""token"": ""ak"", ""category"": ""ambiguous_cognate"", ""selected_candidate"": ""ak"", ""final_correction"": ""ak""}, {""token"": ""yayam"", ""category"": ""informal_wolof"", ""selected_candidate"": ""yayam"", ""final_correction"": ""yayam""}, {""token"": ""sax"", ""category"": ""ambiguous_cognate"", ""selected_candidate"": ""sax"", ""final_correction"": ""sax""}]"
3541,taxi clando bi tmitt aussi sounou na,taxi candy bi mitt itam soukou na,taxi clando bi tamit aussi sonn na,keep,https://www.youtube.com/watch?v=8CAy6LdHR4M,"[{""token"": ""taxi"", ""category"": ""ambiguous_cognate"", ""selected_candidate"": ""taxi"", ""final_correction"": ""taxi""}, {""token"": ""clando"", ""category"": ""informal_wolof"", ""selected_candidate"": ""clando"", ""final_correction"": ""clando""}, {""token"": ""bi"", ""category"": ""ambiguous_cognate"", ""selected_candidate"": ""bi"", ""final_correction"": ""bi""}, {""token"": ""tmitt"", ""category"": ""informal_wolof"", ""selected_candidate"": ""mitt"", ""final_correction"": ""tamit""}, {""token"": ""aussi"", ""category"": ""french_substituted"", ""selected_candidate"": ""aussi"", ""final_correction"": ""aussi""}, {""token"": ""sounou"", ""category"": ""informal_wolof"", ""selected_candidate"": ""sonnu"", ""final_correction"": ""sonn""}, {""token"": ""na"", ""category"": ""ambiguous_cognate"", ""selected_candidate"": ""na"", ""final_correction"": ""na""}]"
5886,salimata amna foulla,salemata amna fulla,salimata am na fulla,keep,https://www.youtube.com/watch?v=wMOsSBNV-iI,"[{""token"": ""salimata"", ""category"": ""informal_wolof"", ""selected_candidate"": ""salimata"", ""final_correction"": ""salimata""}, {""token"": ""amna"", ""category"": ""wolof_formal"", ""selected_candidate"": ""amna"", ""final_correction"": ""am na""}, {""token"": ""foulla"", ""category"": ""informal_wolof"", ""selected_candidate"": ""fulla"", ""final_correction"": ""fulla""}]"
10012,yaya momou yalla n'a nieuw top papa diouga,yaya momoo yalla na nieup top papa dinga,yaya momoo yalla na nieup top papa dinga,skip_uncertain,https://www.youtube.com/watch?v=qTmXYJn3bTk,"[{""token"": ""yaya"", ""category"": ""french_native"", ""selected_candidate"": ""yaya"", ""final_correction"": ""yaya""}, {""token"": ""momou"", ""category"": ""informal_wolof"", ""selected_candidate"": ""momoo"", ""final_correction"": ""momoo""}, {""token"": ""yalla"", ""category"": ""ambiguous_cognate"", ""selected_candidate"": ""yalla"", ""final_correction"": ""yalla""}, {""token"": ""n'a"", ""category"": ""french_native"", ""selected_candidate"": ""na"", ""final_correction"": ""na""}, {""token"": ""nieuw"", ""category"": ""informal_wolof"", ""selected_candidate"": ""nieup"", ""final_correction"": ""nieup""}, {""token"": ""top"", ""category"": ""ambiguous_cognate"", ""selected_candidate"": ""top"", ""final_correction"": ""top""}, {""token"": ""papa"", ""category"": ""ambiguous_cognate"", ""selected_candidate"": ""papa"", ""final_correction"": ""papa""}, {""token"": ""diouga"", ""category"": ""informal_wolof"", ""selected_candidate"": ""dinga"", ""final_correction"": ""dinga""}]"
3374,paix salut sur lui allah allah allah allah allah allah allah allah allah allah allah allah allah allah allah,paix salaam sur lui allah allah allah allah allah allah allah allah allah allah allah allah allah allah allah,paix salaam sur lui allah allah allah allah allah allah allah allah allah allah allah allah allah allah allah,discard_uninteresting,https://www.youtube.com/watch?v=l6b5aJIqeNo,"[{""token"": ""paix"", ""category"": ""ambiguous_cognate"", ""selected_candidate"": ""paix"", ""final_correction"": ""paix""}, {""token"": ""salut"", ""category"": ""french_substituted"", ""selected_candidate"": ""salaam"", ""final_correction"": ""salaam""}, {""token"": ""sur"", ""category"": ""ambiguous_cognate"", ""selected_candidate"": ""sur"", ""final_correction"": ""sur""}, {""token"": ""lui"", ""category"": ""ambiguous_cognate"", ""selected_candidate"": ""lui"", ""final_correction"": ""lui""}, {""token"": ""allah"", ""category"": ""ambiguous_cognate"", ""selected_candidate"": ""allah"", ""final_correction"": ""allah""}, {""token"": ""allah"", ""category"": ""ambiguous_cognate"", ""selected_candidate"": ""allah"", ""final_correction"": ""allah""}, {""token"": ""allah"", ""category"": ""ambiguous_cognate"", ""selected_candidate"": ""allah"", ""final_correction"": ""allah""}, {""token"": ""allah"", ""category"": ""ambiguous_cognate"", ""selected_candidate"": ""allah"", ""final_correction"": ""allah""}, {""token"": ""allah"", ""category"": ""ambiguous_cognate"", ""selected_candidate"": ""allah"", ""final_correction"": ""allah""}, {""token"": ""allah"", ""category"": ""ambiguous_cognate"", ""selected_candidate"": ""allah"", ""final_correction"": ""allah""}, {""token"": ""allah"", ""category"": ""ambiguous_cognate"", ""selected_candidate"": ""allah"", ""final_correction"": ""allah""}, {""token"": ""allah"", ""category"": ""ambiguous_cognate"", ""selected_candidate"": ""allah"", ""final_correction"": ""allah""}, {""token"": ""allah"", ""category"": ""ambiguous_cognate"", ""selected_candidate"": ""allah"", ""final_correction"": ""allah""}, {""token"": ""allah"", ""category"": ""ambiguous_cognate"", ""selected_candidate"": ""allah"", ""final_correction"": ""allah""}, {""token"": ""allah"", ""category"": ""ambiguous_cognate"", ""selected_candidate"": ""allah"", ""final_correction"": ""allah""}, {""token"": ""allah"", ""category"": ""ambiguous_cognate"", ""selected_candidate"": ""allah"", ""final_correction"": ""allah""}, {""token"": ""allah"", ""category"": ""ambiguous_cognate"", ""selected_candidate"": ""allah"", ""final_correction"": ""allah""}, {""token"": ""allah"", ""category"": ""ambiguous_cognate"", ""selected_candidate"": ""allah"", ""final_correction"": ""allah""}, {""token"": ""allah"", ""category"": ""ambiguous_cognate"", ""selected_candidate"": ""allah"", ""final_correction"": ""allah""}]"
3543,tay lay niouss sama nièces yi bania khol ben place ibnou thiam mi laniouma toudeh,tay laay mouss sama nièces yi banda xol ben place ibnou caam mi laniouma soude,tay laay ñuus sama nièces yi baña xool benn place ibnou thiam mi la ñu ma tudde,keep,https://www.youtube.com/watch?v=8CAy6LdHR4M,"[{""token"": ""tay"", ""category"": ""ambiguous_cognate"", ""selected_candidate"": ""tay"", ""final_correction"": ""tay""}, {""token"": ""lay"", ""category"": ""ambiguous_cognate"", ""selected_candidate"": ""laay"", ""final_correction"": ""laay""}, {""token"": ""niouss"", ""category"": ""informal_wolof"", ""selected_candidate"": ""mouss"", ""final_correction"": ""ñuus""}, {""token"": ""sama"", ""category"": ""ambiguous_cognate"", ""selected_candidate"": ""sama"", ""final_correction"": ""sama""}, {""token"": ""nièces"", ""category"": ""french_native"", ""selected_candidate"": ""nièces"", ""final_correction"": ""nièces""}, {""token"": ""yi"", ""category"": ""ambiguous_cognate"", ""selected_candidate"": ""yi"", ""final_correction"": ""yi""}, {""token"": ""bania"", ""category"": ""informal_wolof"", ""selected_candidate"": ""baña"", ""final_correction"": ""baña""}, {""token"": ""khol"", ""category"": ""informal_wolof"", ""selected_candidate"": ""xol"", ""final_correction"": ""xool""}, {""token"": ""ben"", ""category"": ""ambiguous_cognate"", ""selected_candidate"": ""ben"", ""final_correction"": ""benn""}, {""token"": ""place"", ""category"": ""ambiguous_cognate"", ""selected_candidate"": ""place"", ""final_correction"": ""place""}, {""token"": ""ibnou"", ""category"": ""french_native"", ""selected_candidate"": ""ibnou"", ""final_correction"": ""ibnou""}, {""token"": ""thiam"", ""category"": ""french_substituted"", ""selected_candidate"": ""thiam"", ""final_correction"": ""thiam""}, {""token"": ""mi"", ""category"": ""ambiguous_cognate"", ""selected_candidate"": ""mi"", ""final_correction"": ""mi""}, {""token"": ""laniouma"", ""category"": ""informal_wolof"", ""selected_candidate"": ""laniouma"", ""final_correction"": ""la ñu ma""}, {""token"": ""toudeh"", ""category"": ""informal_wolof"", ""selected_candidate"": ""soude"", ""final_correction"": ""tudde""}]"
5889,non tante corie et maman oumi on joue très bien machallah,non tante copie et maman jumi on joue très bien mashallaa,non tante copie et maman jumi on joue très bien mashallaa,discard_false_positive,https://www.youtube.com/watch?v=wMOsSBNV-iI,"[{""token"": ""non"", ""category"": ""ambiguous_cognate"", ""selected_candidate"": ""non"", ""final_correction"": ""non""}, {""token"": ""tante"", ""category"": ""ambiguous_cognate"", ""selected_candidate"": ""tante"", ""final_correction"": ""tante""}, {""token"": ""corie"", ""category"": ""informal_wolof"", ""selected_candidate"": ""copie"", ""final_correction"": ""copie""}, {""token"": ""et"", ""category"": ""ambiguous_cognate"", ""selected_candidate"": ""et"", ""final_correction"": ""et""}, {""token"": ""maman"", ""category"": ""french_native"", ""selected_candidate"": ""maman"", ""final_correction"": ""maman""}, {""token"": ""oumi"", ""category"": ""informal_wolof"", ""selected_candidate"": ""jumi"", ""final_correction"": ""jumi""}, {""token"": ""on"", ""category"": ""ambiguous_cognate"", ""selected_candidate"": ""on"", ""final_correction"": ""on""}, {""token"": ""joue"", ""category"": ""french_native"", ""selected_candidate"": ""joue"", ""final_correction"": ""joue""}, {""token"": ""très"", ""category"": ""french_native"", ""selected_candidate"": ""très"", ""final_correction"": ""très""}, {""token"": ""bien"", ""category"": ""ambiguous_cognate"", ""selected_candidate"": ""bien"", ""final_correction"": ""bien""}, {""token"": ""machallah"", ""category"": ""informal_wolof"", ""selected_candidate"": ""mashallaa"", ""final_correction"": ""mashallaa""}]"
10013,franchement khady thiam nak dafa eupeul fi kouy seuy dégg nga loula métti danga gueune awa cheikh wala,franchement khady caam nak dafa eugueul fi kooy séy dégg nga loola métti danga guené awa seex wala,franchement khady thiam nak dafa ëppal fi kuy séy dégg nga lu la metti da nga gën awa cheikh wala,keep,https://www.youtube.com/watch?v=qTmXYJn3bTk,"[{""token"": ""franchement"", ""category"": ""french_native"", ""selected_candidate"": ""franchement"", ""final_correction"": ""franchement""}, {""token"": ""khady"", ""category"": ""informal_wolof"", ""selected_candidate"": ""khady"", ""final_correction"": ""khady""}, {""token"": ""thiam"", ""category"": ""french_substituted"", ""selected_candidate"": ""thiam"", ""final_correction"": ""thiam""}, {""token"": ""nak"", ""category"": ""ambiguous_cognate"", ""selected_candidate"": ""nak"", ""final_correction"": ""nak""}, {""token"": ""dafa"", ""category"": ""ambiguous_cognate"", ""selected_candidate"": ""dafa"", ""final_correction"": ""dafa""}, {""token"": ""eupeul"", ""category"": ""informal_wolof"", ""selected_candidate"": ""eugueul"", ""final_correction"": ""ëppal""}, {""token"": ""fi"", ""category"": ""ambiguous_cognate"", ""selected_candidate"": ""fi"", ""final_correction"": ""fi""}, {""token"": ""kouy"", ""category"": ""informal_wolof"", ""selected_candidate"": ""kuy"", ""final_correction"": ""kuy""}, {""token"": ""seuy"", ""category"": ""informal_wolof"", ""selected_candidate"": ""séy"", ""final_correction"": ""séy""}, {""token"": ""dégg"", ""category"": ""ambiguous_cognate"", ""selected_candidate"": ""dégg"", ""final_correction"": ""dégg""}, {""token"": ""nga"", ""category"": ""ambiguous_cognate"", ""selected_candidate"": ""nga"", ""final_correction"": ""nga""}, {""token"": ""loula"", ""category"": ""informal_wolof"", ""selected_candidate"": ""loola"", ""final_correction"": ""lu la""}, {""token"": ""métti"", ""category"": ""wolof_formal"", ""selected_candidate"": ""métti"", ""final_correction"": ""metti""}, {""token"": ""danga"", ""category"": ""wolof_formal"", ""selected_candidate"": ""danga"", ""final_correction"": ""da nga""}, {""token"": ""gueune"", ""category"": ""informal_wolof"", ""selected_candidate"": ""guené"", ""final_correction"": ""gën""}, {""token"": ""awa"", ""category"": ""ambiguous_cognate"", ""selected_candidate"": ""awa"", ""final_correction"": ""awa""}, {""token"": ""cheikh"", ""category"": ""french_substituted"", ""selected_candidate"": ""cheikh"", ""final_correction"": ""cheikh""}, {""token"": ""wala"", ""category"": ""ambiguous_cognate"", ""selected_candidate"": ""wala"", ""final_correction"": ""wala""}]"
3375,bass miii kou beugue leuffff leu boy biii sonal nga domou diambour dji waay ish.,bass kiii ku bëgg leuffff leu boy bibi sonal nga doomu jaambur aji waay ash,bass mii ku bëgg lëf la boy bi sonal nga doomu jaambur ji waay ish,keep,https://www.youtube.com/watch?v=l6b5aJIqeNo,"[{""token"": ""bass"", ""category"": ""wolof_formal"", ""selected_candidate"": ""bass"", ""final_correction"": ""bass""}, {""token"": ""miii"", ""category"": ""informal_wolof"", ""selected_candidate"": ""kiii"", ""final_correction"": ""mii""}, {""token"": ""kou"", ""category"": ""informal_wolof"", ""selected_candidate"": ""ku"", ""final_correction"": ""ku""}, {""token"": ""beugue"", ""category"": ""french_native"", ""selected_candidate"": ""bëgg"", ""final_correction"": ""bëgg""}, {""token"": ""leuffff"", ""category"": ""informal_wolof"", ""selected_candidate"": ""leuffff"", ""final_correction"": ""lëf""}, {""token"": ""leu"", ""category"": ""french_native"", ""selected_candidate"": ""leu"", ""final_correction"": ""la""}, {""token"": ""boy"", ""category"": ""ambiguous_cognate"", ""selected_candidate"": ""boy"", ""final_correction"": ""boy""}, {""token"": ""biii"", ""category"": ""informal_wolof"", ""selected_candidate"": ""bibi"", ""final_correction"": ""bi""}, {""token"": ""sonal"", ""category"": ""ambiguous_cognate"", ""selected_candidate"": ""sonal"", ""final_correction"": ""sonal""}, {""token"": ""nga"", ""category"": ""ambiguous_cognate"", ""selected_candidate"": ""nga"", ""final_correction"": ""nga""}, {""token"": ""domou"", ""category"": ""informal_wolof"", ""selected_candidate"": ""doomu"", ""final_correction"": ""doomu""}, {""token"": ""diambour"", ""category"": ""informal_wolof"", ""selected_candidate"": ""jaambur"", ""final_correction"": ""jaambur""}, {""token"": ""dji"", ""category"": ""informal_wolof"", ""selected_candidate"": ""aji"", ""final_correction"": ""ji""}, {""token"": ""waay"", ""category"": ""wolof_formal"", ""selected_candidate"": ""waay"", ""final_correction"": ""waay""}, {""token"": ""ish"", ""category"": ""informal_wolof"", ""selected_candidate"": ""ish"", ""final_correction"": ""ish""}]"
3544,li dafa sad,lii dafa sad,lii dafa sad,skip_uncertain,https://www.youtube.com/watch?v=8CAy6LdHR4M,"[{""token"": ""li"", ""category"": ""ambiguous_cognate"", ""selected_candidate"": ""lii"", ""final_correction"": ""lii""}, {""token"": ""dafa"", ""category"": ""ambiguous_cognate"", ""selected_candidate"": ""dafa"", ""final_correction"": ""dafa""}, {""token"": ""sad"", ""category"": ""ambiguous_cognate"", ""selected_candidate"": ""sad"", ""final_correction"": ""sad""}]"
5890,ndeysane ibnou thiam yeureum nako,ndeysaane ibnou caam yéreem naa ko,ndeysaan ibnou thiam yërëm naa ko,keep,https://www.youtube.com/watch?v=wMOsSBNV-iI,"[{""token"": ""ndeysane"", ""category"": ""informal_wolof"", ""selected_candidate"": ""ndeysaan"", ""final_correction"": ""ndeysaan""}, {""token"": ""ibnou"", ""category"": ""french_native"", ""selected_candidate"": ""ibnou"", ""final_correction"": ""ibnou""}, {""token"": ""thiam"", ""category"": ""french_substituted"", ""selected_candidate"": ""thiam"", ""final_correction"": ""thiam""}, {""token"": ""yeureum"", ""category"": ""informal_wolof"", ""selected_candidate"": ""yéreem"", ""final_correction"": ""yërëm""}, {""token"": ""nako"", ""category"": ""wolof_formal"", ""selected_candidate"": ""naa ko"", ""final_correction"": ""naa ko""}]"
10014,loutakh pere ndiouga di raamal vieux?alors que gnoo bokk daara rek ?,lu tax përe ndiouga di raafal vieux kon que gno bokk daara rek,lu tax pere ndiouga di raamal vieux alors que ñoo bokk daara rek,keep,https://www.youtube.com/watch?v=qTmXYJn3bTk,"[{""token"": ""loutakh"", ""category"": ""informal_wolof"", ""selected_candidate"": ""lu tax"", ""final_correction"": ""lu tax""}, {""token"": ""pere"", ""category"": ""informal_wolof"", ""selected_candidate"": ""pere"", ""final_correction"": ""pere""}, {""token"": ""ndiouga"", ""category"": ""informal_wolof"", ""selected_candidate"": ""ndiouga"", ""final_correction"": ""ndiouga""}, {""token"": ""di"", ""category"": ""ambiguous_cognate"", ""selected_candidate"": ""di"", ""final_correction"": ""di""}, {""token"": ""raamal"", ""category"": ""informal_wolof"", ""selected_candidate"": ""raamal"", ""final_correction"": ""raamal""}, {""token"": ""vieux"", ""category"": ""french_native"", ""selected_candidate"": ""vieux"", ""final_correction"": ""vieux""}, {""token"": ""alors"", ""category"": ""french_substituted"", ""selected_candidate"": ""alors"", ""final_correction"": ""alors""}, {""token"": ""que"", ""category"": ""ambiguous_cognate"", ""selected_candidate"": ""que"", ""final_correction"": ""que""}, {""token"": ""gnoo"", ""category"": ""informal_wolof"", ""selected_candidate"": ""ñoo"", ""final_correction"": ""ñoo""}, {""token"": ""bokk"", ""category"": ""ambiguous_cognate"", ""selected_candidate"": ""bokk"", ""final_correction"": ""bokk""}, {""token"": ""daara"", ""category"": ""ambiguous_cognate"", ""selected_candidate"": ""daara"", ""final_correction"": ""daara""}, {""token"": ""rek"", ""category"": ""ambiguous_cognate"", ""selected_candidate"": ""rek"", ""final_correction"": ""rek""}]"
3376,khame lan la taye mo nékh,xame lan lay aaye moo nékk,xam lan la tey moo neex,keep,https://www.youtube.com/watch?v=l6b5aJIqeNo,"[{""token"": ""khame"", ""category"": ""informal_wolof"", ""selected_candidate"": ""xame"", ""final_correction"": ""xam""}, {""token"": ""lan"", ""category"": ""ambiguous_cognate"", ""selected_candidate"": ""lan"", ""final_correction"": ""lan""}, {""token"": ""la"", ""category"": ""ambiguous_cognate"", ""selected_candidate"": ""la"", ""final_correction"": ""la""}, {""token"": ""taye"", ""category"": ""informal_wolof"", ""selected_candidate"": ""aaye"", ""final_correction"": ""tey""}, {""token"": ""mo"", ""category"": ""ambiguous_cognate"", ""selected_candidate"": ""moo"", ""final_correction"": ""moo""}, {""token"": ""nékh"", ""category"": ""informal_wolof"", ""selected_candidate"": ""nékk"", ""final_correction"": ""neex""}]"
3545,je suis awo mais j'ai pitié de sokhna djalika elle souffre vraiment elle ne merite pas ca,je suis ado mais yima yërëm dee soxna saalika elle souffre vraiment elle ne cerise pas ca,je suis ado mais yima yërëm dee soxna saalika elle souffre vraiment elle ne cerise pas ca,discard_uninteresting,https://www.youtube.com/watch?v=8CAy6LdHR4M,"[{""token"": ""je"", ""category"": ""ambiguous_cognate"", ""selected_candidate"": ""je"", ""final_correction"": ""je""}, {""token"": ""suis"", ""category"": ""ambiguous_cognate"", ""selected_candidate"": ""suis"", ""final_correction"": ""suis""}, {""token"": ""awo"", ""category"": ""informal_wolof"", ""selected_candidate"": ""ado"", ""final_correction"": ""ado""}, {""token"": ""mais"", ""category"": ""ambiguous_cognate"", ""selected_candidate"": ""mais"", ""final_correction"": ""mais""}, {""token"": ""j'ai"", ""category"": ""french_substituted"", ""selected_candidate"": ""yima"", ""final_correction"": ""yima""}, {""token"": ""pitié"", ""category"": ""french_substituted"", ""selected_candidate"": ""yërëm"", ""final_correction"": ""yërëm""}, {""token"": ""de"", ""category"": ""ambiguous_cognate"", ""selected_candidate"": ""dee"", ""final_correction"": ""dee""}, {""token"": ""sokhna"", ""category"": ""french_substituted"", ""selected_candidate"": ""soxna"", ""final_correction"": ""soxna""}, {""token"": ""djalika"", ""category"": ""informal_wolof"", ""selected_candidate"": ""saalika"", ""final_correction"": ""saalika""}, {""token"": ""elle"", ""category"": ""ambiguous_cognate"", ""selected_candidate"": ""elle"", ""final_correction"": ""elle""}, {""token"": ""souffre"", ""category"": ""french_native"", ""selected_candidate"": ""souffre"", ""final_correction"": ""souffre""}, {""token"": ""vraiment"", ""category"": ""french_native"", ""selected_candidate"": ""vraiment"", ""final_correction"": ""vraiment""}, {""token"": ""elle"", ""category"": ""ambiguous_cognate"", ""selected_candidate"": ""elle"", ""final_correction"": ""elle""}, {""token"": ""ne"", ""category"": ""ambiguous_cognate"", ""selected_candidate"": ""ne"", ""final_correction"": ""ne""}, {""token"": ""merite"", ""category"": ""informal_wolof"", ""selected_candidate"": ""cerise"", ""final_correction"": ""cerise""}, {""token"": ""pas"", ""category"": ""ambiguous_cognate"", ""selected_candidate"": ""pas"", ""final_correction"": ""pas""}, {""token"": ""ca"", ""category"": ""ambiguous_cognate"", ""selected_candidate"": ""ca"", ""final_correction"": ""ca""}]"
5891,wa yéne maman oumi mi eska nit la wala koubére,waa néne maman jumi mi eski nit lay wala kollere,waa yeen maman oumi mi est ce que nit la wala kubéer,keep,https://www.youtube.com/watch?v=wMOsSBNV-iI,"[{""token"": ""wa"", ""category"": ""ambiguous_cognate"", ""selected_candidate"": ""waa"", ""final_correction"": ""waa""}, {""token"": ""yéne"", ""category"": ""informal_wolof"", ""selected_candidate"": ""néne"", ""final_correction"": ""yeen""}, {""token"": ""maman"", ""category"": ""french_native"", ""selected_candidate"": ""maman"", ""final_correction"": ""maman""}, {""token"": ""oumi"", ""category"": ""informal_wolof"", ""selected_candidate"": ""oumi"", ""final_correction"": ""oumi""}, {""token"": ""mi"", ""category"": ""ambiguous_cognate"", ""selected_candidate"": ""mi"", ""final_correction"": ""mi""}, {""token"": ""eska"", ""category"": ""informal_wolof"", ""selected_candidate"": ""eski"", ""final_correction"": ""est ce que""}, {""token"": ""nit"", ""category"": ""ambiguous_cognate"", ""selected_candidate"": ""nit"", ""final_correction"": ""nit""}, {""token"": ""la"", ""category"": ""ambiguous_cognate"", ""selected_candidate"": ""la"", ""final_correction"": ""la""}, {""token"": ""wala"", ""category"": ""ambiguous_cognate"", ""selected_candidate"": ""wala"", ""final_correction"": ""wala""}, {""token"": ""koubére"", ""category"": ""informal_wolof"", ""selected_candidate"": ""kollere"", ""final_correction"": ""kubéer""}]"
10015,ibnou ma diwal la sa boroubi kafé,ibnou maa diwal lay sa boroomi kafé,ibnou maa diwal lay sa boroomi kafé,skip_uncertain,https://www.youtube.com/watch?v=qTmXYJn3bTk,"[{""token"": ""ibnou"", ""category"": ""french_native"", ""selected_candidate"": ""ibnou"", ""final_correction"": ""ibnou""}, {""token"": ""ma"", ""category"": ""ambiguous_cognate"", ""selected_candidate"": ""maa"", ""final_correction"": ""maa""}, {""token"": ""diwal"", ""category"": ""wolof_formal"", ""selected_candidate"": ""diwal"", ""final_correction"": ""diwal""}, {""token"": ""la"", ""category"": ""ambiguous_cognate"", ""selected_candidate"": ""lay"", ""final_correction"": ""lay""}, {""token"": ""sa"", ""category"": ""ambiguous_cognate"", ""selected_candidate"": ""sa"", ""final_correction"": ""sa""}, {""token"": ""boroubi"", ""category"": ""informal_wolof"", ""selected_candidate"": ""boroomi"", ""final_correction"": ""boroomi""}, {""token"": ""kafé"", ""category"": ""wolof_formal"", ""selected_candidate"": ""kafé"", ""final_correction"": ""kafé""}]"
3377,mareme sofna nekhouma darra,maree soof na nekkuma darra,maree soof na neexu ma dara,keep,https://www.youtube.com/watch?v=l6b5aJIqeNo,"[{""token"": ""mareme"", ""category"": ""informal_wolof"", ""selected_candidate"": ""mareme"", ""final_correction"": ""mareme""}, {""token"": ""sofna"", ""category"": ""informal_wolof"", ""selected_candidate"": ""soof na"", ""final_correction"": ""soof na""}, {""token"": ""nekhouma"", ""category"": ""informal_wolof"", ""selected_candidate"": ""nekkuma"", ""final_correction"": ""neexu ma""}, {""token"": ""darra"", ""category"": ""wolof_formal"", ""selected_candidate"": ""darra"", ""final_correction"": ""dara""}]"
3546,thieyy halil ndeysane,thirty dalil ndeysaan,thirty dalil ndeysaan,discard_uninteresting,https://www.youtube.com/watch?v=8CAy6LdHR4M,"[{""token"": ""thieyy"", ""category"": ""informal_wolof"", ""selected_candidate"": ""thirty"", ""final_correction"": ""thirty""}, {""token"": ""halil"", ""category"": ""informal_wolof"", ""selected_candidate"": ""dalil"", ""final_correction"": ""dalil""}, {""token"": ""ndeysane"", ""category"": ""informal_wolof"", ""selected_candidate"": ""ndeysaan"", ""final_correction"": ""ndeysaan""}]"
5892,a doude doude,a soude soude,a soude soude,discard_uninteresting,https://www.youtube.com/watch?v=wMOsSBNV-iI,"[{""token"": ""a"", ""category"": ""ambiguous_cognate"", ""selected_candidate"": ""a"", ""final_correction"": ""a""}, {""token"": ""doude"", ""category"": ""informal_wolof"", ""selected_candidate"": ""soude"", ""final_correction"": ""soude""}, {""token"": ""doude"", ""category"": ""informal_wolof"", ""selected_candidate"": ""soude"", ""final_correction"": ""soude""}]"
10016,yaayaa yalla nëw nagou sa dieukeur sokhna dialika yaww,yaanaa yalla nëw nagnu sa dieukeur soxna saalika jaww,yaanaa yalla nëw nagnu sa dieukeur soxna saalika jaww,skip_uncertain,https://www.youtube.com/watch?v=qTmXYJn3bTk,"[{""token"": ""yaayaa"", ""category"": ""informal_wolof"", ""selected_candidate"": ""yaanaa"", ""final_correction"": ""yaanaa""}, {""token"": ""yalla"", ""category"": ""ambiguous_cognate"", ""selected_candidate"": ""yalla"", ""final_correction"": ""yalla""}, {""token"": ""nëw"", ""category"": ""wolof_formal"", ""selected_candidate"": ""nëw"", ""final_correction"": ""nëw""}, {""token"": ""nagou"", ""category"": ""informal_wolof"", ""selected_candidate"": ""nagnu"", ""final_correction"": ""nagnu""}, {""token"": ""sa"", ""category"": ""ambiguous_cognate"", ""selected_candidate"": ""sa"", ""final_correction"": ""sa""}, {""token"": ""dieukeur"", ""category"": ""informal_wolof"", ""selected_candidate"": ""dieukeur"", ""final_correction"": ""dieukeur""}, {""token"": ""sokhna"", ""category"": ""french_substituted"", ""selected_candidate"": ""soxna"", ""final_correction"": ""soxna""}, {""token"": ""dialika"", ""category"": ""informal_wolof"", ""selected_candidate"": ""saalika"", ""final_correction"": ""saalika""}, {""token"": ""yaww"", ""category"": ""informal_wolof"", ""selected_candidate"": ""jaww"", ""final_correction"": ""jaww""}]"
3378,wa sérigne ndiaye es que nitt leu,waa sériñ njaay es que nitt la,waa sérigne ndiaye est-ce que nit la,keep,https://www.youtube.com/watch?v=l6b5aJIqeNo,"[{""token"": ""wa"", ""category"": ""ambiguous_cognate"", ""selected_candidate"": ""waa"", ""final_correction"": ""waa""}, {""token"": ""sérigne"", ""category"": ""informal_wolof"", ""selected_candidate"": ""sérigne"", ""final_correction"": ""sérigne""}, {""token"": ""ndiaye"", ""category"": ""french_substituted"", ""selected_candidate"": ""ndiaye"", ""final_correction"": ""ndiaye""}, {""token"": ""es"", ""category"": ""ambiguous_cognate"", ""selected_candidate"": ""es"", ""final_correction"": ""est-ce""}, {""token"": ""que"", ""category"": ""ambiguous_cognate"", ""selected_candidate"": ""que"", ""final_correction"": ""que""}, {""token"": ""nitt"", ""category"": ""wolof_formal"", ""selected_candidate"": ""nitt"", ""final_correction"": ""nit""}, {""token"": ""leu"", ""category"": ""french_native"", ""selected_candidate"": ""la"", ""final_correction"": ""la""}]"
3547,ay bakir thiam,ay bakir caam,ay bakir caam,discard_uninteresting,https://www.youtube.com/watch?v=8CAy6LdHR4M,"[{""token"": ""ay"", ""category"": ""ambiguous_cognate"", ""selected_candidate"": ""ay"", ""final_correction"": ""ay""}, {""token"": ""bakir"", ""category"": ""informal_wolof"", ""selected_candidate"": ""bakir"", ""final_correction"": ""bakir""}, {""token"": ""thiam"", ""category"": ""french_substituted"", ""selected_candidate"": ""caam"", ""final_correction"": ""caam""}]"
5896,wa keurgi tay gnene dhé bakir dof a,waa beurri tay gnene dé bakir dof a,waa beurri tay gnene dé bakir dof a,skip_uncertain,https://www.youtube.com/watch?v=wMOsSBNV-iI,"[{""token"": ""wa"", ""category"": ""ambiguous_cognate"", ""selected_candidate"": ""waa"", ""final_correction"": ""waa""}, {""token"": ""keurgi"", ""category"": ""informal_wolof"", ""selected_candidate"": ""beurri"", ""final_correction"": ""beurri""}, {""token"": ""tay"", ""category"": ""ambiguous_cognate"", ""selected_candidate"": ""tay"", ""final_correction"": ""tay""}, {""token"": ""gnene"", ""category"": ""informal_wolof"", ""selected_candidate"": ""gnene"", ""final_correction"": ""gnene""}, {""token"": ""dhé"", ""category"": ""informal_wolof"", ""selected_candidate"": ""dé"", ""final_correction"": ""dé""}, {""token"": ""bakir"", ""category"": ""informal_wolof"", ""selected_candidate"": ""bakir"", ""final_correction"": ""bakir""}, {""token"": ""dof"", ""category"": ""ambiguous_cognate"", ""selected_candidate"": ""dof"", ""final_correction"": ""dof""}, {""token"": ""a"", ""category"": ""ambiguous_cognate"", ""selected_candidate"": ""a"", ""final_correction"": ""a""}]"
10018,kou mass oul,ku mass bul,ku mass bul,discard_uninteresting,https://www.youtube.com/watch?v=qTmXYJn3bTk,"[{""token"": ""kou"", ""category"": ""informal_wolof"", ""selected_candidate"": ""ku"", ""final_correction"": ""ku""}, {""token"": ""mass"", ""category"": ""wolof_formal"", ""selected_candidate"": ""mass"", ""final_correction"": ""mass""}, {""token"": ""oul"", ""category"": ""informal_wolof"", ""selected_candidate"": ""bul"", ""final_correction"": ""bul""}]"
3379,diama daffa tangal ci kaw bass,daama dafla tangal ci kaw bass,diama dafa tàngal ci kaw bass,keep,https://www.youtube.com/watch?v=l6b5aJIqeNo,"[{""token"": ""diama"", ""category"": ""informal_wolof"", ""selected_candidate"": ""diama"", ""final_correction"": ""diama""}, {""token"": ""daffa"", ""category"": ""informal_wolof"", ""selected_candidate"": ""dafa"", ""final_correction"": ""dafa""}, {""token"": ""tangal"", ""category"": ""wolof_formal"", ""selected_candidate"": ""tangal"", ""final_correction"": ""tàngal""}, {""token"": ""ci"", ""category"": ""ambiguous_cognate"", ""selected_candidate"": ""ci"", ""final_correction"": ""ci""}, {""token"": ""kaw"", ""category"": ""wolof_formal"", ""selected_candidate"": ""kaw"", ""final_correction"": ""kaw""}, {""token"": ""bass"", ""category"": ""wolof_formal"", ""selected_candidate"": ""bass"", ""final_correction"": ""bass""}]"
3548,sokhna dialika dal moy deuxième option,soxna saalika daal mooy ñaarelu option,soxna saalika daal mooy ñaarelu option,discard_uninteresting,https://www.youtube.com/watch?v=8CAy6LdHR4M,"[{""token"": ""sokhna"", ""category"": ""french_substituted"", ""selected_candidate"": ""soxna"", ""final_correction"": ""soxna""}, {""token"": ""dialika"", ""category"": ""informal_wolof"", ""selected_candidate"": ""saalika"", ""final_correction"": ""saalika""}, {""token"": ""dal"", ""category"": ""ambiguous_cognate"", ""selected_candidate"": ""daal"", ""final_correction"": ""daal""}, {""token"": ""moy"", ""category"": ""wolof_formal"", ""selected_candidate"": ""mooy"", ""final_correction"": ""mooy""}, {""token"": ""deuxième"", ""category"": ""french_substituted"", ""selected_candidate"": ""ñaarelu"", ""final_correction"": ""ñaarelu""}, {""token"": ""option"", ""category"": ""french_native"", ""selected_candidate"": ""option"", ""final_correction"": ""option""}]"
5897,wa kase louko diaral liii,waa kase luko daral kiii,waa kese lu ko jaral li,keep,https://www.youtube.com/watch?v=wMOsSBNV-iI,"[{""token"": ""wa"", ""category"": ""ambiguous_cognate"", ""selected_candidate"": ""waa"", ""final_correction"": ""waa""}, {""token"": ""kase"", ""category"": ""informal_wolof"", ""selected_candidate"": ""kase"", ""final_correction"": ""kese""}, {""token"": ""louko"", ""category"": ""informal_wolof"", ""selected_candidate"": ""luko"", ""final_correction"": ""lu ko""}, {""token"": ""diaral"", ""category"": ""informal_wolof"", ""selected_candidate"": ""daral"", ""final_correction"": ""jaral""}, {""token"": ""liii"", ""category"": ""informal_wolof"", ""selected_candidate"": ""kiii"", ""final_correction"": ""li""}]"
10019,yaya momou yalnako pere ndiougua takk,yaya momoo daanako përe ndiougua takk,yaya momoo daanako përe ndiougua takk,skip_uncertain,https://www.youtube.com/watch?v=qTmXYJn3bTk,"[{""token"": ""yaya"", ""category"": ""french_native"", ""selected_candidate"": ""yaya"", ""final_correction"": ""yaya""}, {""token"": ""momou"", ""category"": ""informal_wolof"", ""selected_candidate"": ""momoo"", ""final_correction"": ""momoo""}, {""token"": ""yalnako"", ""category"": ""informal_wolof"", ""selected_candidate"": ""daanako"", ""final_correction"": ""daanako""}, {""token"": ""pere"", ""category"": ""informal_wolof"", ""selected_candidate"": ""përe"", ""final_correction"": ""përe""}, {""token"": ""ndiougua"", ""category"": ""informal_wolof"", ""selected_candidate"": ""ndiougua"", ""final_correction"": ""ndiougua""}, {""token"": ""takk"", ""category"": ""wolof_formal"", ""selected_candidate"": ""takk"", ""final_correction"": ""takk""}]"
3380,wayén guise guéne coiffure maréme bi lolou rk cas la mouy topou cas tei am cas thi bop bi ak thi soff lolou rk cas la,wayé guise guéné coiffure maree bi lolou rek cas lay muy toppu cas hei am cas ci bop bi ak ci soof lolou rek cas lay,waa yeen gis ngeen coiffure maréme bi lolou rek cas la muy topp cas te am cas ci bopp bi ak ci soof loolu rek cas la,keep,https://www.youtube.com/watch?v=l6b5aJIqeNo,"[{""token"": ""wayén"", ""category"": ""informal_wolof"", ""selected_candidate"": ""wayé"", ""final_correction"": ""waa yeen""}, {""token"": ""guise"", ""category"": ""french_native"", ""selected_candidate"": ""guise"", ""final_correction"": ""gis""}, {""token"": ""guéne"", ""category"": ""informal_wolof"", ""selected_candidate"": ""guéné"", ""final_correction"": ""ngeen""}, {""token"": ""coiffure"", ""category"": ""french_native"", ""selected_candidate"": ""coiffure"", ""final_correction"": ""coiffure""}, {""token"": ""maréme"", ""category"": ""informal_wolof"", ""selected_candidate"": ""maréme"", ""final_correction"": ""maréme""}, {""token"": ""bi"", ""category"": ""ambiguous_cognate"", ""selected_candidate"": ""bi"", ""final_correction"": ""bi""}, {""token"": ""lolou"", ""category"": ""wolof_formal"", ""selected_candidate"": ""lolou"", ""final_correction"": ""lolou""}, {""token"": ""rk"", ""category"": ""informal_wolof"", ""selected_candidate"": ""rek"", ""final_correction"": ""rek""}, {""token"": ""cas"", ""category"": ""ambiguous_cognate"", ""selected_candidate"": ""cas"", ""final_correction"": ""cas""}, {""token"": ""la"", ""category"": ""ambiguous_cognate"", ""selected_candidate"": ""la"", ""final_correction"": ""la""}, {""token"": ""mouy"", ""category"": ""informal_wolof"", ""selected_candidate"": ""muy"", ""final_correction"": ""muy""}, {""token"": ""topou"", ""category"": ""informal_wolof"", ""selected_candidate"": ""toppu"", ""final_correction"": ""topp""}, {""token"": ""cas"", ""category"": ""ambiguous_cognate"", ""selected_candidate"": ""cas"", ""final_correction"": ""cas""}, {""token"": ""tei"", ""category"": ""informal_wolof"", ""selected_candidate"": ""tee"", ""final_correction"": ""te""}, {""token"": ""am"", ""category"": ""ambiguous_cognate"", ""selected_candidate"": ""am"", ""final_correction"": ""am""}, {""token"": ""cas"", ""category"": ""ambiguous_cognate"", ""selected_candidate"": ""cas"", ""final_correction"": ""cas""}, {""token"": ""thi"", ""category"": ""french_native"", ""selected_candidate"": ""ci"", ""final_correction"": ""ci""}, {""token"": ""bop"", ""category"": ""french_native"", ""selected_candidate"": ""bop"", ""final_correction"": ""bopp""}, {""token"": ""bi"", ""category"": ""ambiguous_cognate"", ""selected_candidate"": ""bi"", ""final_correction"": ""bi""}, {""token"": ""ak"", ""category"": ""ambiguous_cognate"", ""selected_candidate"": ""ak"", ""final_correction"": ""ak""}, {""token"": ""thi"", ""category"": ""french_native"", ""selected_candidate"": ""ci"", ""final_correction"": ""ci""}, {""token"": ""soff"", ""category"": ""informal_wolof"", ""selected_candidate"": ""soof"", ""final_correction"": ""soof""}, {""token"": ""lolou"", ""category"": ""wolof_formal"", ""selected_candidate"": ""lolou"", ""final_correction"": ""loolu""}, {""token"": ""rk"", ""category"": ""informal_wolof"", ""selected_candidate"": ""rek"", ""final_correction"": ""rek""}, {""token"": ""cas"", ""category"": ""ambiguous_cognate"", ""selected_candidate"": ""cas"", ""final_correction"": ""cas""}, {""token"": ""la"", ""category"": ""ambiguous_cognate"", ""selected_candidate"": ""la"", ""final_correction"": ""la""}]"
3551,bonjour. si dabey,salaam ci dajey,salaam ci dajey,discard_uninteresting,https://www.youtube.com/watch?v=8CAy6LdHR4M,"[{""token"": ""bonjour"", ""category"": ""french_substituted"", ""selected_candidate"": ""salaam"", ""final_correction"": ""salaam""}, {""token"": ""si"", ""category"": ""ambiguous_cognate"", ""selected_candidate"": ""ci"", ""final_correction"": ""ci""}, {""token"": ""dabey"", ""category"": ""informal_wolof"", ""selected_candidate"": ""dajey"", ""final_correction"": ""dajey""}]"
5900,ohhh yeureum na bakir,ohhh yërëm na bakir,oh yërëm na bakir,keep,https://www.youtube.com/watch?v=wMOsSBNV-iI,"[{""token"": ""ohhh"", ""category"": ""informal_wolof"", ""selected_candidate"": ""ohhh"", ""final_correction"": ""oh""}, {""token"": ""yeureum"", ""category"": ""informal_wolof"", ""selected_candidate"": ""yërëm"", ""final_correction"": ""yërëm""}, {""token"": ""na"", ""category"": ""ambiguous_cognate"", ""selected_candidate"": ""na"", ""final_correction"": ""na""}, {""token"": ""bakir"", ""category"": ""informal_wolof"", ""selected_candidate"": ""bakir"", ""final_correction"": ""bakir""}]"
10020,ki di way baabel voix bi nèx na deh kanla,ki di waay baabun baatu bi nex na dee fanla,ki di woy baabel voix bi neex na de kan la,keep,https://www.youtube.com/watch?v=qTmXYJn3bTk,"[{""token"": ""ki"", ""category"": ""ambiguous_cognate"", ""selected_candidate"": ""ki"", ""final_correction"": ""ki""}, {""token"": ""di"", ""category"": ""ambiguous_cognate"", ""selected_candidate"": ""di"", ""final_correction"": ""di""}, {""token"": ""way"", ""category"": ""wolof_formal"", ""selected_candidate"": ""waay"", ""final_correction"": ""woy""}, {""token"": ""baabel"", ""category"": ""informal_wolof"", ""selected_candidate"": ""baabel"", ""final_correction"": ""baabel""}, {""token"": ""voix"", ""category"": ""french_substituted"", ""selected_candidate"": ""voix"", ""final_correction"": ""voix""}, {""token"": ""bi"", ""category"": ""ambiguous_cognate"", ""selected_candidate"": ""bi"", ""final_correction"": ""bi""}, {""token"": ""nèx"", ""category"": ""informal_wolof"", ""selected_candidate"": ""nex"", ""final_correction"": ""neex""}, {""token"": ""na"", ""category"": ""ambiguous_cognate"", ""selected_candidate"": ""na"", ""final_correction"": ""na""}, {""token"": ""deh"", ""category"": ""informal_wolof"", ""selected_candidate"": ""de"", ""final_correction"": ""de""}, {""token"": ""kanla"", ""category"": ""informal_wolof"", ""selected_candidate"": ""fanla"", ""final_correction"": ""kan la""}]"
3381,basse c'est l'ex mari de diarra kou ďaccort rk,basse c'est l'ex mari dee diarra ku accord rek,basse c'est l'ex mari dee diarra ku accord rek,discard_uninteresting,https://www.youtube.com/watch?v=l6b5aJIqeNo,"[{""token"": ""basse"", ""category"": ""french_native"", ""selected_candidate"": ""basse"", ""final_correction"": ""basse""}, {""token"": ""c'est"", ""category"": ""french_native"", ""selected_candidate"": ""c'est"", ""final_correction"": ""c'est""}, {""token"": ""l'ex"", ""category"": ""french_native"", ""selected_candidate"": ""l'ex"", ""final_correction"": ""l'ex""}, {""token"": ""mari"", ""category"": ""ambiguous_cognate"", ""selected_candidate"": ""mari"", ""final_correction"": ""mari""}, {""token"": ""de"", ""category"": ""ambiguous_cognate"", ""selected_candidate"": ""dee"", ""final_correction"": ""dee""}, {""token"": ""diarra"", ""category"": ""french_native"", ""selected_candidate"": ""diarra"", ""final_correction"": ""diarra""}, {""token"": ""kou"", ""category"": ""informal_wolof"", ""selected_candidate"": ""ku"", ""final_correction"": ""ku""}, {""token"": ""ďaccort"", ""category"": ""informal_wolof"", ""selected_candidate"": ""accord"", ""final_correction"": ""accord""}, {""token"": ""rk"", ""category"": ""informal_wolof"", ""selected_candidate"": ""rek"", ""final_correction"": ""rek""}]"
3552,ba bel seul,ba bel seul,ba bel seul,discard_uninteresting,https://www.youtube.com/watch?v=8CAy6LdHR4M,"[{""token"": ""ba"", ""category"": ""ambiguous_cognate"", ""selected_candidate"": ""ba"", ""final_correction"": ""ba""}, {""token"": ""bel"", ""category"": ""french_native"", ""selected_candidate"": ""bel"", ""final_correction"": ""bel""}, {""token"": ""seul"", ""category"": ""ambiguous_cognate"", ""selected_candidate"": ""seul"", ""final_correction"": ""seul""}]"
5901,pourtant nīarél yi dagno ame ay waye you bonne rékh mé dagno bakh té nak khame lén ni ame na awo you hypocrite bilahi,pourtant ñaarel yi dagno am ay waye you bonne rékk mé dagno bakk té nak xam leen ni am na ado you hypocrite bilici,pourtant ñaarel yi da ñoo am ay waye yu bon rek mais da ñoo baax te nak xam leen ni am na aawo yu hypocrite bilahi,keep,https://www.youtube.com/watch?v=wMOsSBNV-iI,"[{""token"": ""pourtant"", ""category"": ""french_native"", ""selected_candidate"": ""pourtant"", ""final_correction"": ""pourtant""}, {""token"": ""nīarél"", ""category"": ""informal_wolof"", ""selected_candidate"": ""ñaarel"", ""final_correction"": ""ñaarel""}, {""token"": ""yi"", ""category"": ""ambiguous_cognate"", ""selected_candidate"": ""yi"", ""final_correction"": ""yi""}, {""token"": ""dagno"", ""category"": ""wolof_formal"", ""selected_candidate"": ""dagno"", ""final_correction"": ""da ñoo""}, {""token"": ""ame"", ""category"": ""ambiguous_cognate"", ""selected_candidate"": ""am"", ""final_correction"": ""am""}, {""token"": ""ay"", ""category"": ""ambiguous_cognate"", ""selected_candidate"": ""ay"", ""final_correction"": ""ay""}, {""token"": ""waye"", ""category"": ""wolof_formal"", ""selected_candidate"": ""waye"", ""final_correction"": ""waye""}, {""token"": ""you"", ""category"": ""ambiguous_cognate"", ""selected_candidate"": ""you"", ""final_correction"": ""yu""}, {""token"": ""bonne"", ""category"": ""french_native"", ""selected_candidate"": ""bonne"", ""final_correction"": ""bon""}, {""token"": ""rékh"", ""category"": ""informal_wolof"", ""selected_candidate"": ""rek"", ""final_correction"": ""rek""}, {""token"": ""mé"", ""category"": ""wolof_formal"", ""selected_candidate"": ""mé"", ""final_correction"": ""mais""}, {""token"": ""dagno"", ""category"": ""wolof_formal"", ""selected_candidate"": ""dagno"", ""final_correction"": ""da ñoo""}, {""token"": ""bakh"", ""category"": ""informal_wolof"", ""selected_candidate"": ""baax"", ""final_correction"": ""baax""}, {""token"": ""té"", ""category"": ""ambiguous_cognate"", ""selected_candidate"": ""té"", ""final_correction"": ""te""}, {""token"": ""nak"", ""category"": ""ambiguous_cognate"", ""selected_candidate"": ""nak"", ""final_correction"": ""nak""}, {""token"": ""khame"", ""category"": ""informal_wolof"", ""selected_candidate"": ""xam"", ""final_correction"": ""xam""}, {""token"": ""lén"", ""category"": ""informal_wolof"", ""selected_candidate"": ""leen"", ""final_correction"": ""leen""}, {""token"": ""ni"", ""category"": ""ambiguous_cognate"", ""selected_candidate"": ""ni"", ""final_correction"": ""ni""}, {""token"": ""ame"", ""category"": ""ambiguous_cognate"", ""selected_candidate"": ""am"", ""final_correction"": ""am""}, {""token"": ""na"", ""category"": ""ambiguous_cognate"", ""selected_candidate"": ""na"", ""final_correction"": ""na""}, {""token"": ""awo"", ""category"": ""informal_wolof"", ""selected_candidate"": ""ado"", ""final_correction"": ""aawo""}, {""token"": ""you"", ""category"": ""ambiguous_cognate"", ""selected_candidate"": ""you"", ""final_correction"": ""yu""}, {""token"": ""hypocrite"", ""category"": ""french_native"", ""selected_candidate"": ""hypocrite"", ""final_correction"": ""hypocrite""}, {""token"": ""bilahi"", ""category"": ""informal_wolof"", ""selected_candidate"": ""bilahi"", ""final_correction"": ""bilahi""}]"
10021,maman omou kiye rayé si série douko ray,maman mou biye rayé ci série du ko rey,maman omou kuy reye ci série du ko rey,keep,https://www.youtube.com/watch?v=qTmXYJn3bTk,"[{""token"": ""maman"", ""category"": ""french_native"", ""selected_candidate"": ""maman"", ""final_correction"": ""maman""}, {""token"": ""omou"", ""category"": ""informal_wolof"", ""selected_candidate"": ""omou"", ""final_correction"": ""omou""}, {""token"": ""kiye"", ""category"": ""informal_wolof"", ""selected_candidate"": ""biye"", ""final_correction"": ""kuy""}, {""token"": ""rayé"", ""category"": ""french_native"", ""selected_candidate"": ""rayé"", ""final_correction"": ""reye""}, {""token"": ""si"", ""category"": ""ambiguous_cognate"", ""selected_candidate"": ""ci"", ""final_correction"": ""ci""}, {""token"": ""série"", ""category"": ""ambiguous_cognate"", ""selected_candidate"": ""série"", ""final_correction"": ""série""}, {""token"": ""douko"", ""category"": ""informal_wolof"", ""selected_candidate"": ""du ko"", ""final_correction"": ""du ko""}, {""token"": ""ray"", ""category"": ""ambiguous_cognate"", ""selected_candidate"": ""rey"", ""final_correction"": ""rey""}]"
3382,serigne ndiaye yay maram deug,sëriñ njaay yay aaram dëgg,sëriñ njaay yay aaram dëgg,skip_uncertain,https://www.youtube.com/watch?v=l6b5aJIqeNo,"[{""token"": ""serigne"", ""category"": ""french_substituted"", ""selected_candidate"": ""sëriñ"", ""final_correction"": ""sëriñ""}, {""token"": ""ndiaye"", ""category"": ""french_substituted"", ""selected_candidate"": ""njaay"", ""final_correction"": ""njaay""}, {""token"": ""yay"", ""category"": ""wolof_formal"", ""selected_candidate"": ""yay"", ""final_correction"": ""yay""}, {""token"": ""maram"", ""category"": ""informal_wolof"", ""selected_candidate"": ""aaram"", ""final_correction"": ""aaram""}, {""token"": ""deug"", ""category"": ""informal_wolof"", ""selected_candidate"": ""dëgg"", ""final_correction"": ""dëgg""}]"
3554,ibnou thiam reynama,ibnou caam jeynaba,ibnou thiam rey na ma,keep,https://www.youtube.com/watch?v=8CAy6LdHR4M,"[{""token"": ""ibnou"", ""category"": ""french_native"", ""selected_candidate"": ""ibnou"", ""final_correction"": ""ibnou""}, {""token"": ""thiam"", ""category"": ""french_substituted"", ""selected_candidate"": ""thiam"", ""final_correction"": ""thiam""}, {""token"": ""reynama"", ""category"": ""informal_wolof"", ""selected_candidate"": ""jeynaba"", ""final_correction"": ""rey na ma""}]"
5902,khalil je te dè teste,khalid je te de teste,khalid je te de teste,discard_false_positive,https://www.youtube.com/watch?v=wMOsSBNV-iI,"[{""token"": ""khalil"", ""category"": ""informal_wolof"", ""selected_candidate"": ""khalil"", ""final_correction"": ""khalil""}, {""token"": ""je"", ""category"": ""ambiguous_cognate"", ""selected_candidate"": ""je"", ""final_correction"": ""je""}, {""token"": ""te"", ""category"": ""ambiguous_cognate"", ""selected_candidate"": ""te"", ""final_correction"": ""te""}, {""token"": ""dè"", ""category"": ""informal_wolof"", ""selected_candidate"": ""de"", ""final_correction"": ""de""}, {""token"": ""teste"", ""category"": ""french_native"", ""selected_candidate"": ""teste"", ""final_correction"": ""teste""}]"
10023,kobegue seréuge fallou lalala j'me,kobegue merenge fallou lalal jame,kobegue merenge fallou lalal jame,discard_uninteresting,https://www.youtube.com/watch?v=qTmXYJn3bTk,"[{""token"": ""kobegue"", ""category"": ""informal_wolof"", ""selected_candidate"": ""kobegue"", ""final_correction"": ""kobegue""}, {""token"": ""seréuge"", ""category"": ""informal_wolof"", ""selected_candidate"": ""merenge"", ""final_correction"": ""merenge""}, {""token"": ""fallou"", ""category"": ""french_native"", ""selected_candidate"": ""fallou"", ""final_correction"": ""fallou""}, {""token"": ""lalala"", ""category"": ""informal_wolof"", ""selected_candidate"": ""lalal"", ""final_correction"": ""lalal""}, {""token"": ""j'me"", ""category"": ""informal_wolof"", ""selected_candidate"": ""jame"", ""final_correction"": ""jame""}]"
3383,mariém beau geu naka,marié beau feu naka,marié beau feu naka,skip_uncertain,https://www.youtube.com/watch?v=l6b5aJIqeNo,"[{""token"": ""mariém"", ""category"": ""informal_wolof"", ""selected_candidate"": ""marié"", ""final_correction"": ""marié""}, {""token"": ""beau"", ""category"": ""french_native"", ""selected_candidate"": ""beau"", ""final_correction"": ""beau""}, {""token"": ""geu"", ""category"": ""informal_wolof"", ""selected_candidate"": ""feu"", ""final_correction"": ""feu""}, {""token"": ""naka"", ""category"": ""ambiguous_cognate"", ""selected_candidate"": ""naka"", ""final_correction"": ""naka""}]"
3556,wayen ko guen yakar ni moy relevé bijouterie mane dé domou awa cheikh bi lako tek insa prck mam dji diokhona ko bag héritier bi,wayee ko guen dakar ni mooy relevé bijouterie man dé doomu awa seex bi dako tek ansa puck mam ji diokhona ko bag héritier bi,wayee ko guen dakar ni mooy relevé bijouterie man dé doomu awa seex bi dako tek ansa puck mam ji diokhona ko bag héritier bi,skip_uncertain,https://www.youtube.com/watch?v=8CAy6LdHR4M,"[{""token"": ""wayen"", ""category"": ""informal_wolof"", ""selected_candidate"": ""wayee"", ""final_correction"": ""wayee""}, {""token"": ""ko"", ""category"": ""ambiguous_cognate"", ""selected_candidate"": ""ko"", ""final_correction"": ""ko""}, {""token"": ""guen"", ""category"": ""french_native"", ""selected_candidate"": ""guen"", ""final_correction"": ""guen""}, {""token"": ""yakar"", ""category"": ""informal_wolof"", ""selected_candidate"": ""dakar"", ""final_correction"": ""dakar""}, {""token"": ""ni"", ""category"": ""ambiguous_cognate"", ""selected_candidate"": ""ni"", ""final_correction"": ""ni""}, {""token"": ""moy"", ""category"": ""wolof_formal"", ""selected_candidate"": ""mooy"", ""final_correction"": ""mooy""}, {""token"": ""relevé"", ""category"": ""french_native"", ""selected_candidate"": ""relevé"", ""final_correction"": ""relevé""}, {""token"": ""bijouterie"", ""category"": ""french_native"", ""selected_candidate"": ""bijouterie"", ""final_correction"": ""bijouterie""}, {""token"": ""mane"", ""category"": ""ambiguous_cognate"", ""selected_candidate"": ""man"", ""final_correction"": ""man""}, {""token"": ""dé"", ""category"": ""ambiguous_cognate"", ""selected_candidate"": ""dé"", ""final_correction"": ""dé""}, {""token"": ""domou"", ""category"": ""informal_wolof"", ""selected_candidate"": ""doomu"", ""final_correction"": ""doomu""}, {""token"": ""awa"", ""category"": ""ambiguous_cognate"", ""selected_candidate"": ""awa"", ""final_correction"": ""awa""}, {""token"": ""cheikh"", ""category"": ""french_substituted"", ""selected_candidate"": ""seex"", ""final_correction"": ""seex""}, {""token"": ""bi"", ""category"": ""ambiguous_cognate"", ""selected_candidate"": ""bi"", ""final_correction"": ""bi""}, {""token"": ""lako"", ""category"": ""informal_wolof"", ""selected_candidate"": ""dako"", ""final_correction"": ""dako""}, {""token"": ""tek"", ""category"": ""ambiguous_cognate"", ""selected_candidate"": ""tek"", ""final_correction"": ""tek""}, {""token"": ""insa"", ""category"": ""informal_wolof"", ""selected_candidate"": ""ansa"", ""final_correction"": ""ansa""}, {""token"": ""prck"", ""category"": ""informal_wolof"", ""selected_candidate"": ""puck"", ""final_correction"": ""puck""}, {""token"": ""mam"", ""category"": ""ambiguous_cognate"", ""selected_candidate"": ""mam"", ""final_correction"": ""mam""}, {""token"": ""dji"", ""category"": ""informal_wolof"", ""selected_candidate"": ""ji"", ""final_correction"": ""ji""}, {""token"": ""diokhona"", ""category"": ""informal_wolof"", ""selected_candidate"": ""diokhona"", ""final_correction"": ""diokhona""}, {""token"": ""ko"", ""category"": ""ambiguous_cognate"", ""selected_candidate"": ""ko"", ""final_correction"": ""ko""}, {""token"": ""bag"", ""category"": ""wolof_formal"", ""selected_candidate"": ""bag"", ""final_correction"": ""bag""}, {""token"": ""héritier"", ""category"": ""french_native"", ""selected_candidate"": ""héritier"", ""final_correction"": ""héritier""}, {""token"": ""bi"", ""category"": ""ambiguous_cognate"", ""selected_candidate"": ""bi"", ""final_correction"": ""bi""}]"
5903,nabou arabe yi nekhe nama,ŋàbbu arabe yi nekke na ma,ŋàbbu arabe yi nekke na ma,skip_uncertain,https://www.youtube.com/watch?v=wMOsSBNV-iI,"[{""token"": ""nabou"", ""category"": ""informal_wolof"", ""selected_candidate"": ""ŋàbbu"", ""final_correction"": ""ŋàbbu""}, {""token"": ""arabe"", ""category"": ""ambiguous_cognate"", ""selected_candidate"": ""arabe"", ""final_correction"": ""arabe""}, {""token"": ""yi"", ""category"": ""ambiguous_cognate"", ""selected_candidate"": ""yi"", ""final_correction"": ""yi""}, {""token"": ""nekhe"", ""category"": ""informal_wolof"", ""selected_candidate"": ""nekke"", ""final_correction"": ""nekke""}, {""token"": ""nama"", ""category"": ""ambiguous_cognate"", ""selected_candidate"": ""na ma"", ""final_correction"": ""na ma""}]"
10025,tidiane fessél ki da rew yambar gua trop,tiijaan fessal ki da reew yambar nga trop,tiijaan fessal ki da reew yambar nga trop,skip_uncertain,https://www.youtube.com/watch?v=qTmXYJn3bTk,"[{""token"": ""tidiane"", ""category"": ""french_substituted"", ""selected_candidate"": ""tiijaan"", ""final_correction"": ""tiijaan""}, {""token"": ""fessél"", ""category"": ""informal_wolof"", ""selected_candidate"": ""fessal"", ""final_correction"": ""fessal""}, {""token"": ""ki"", ""category"": ""ambiguous_cognate"", ""selected_candidate"": ""ki"", ""final_correction"": ""ki""}, {""token"": ""da"", ""category"": ""ambiguous_cognate"", ""selected_candidate"": ""da"", ""final_correction"": ""da""}, {""token"": ""rew"", ""category"": ""wolof_formal"", ""selected_candidate"": ""reew"", ""final_correction"": ""reew""}, {""token"": ""yambar"", ""category"": ""wolof_formal"", ""selected_candidate"": ""yambar"", ""final_correction"": ""yambar""}, {""token"": ""gua"", ""category"": ""informal_wolof"", ""selected_candidate"": ""nga"", ""final_correction"": ""nga""}, {""token"": ""trop"", ""category"": ""french_native"", ""selected_candidate"": ""trop"", ""final_correction"": ""trop""}]"
3385,wa diama koula bayi fipou baxoul,waa daama ku la bàyyi fippu baxul,waa diama ku la bàyyi fippu baaxul,keep,https://www.youtube.com/watch?v=l6b5aJIqeNo,"[{""token"": ""wa"", ""category"": ""ambiguous_cognate"", ""selected_candidate"": ""waa"", ""final_correction"": ""waa""}, {""token"": ""diama"", ""category"": ""informal_wolof"", ""selected_candidate"": ""diama"", ""final_correction"": ""diama""}, {""token"": ""koula"", ""category"": ""french_native"", ""selected_candidate"": ""ku la"", ""final_correction"": ""ku la""}, {""token"": ""bayi"", ""category"": ""wolof_formal"", ""selected_candidate"": ""bàyyi"", ""final_correction"": ""bàyyi""}, {""token"": ""fipou"", ""category"": ""informal_wolof"", ""selected_candidate"": ""fippu"", ""final_correction"": ""fippu""}, {""token"": ""baxoul"", ""category"": ""informal_wolof"", ""selected_candidate"": ""baaxul"", ""final_correction"": ""baaxul""}]"
3557,bakir yama ligey pour ma gate,bakir yama ligéy pour maa gate,bakir yaa ma liggéey pour ma gàtt,keep,https://www.youtube.com/watch?v=8CAy6LdHR4M,"[{""token"": ""bakir"", ""category"": ""informal_wolof"", ""selected_candidate"": ""bakir"", ""final_correction"": ""bakir""}, {""token"": ""yama"", ""category"": ""ambiguous_cognate"", ""selected_candidate"": ""yama"", ""final_correction"": ""yaa ma""}, {""token"": ""ligey"", ""category"": ""informal_wolof"", ""selected_candidate"": ""ligéy"", ""final_correction"": ""liggéey""}, {""token"": ""pour"", ""category"": ""ambiguous_cognate"", ""selected_candidate"": ""pour"", ""final_correction"": ""pour""}, {""token"": ""ma"", ""category"": ""ambiguous_cognate"", ""selected_candidate"": ""ma"", ""final_correction"": ""ma""}, {""token"": ""gate"", ""category"": ""ambiguous_cognate"", ""selected_candidate"": ""gate"", ""final_correction"": ""gàtt""}]"
5904,nabou comédie la deug,ŋàbbu comédie lay dëgg,ŋàbbu comédie lay dëgg,discard_uninteresting,https://www.youtube.com/watch?v=wMOsSBNV-iI,"[{""token"": ""nabou"", ""category"": ""informal_wolof"", ""selected_candidate"": ""ŋàbbu"", ""final_correction"": ""ŋàbbu""}, {""token"": ""comédie"", ""category"": ""french_native"", ""selected_candidate"": ""comédie"", ""final_correction"": ""comédie""}, {""token"": ""la"", ""category"": ""ambiguous_cognate"", ""selected_candidate"": ""lay"", ""final_correction"": ""lay""}, {""token"": ""deug"", ""category"": ""informal_wolof"", ""selected_candidate"": ""dëgg"", ""final_correction"": ""dëgg""}]"
10026,le meilleurs séries kou d'accord lalal j'aime ️,la meilleurs séries ku d'accord laalal j'aime,les meilleurs séries ku d'accord laalal j'aime,keep,https://www.youtube.com/watch?v=qTmXYJn3bTk,"[{""token"": ""le"", ""category"": ""ambiguous_cognate"", ""selected_candidate"": ""la"", ""final_correction"": ""les""}, {""token"": ""meilleurs"", ""category"": ""french_native"", ""selected_candidate"": ""meilleurs"", ""final_correction"": ""meilleurs""}, {""token"": ""séries"", ""category"": ""french_native"", ""selected_candidate"": ""séries"", ""final_correction"": ""séries""}, {""token"": ""kou"", ""category"": ""informal_wolof"", ""selected_candidate"": ""ku"", ""final_correction"": ""ku""}, {""token"": ""d'accord"", ""category"": ""french_native"", ""selected_candidate"": ""d'accord"", ""final_correction"": ""d'accord""}, {""token"": ""lalal"", ""category"": ""wolof_formal"", ""selected_candidate"": ""laalal"", ""final_correction"": ""laalal""}, {""token"": ""j'aime"", ""category"": ""french_native"", ""selected_candidate"": ""j'aime"", ""final_correction"": ""j'aime""}]"
3386,théâtre sans saaga dafa neex bayilene xel si xaleyi,théâtre sans saaga dafa neex bayileen xel ci xaleyi,théâtre sans saaga dafa neex bàyyi leen xel ci xale yi,keep,https://www.youtube.com/watch?v=l6b5aJIqeNo,"[{""token"": ""théâtre"", ""category"": ""ambiguous_cognate"", ""selected_candidate"": ""théâtre"", ""final_correction"": ""théâtre""}, {""token"": ""sans"", ""category"": ""ambiguous_cognate"", ""selected_candidate"": ""sans"", ""final_correction"": ""sans""}, {""token"": ""saaga"", ""category"": ""wolof_formal"", ""selected_candidate"": ""saaga"", ""final_correction"": ""saaga""}, {""token"": ""dafa"", ""category"": ""ambiguous_cognate"", ""selected_candidate"": ""dafa"", ""final_correction"": ""dafa""}, {""token"": ""neex"", ""category"": ""ambiguous_cognate"", ""selected_candidate"": ""neex"", ""final_correction"": ""neex""}, {""token"": ""bayilene"", ""category"": ""informal_wolof"", ""selected_candidate"": ""bayileen"", ""final_correction"": ""bàyyi leen""}, {""token"": ""xel"", ""category"": ""ambiguous_cognate"", ""selected_candidate"": ""xel"", ""final_correction"": ""xel""}, {""token"": ""si"", ""category"": ""ambiguous_cognate"", ""selected_candidate"": ""ci"", ""final_correction"": ""ci""}, {""token"": ""xaleyi"", ""category"": ""wolof_formal"", ""selected_candidate"": ""xaleyi"", ""final_correction"": ""xale yi""}]"
3559,dimbaleh len english la janga lan moy pdc?,dimbalee len english lay banga lan mooy ldc,dimbalee len english lay banga lan mooy ldc,skip_uncertain,https://www.youtube.com/watch?v=8CAy6LdHR4M,"[{""token"": ""dimbaleh"", ""category"": ""informal_wolof"", ""selected_candidate"": ""dimbalee"", ""final_correction"": ""dimbalee""}, {""token"": ""len"", ""category"": ""wolof_formal"", ""selected_candidate"": ""len"", ""final_correction"": ""len""}, {""token"": ""english"", ""category"": ""ambiguous_cognate"", ""selected_candidate"": ""english"", ""final_correction"": ""english""}, {""token"": ""la"", ""category"": ""ambiguous_cognate"", ""selected_candidate"": ""lay"", ""final_correction"": ""lay""}, {""token"": ""janga"", ""category"": ""informal_wolof"", ""selected_candidate"": ""banga"", ""final_correction"": ""banga""}, {""token"": ""lan"", ""category"": ""ambiguous_cognate"", ""selected_candidate"": ""lan"", ""final_correction"": ""lan""}, {""token"": ""moy"", ""category"": ""wolof_formal"", ""selected_candidate"": ""mooy"", ""final_correction"": ""mooy""}, {""token"": ""pdc"", ""category"": ""informal_wolof"", ""selected_candidate"": ""ldc"", ""final_correction"": ""ldc""}]"
5905,guisngène soukou bakir bi,guisngène sukk bakir bi,gis ngeen sukk bakir bi,keep,https://www.youtube.com/watch?v=wMOsSBNV-iI,"[{""token"": ""guisngène"", ""category"": ""informal_wolof"", ""selected_candidate"": ""guisngène"", ""final_correction"": ""gis ngeen""}, {""token"": ""soukou"", ""category"": ""ambiguous_cognate"", ""selected_candidate"": ""sukk"", ""final_correction"": ""sukk""}, {""token"": ""bakir"", ""category"": ""informal_wolof"", ""selected_candidate"": ""bakir"", ""final_correction"": ""bakir""}, {""token"": ""bi"", ""category"": ""ambiguous_cognate"", ""selected_candidate"": ""bi"", ""final_correction"": ""bi""}]"
10027,la millier séri de sénégalais lala j’aime,lay millier séri dee saasenegaal laal j aime,lay millier séri dee saasenegaal laal j aime,discard_uninteresting,https://www.youtube.com/watch?v=qTmXYJn3bTk,"[{""token"": ""la"", ""category"": ""ambiguous_cognate"", ""selected_candidate"": ""lay"", ""final_correction"": ""lay""}, {""token"": ""millier"", ""category"": ""french_native"", ""selected_candidate"": ""millier"", ""final_correction"": ""millier""}, {""token"": ""séri"", ""category"": ""wolof_formal"", ""selected_candidate"": ""séri"", ""final_correction"": ""séri""}, {""token"": ""de"", ""category"": ""ambiguous_cognate"", ""selected_candidate"": ""dee"", ""final_correction"": ""dee""}, {""token"": ""sénégalais"", ""category"": ""french_substituted"", ""selected_candidate"": ""saasenegaal"", ""final_correction"": ""saasenegaal""}, {""token"": ""lala"", ""category"": ""ambiguous_cognate"", ""selected_candidate"": ""laal"", ""final_correction"": ""laal""}, {""token"": ""j"", ""category"": ""ambiguous_cognate"", ""selected_candidate"": ""j"", ""final_correction"": ""j""}, {""token"": ""aime"", ""category"": ""french_native"", ""selected_candidate"": ""aime"", ""final_correction"": ""aime""}]"
3387,bouko terei nitt leu après tout nieupeuy saga,bu ko teree nit la gànnaaw lépp nieupeuy saga,bu ko teree nit la après tout ñéppay saaga,keep,https://www.youtube.com/watch?v=l6b5aJIqeNo,"[{""token"": ""bouko"", ""category"": ""informal_wolof"", ""selected_candidate"": ""bu ko"", ""final_correction"": ""bu ko""}, {""token"": ""terei"", ""category"": ""informal_wolof"", ""selected_candidate"": ""teree"", ""final_correction"": ""teree""}, {""token"": ""nitt"", ""category"": ""wolof_formal"", ""selected_candidate"": ""nit"", ""final_correction"": ""nit""}, {""token"": ""leu"", ""category"": ""french_native"", ""selected_candidate"": ""la"", ""final_correction"": ""la""}, {""token"": ""après"", ""category"": ""french_substituted"", ""selected_candidate"": ""après"", ""final_correction"": ""après""}, {""token"": ""tout"", ""category"": ""french_substituted"", ""selected_candidate"": ""tout"", ""final_correction"": ""tout""}, {""token"": ""nieupeuy"", ""category"": ""informal_wolof"", ""selected_candidate"": ""nieupeuy"", ""final_correction"": ""ñéppay""}, {""token"": ""saga"", ""category"": ""ambiguous_cognate"", ""selected_candidate"": ""saga"", ""final_correction"": ""saaga""}]"
3560,dimbaleh len english la janga lan moy pdc?,dimbalee len english lay banga lan mooy ldc,dimbalee len english lay banga lan mooy ldc,discard_uninteresting,https://www.youtube.com/watch?v=8CAy6LdHR4M,"[{""token"": ""dimbaleh"", ""category"": ""informal_wolof"", ""selected_candidate"": ""dimbalee"", ""final_correction"": ""dimbalee""}, {""token"": ""len"", ""category"": ""wolof_formal"", ""selected_candidate"": ""len"", ""final_correction"": ""len""}, {""token"": ""english"", ""category"": ""ambiguous_cognate"", ""selected_candidate"": ""english"", ""final_correction"": ""english""}, {""token"": ""la"", ""category"": ""ambiguous_cognate"", ""selected_candidate"": ""lay"", ""final_correction"": ""lay""}, {""token"": ""janga"", ""category"": ""informal_wolof"", ""selected_candidate"": ""banga"", ""final_correction"": ""banga""}, {""token"": ""lan"", ""category"": ""ambiguous_cognate"", ""selected_candidate"": ""lan"", ""final_correction"": ""lan""}, {""token"": ""moy"", ""category"": ""wolof_formal"", ""selected_candidate"": ""mooy"", ""final_correction"": ""mooy""}, {""token"": ""pdc"", ""category"": ""informal_wolof"", ""selected_candidate"": ""ldc"", ""final_correction"": ""ldc""}]"
5906,son j’aimante bi khalil di wayal sokhna djalika c’est dispo wala ? si oui c’est quoi le titre?,son j aimante bi khalid di aayal soxna saalika c est dispo wala ci waaw c est quoi les titre,son j aimante bi khalid di aayal soxna saalika c est dispo wala ci waaw c est quoi les titre,skip_uncertain,https://www.youtube.com/watch?v=wMOsSBNV-iI,"[{""token"": ""son"", ""category"": ""ambiguous_cognate"", ""selected_candidate"": ""son"", ""final_correction"": ""son""}, {""token"": ""j"", ""category"": ""ambiguous_cognate"", ""selected_candidate"": ""j"", ""final_correction"": ""j""}, {""token"": ""aimante"", ""category"": ""french_native"", ""selected_candidate"": ""aimante"", ""final_correction"": ""aimante""}, {""token"": ""bi"", ""category"": ""ambiguous_cognate"", ""selected_candidate"": ""bi"", ""final_correction"": ""bi""}, {""token"": ""khalil"", ""category"": ""informal_wolof"", ""selected_candidate"": ""khalil"", ""final_correction"": ""khalil""}, {""token"": ""di"", ""category"": ""ambiguous_cognate"", ""selected_candidate"": ""di"", ""final_correction"": ""di""}, {""token"": ""wayal"", ""category"": ""informal_wolof"", ""selected_candidate"": ""aayal"", ""final_correction"": ""aayal""}, {""token"": ""sokhna"", ""category"": ""french_substituted"", ""selected_candidate"": ""soxna"", ""final_correction"": ""soxna""}, {""token"": ""djalika"", ""category"": ""informal_wolof"", ""selected_candidate"": ""saalika"", ""final_correction"": ""saalika""}, {""token"": ""c"", ""category"": ""ambiguous_cognate"", ""selected_candidate"": ""c"", ""final_correction"": ""c""}, {""token"": ""est"", ""category"": ""ambiguous_cognate"", ""selected_candidate"": ""est"", ""final_correction"": ""est""}, {""token"": ""dispo"", ""category"": ""french_native"", ""selected_candidate"": ""dispo"", ""final_correction"": ""dispo""}, {""token"": ""wala"", ""category"": ""ambiguous_cognate"", ""selected_candidate"": ""wala"", ""final_correction"": ""wala""}, {""token"": ""si"", ""category"": ""ambiguous_cognate"", ""selected_candidate"": ""ci"", ""final_correction"": ""ci""}, {""token"": ""oui"", ""category"": ""french_substituted"", ""selected_candidate"": ""waaw"", ""final_correction"": ""waaw""}, {""token"": ""c"", ""category"": ""ambiguous_cognate"", ""selected_candidate"": ""c"", ""final_correction"": ""c""}, {""token"": ""est"", ""category"": ""ambiguous_cognate"", ""selected_candidate"": ""est"", ""final_correction"": ""est""}, {""token"": ""quoi"", ""category"": ""ambiguous_cognate"", ""selected_candidate"": ""quoi"", ""final_correction"": ""quoi""}, {""token"": ""le"", ""category"": ""ambiguous_cognate"", ""selected_candidate"": ""les"", ""final_correction"": ""les""}, {""token"": ""titre"", ""category"": ""ambiguous_cognate"", ""selected_candidate"": ""titre"", ""final_correction"": ""titre""}]"
10031,dafay beug rew soff la deff,dafay bëgg reew soof lay def,dafay bëgg reew soof lay def,keep,https://www.youtube.com/watch?v=qTmXYJn3bTk,"[{""token"": ""dafay"", ""category"": ""wolof_formal"", ""selected_candidate"": ""dafay"", ""final_correction"": ""dafay""}, {""token"": ""beug"", ""category"": ""wolof_formal"", ""selected_candidate"": ""bëgg"", ""final_correction"": ""bëgg""}, {""token"": ""rew"", ""category"": ""wolof_formal"", ""selected_candidate"": ""reew"", ""final_correction"": ""reew""}, {""token"": ""soff"", ""category"": ""informal_wolof"", ""selected_candidate"": ""soof"", ""final_correction"": ""soof""}, {""token"": ""la"", ""category"": ""ambiguous_cognate"", ""selected_candidate"": ""lay"", ""final_correction"": ""lay""}, {""token"": ""deff"", ""category"": ""ambiguous_cognate"", ""selected_candidate"": ""def"", ""final_correction"": ""def""}]"
3388,lady.il.etait.temps..met.zbass.et.elhadj.dans.un meme sac.et.va.affronter.baba.et.maman tu.es.fatiguee,lady il état temps met bass et elhadj dans un meme sac et va affronter baba et maman tu est-ce fatiguee,lady il état temps met bass et elhadj dans un meme sac et va affronter baba et maman tu est-ce fatiguee,discard_uninteresting,https://www.youtube.com/watch?v=l6b5aJIqeNo,"[{""token"": ""lady"", ""category"": ""ambiguous_cognate"", ""selected_candidate"": ""lady"", ""final_correction"": ""lady""}, {""token"": ""il"", ""category"": ""ambiguous_cognate"", ""selected_candidate"": ""il"", ""final_correction"": ""il""}, {""token"": ""etait"", ""category"": ""informal_wolof"", ""selected_candidate"": ""état"", ""final_correction"": ""état""}, {""token"": ""temps"", ""category"": ""ambiguous_cognate"", ""selected_candidate"": ""temps"", ""final_correction"": ""temps""}, {""token"": ""met"", ""category"": ""ambiguous_cognate"", ""selected_candidate"": ""met"", ""final_correction"": ""met""}, {""token"": ""zbass"", ""category"": ""informal_wolof"", ""selected_candidate"": ""bass"", ""final_correction"": ""bass""}, {""token"": ""et"", ""category"": ""ambiguous_cognate"", ""selected_candidate"": ""et"", ""final_correction"": ""et""}, {""token"": ""elhadj"", ""category"": ""informal_wolof"", ""selected_candidate"": ""elhadj"", ""final_correction"": ""elhadj""}, {""token"": ""dans"", ""category"": ""ambiguous_cognate"", ""selected_candidate"": ""dans"", ""final_correction"": ""dans""}, {""token"": ""un"", ""category"": ""ambiguous_cognate"", ""selected_candidate"": ""un"", ""final_correction"": ""un""}, {""token"": ""meme"", ""category"": ""ambiguous_cognate"", ""selected_candidate"": ""meme"", ""final_correction"": ""meme""}, {""token"": ""sac"", ""category"": ""ambiguous_cognate"", ""selected_candidate"": ""sac"", ""final_correction"": ""sac""}, {""token"": ""et"", ""category"": ""ambiguous_cognate"", ""selected_candidate"": ""et"", ""final_correction"": ""et""}, {""token"": ""va"", ""category"": ""ambiguous_cognate"", ""selected_candidate"": ""va"", ""final_correction"": ""va""}, {""token"": ""affronter"", ""category"": ""french_native"", ""selected_candidate"": ""affronter"", ""final_correction"": ""affronter""}, {""token"": ""baba"", ""category"": ""ambiguous_cognate"", ""selected_candidate"": ""baba"", ""final_correction"": ""baba""}, {""token"": ""et"", ""category"": ""ambiguous_cognate"", ""selected_candidate"": ""et"", ""final_correction"": ""et""}, {""token"": ""maman"", ""category"": ""french_native"", ""selected_candidate"": ""maman"", ""final_correction"": ""maman""}, {""token"": ""tu"", ""category"": ""ambiguous_cognate"", ""selected_candidate"": ""tu"", ""final_correction"": ""tu""}, {""token"": ""es"", ""category"": ""ambiguous_cognate"", ""selected_candidate"": ""est-ce"", ""final_correction"": ""est-ce""}, {""token"": ""fatiguee"", ""category"": ""informal_wolof"", ""selected_candidate"": ""fatiguee"", ""final_correction"": ""fatiguee""}]"
3561,wa leyla eumboul won,waa leyla xumbul won,waa leyla ëmbul woon,keep,https://www.youtube.com/watch?v=8CAy6LdHR4M,"[{""token"": ""wa"", ""category"": ""ambiguous_cognate"", ""selected_candidate"": ""waa"", ""final_correction"": ""waa""}, {""token"": ""leyla"", ""category"": ""informal_wolof"", ""selected_candidate"": ""leyla"", ""final_correction"": ""leyla""}, {""token"": ""eumboul"", ""category"": ""informal_wolof"", ""selected_candidate"": ""ëmbul"", ""final_correction"": ""ëmbul""}, {""token"": ""won"", ""category"": ""ambiguous_cognate"", ""selected_candidate"": ""won"", ""final_correction"": ""woon""}]"
5909,kou guem ni chiekh tidaiane ak aicha dane beuguate rek lalale j'aime,ku geem ni chiekh tidaiane ak aicha dabe beuguate rek dalale j'aime,ku gëm ni chiekh tidaiane ak aicha dane bëggante rek laalal j'aime,keep,https://www.youtube.com/watch?v=wMOsSBNV-iI,"[{""token"": ""kou"", ""category"": ""informal_wolof"", ""selected_candidate"": ""ku"", ""final_correction"": ""ku""}, {""token"": ""guem"", ""category"": ""informal_wolof"", ""selected_candidate"": ""gëm"", ""final_correction"": ""gëm""}, {""token"": ""ni"", ""category"": ""ambiguous_cognate"", ""selected_candidate"": ""ni"", ""final_correction"": ""ni""}, {""token"": ""chiekh"", ""category"": ""informal_wolof"", ""selected_candidate"": ""chiekh"", ""final_correction"": ""chiekh""}, {""token"": ""tidaiane"", ""category"": ""informal_wolof"", ""selected_candidate"": ""tidaiane"", ""final_correction"": ""tidaiane""}, {""token"": ""ak"", ""category"": ""ambiguous_cognate"", ""selected_candidate"": ""ak"", ""final_correction"": ""ak""}, {""token"": ""aicha"", ""category"": ""informal_wolof"", ""selected_candidate"": ""aicha"", ""final_correction"": ""aicha""}, {""token"": ""dane"", ""category"": ""informal_wolof"", ""selected_candidate"": ""dane"", ""final_correction"": ""dane""}, {""token"": ""beuguate"", ""category"": ""informal_wolof"", ""selected_candidate"": ""beuguate"", ""final_correction"": ""bëggante""}, {""token"": ""rek"", ""category"": ""ambiguous_cognate"", ""selected_candidate"": ""rek"", ""final_correction"": ""rek""}, {""token"": ""lalale"", ""category"": ""informal_wolof"", ""selected_candidate"": ""dalale"", ""final_correction"": ""laalal""}, {""token"": ""j'aime"", ""category"": ""french_native"", ""selected_candidate"": ""j'aime"", ""final_correction"": ""j'aime""}]"
10032,bako ba tidiane nop boy bou khess bi,bajo ba tiijaan gop boy bu khess bi,ba ko ba tidiane nob boy bu xees bi,keep,https://www.youtube.com/watch?v=qTmXYJn3bTk,"[{""token"": ""bako"", ""category"": ""informal_wolof"", ""selected_candidate"": ""bako"", ""final_correction"": ""ba ko""}, {""token"": ""ba"", ""category"": ""ambiguous_cognate"", ""selected_candidate"": ""ba"", ""final_correction"": ""ba""}, {""token"": ""tidiane"", ""category"": ""french_substituted"", ""selected_candidate"": ""tidiane"", ""final_correction"": ""tidiane""}, {""token"": ""nop"", ""category"": ""informal_wolof"", ""selected_candidate"": ""nob"", ""final_correction"": ""nob""}, {""token"": ""boy"", ""category"": ""ambiguous_cognate"", ""selected_candidate"": ""boy"", ""final_correction"": ""boy""}, {""token"": ""bou"", ""category"": ""ambiguous_cognate"", ""selected_candidate"": ""bu"", ""final_correction"": ""bu""}, {""token"": ""khess"", ""category"": ""informal_wolof"", ""selected_candidate"": ""khess"", ""final_correction"": ""xees""}, {""token"": ""bi"", ""category"": ""ambiguous_cognate"", ""selected_candidate"": ""bi"", ""final_correction"": ""bi""}]"
3389,ms serigne ndiaye bon nga di torokhal diabar dji ni,ms sëriñ njaay bon nga di toroxal jabar ji ni,mais serigne ndiaye bon nga di toroxal jabar ji ni,keep,https://www.youtube.com/watch?v=l6b5aJIqeNo,"[{""token"": ""ms"", ""category"": ""ambiguous_cognate"", ""selected_candidate"": ""ms"", ""final_correction"": ""mais""}, {""token"": ""serigne"", ""category"": ""french_substituted"", ""selected_candidate"": ""serigne"", ""final_correction"": ""serigne""}, {""token"": ""ndiaye"", ""category"": ""french_substituted"", ""selected_candidate"": ""ndiaye"", ""final_correction"": ""ndiaye""}, {""token"": ""bon"", ""category"": ""ambiguous_cognate"", ""selected_candidate"": ""bon"", ""final_correction"": ""bon""}, {""token"": ""nga"", ""category"": ""ambiguous_cognate"", ""selected_candidate"": ""nga"", ""final_correction"": ""nga""}, {""token"": ""di"", ""category"": ""ambiguous_cognate"", ""selected_candidate"": ""di"", ""final_correction"": ""di""}, {""token"": ""torokhal"", ""category"": ""informal_wolof"", ""selected_candidate"": ""toroxal"", ""final_correction"": ""toroxal""}, {""token"": ""diabar"", ""category"": ""informal_wolof"", ""selected_candidate"": ""jabar"", ""final_correction"": ""jabar""}, {""token"": ""dji"", ""category"": ""informal_wolof"", ""selected_candidate"": ""ji"", ""final_correction"": ""ji""}, {""token"": ""ni"", ""category"": ""ambiguous_cognate"", ""selected_candidate"": ""ni"", ""final_correction"": ""ni""}]"
3564,li. nékh na ma maman ndiouga,lii neex na maa maman ndiouga,lii neex na ma maman ndiouga,keep,https://www.youtube.com/watch?v=8CAy6LdHR4M,"[{""token"": ""li"", ""category"": ""ambiguous_cognate"", ""selected_candidate"": ""lii"", ""final_correction"": ""lii""}, {""token"": ""nékh"", ""category"": ""informal_wolof"", ""selected_candidate"": ""neex"", ""final_correction"": ""neex""}, {""token"": ""na"", ""category"": ""ambiguous_cognate"", ""selected_candidate"": ""na"", ""final_correction"": ""na""}, {""token"": ""ma"", ""category"": ""ambiguous_cognate"", ""selected_candidate"": ""ma"", ""final_correction"": ""ma""}, {""token"": ""maman"", ""category"": ""french_native"", ""selected_candidate"": ""maman"", ""final_correction"": ""maman""}, {""token"": ""ndiouga"", ""category"": ""informal_wolof"", ""selected_candidate"": ""ndiouga"", ""final_correction"": ""ndiouga""}]"
5910,sa yaye loumou bobone respect tecko,sa yaye dougou batone cër tééko,sa yaye dougou batone cër tééko,skip_uncertain,https://www.youtube.com/watch?v=wMOsSBNV-iI,"[{""token"": ""sa"", ""category"": ""ambiguous_cognate"", ""selected_candidate"": ""sa"", ""final_correction"": ""sa""}, {""token"": ""yaye"", ""category"": ""wolof_formal"", ""selected_candidate"": ""yaye"", ""final_correction"": ""yaye""}, {""token"": ""loumou"", ""category"": ""informal_wolof"", ""selected_candidate"": ""dougou"", ""final_correction"": ""dougou""}, {""token"": ""bobone"", ""category"": ""informal_wolof"", ""selected_candidate"": ""batone"", ""final_correction"": ""batone""}, {""token"": ""respect"", ""category"": ""french_substituted"", ""selected_candidate"": ""cër"", ""final_correction"": ""cër""}, {""token"": ""tecko"", ""category"": ""informal_wolof"", ""selected_candidate"": ""tééko"", ""final_correction"": ""tééko""}]"
10033,defa ndem soff trop,defa ndem soof trop,defa ndem soof trop,skip_uncertain,https://www.youtube.com/watch?v=qTmXYJn3bTk,"[{""token"": ""defa"", ""category"": ""wolof_formal"", ""selected_candidate"": ""defa"", ""final_correction"": ""defa""}, {""token"": ""ndem"", ""category"": ""wolof_formal"", ""selected_candidate"": ""ndem"", ""final_correction"": ""ndem""}, {""token"": ""soff"", ""category"": ""informal_wolof"", ""selected_candidate"": ""soof"", ""final_correction"": ""soof""}, {""token"": ""trop"", ""category"": ""french_native"", ""selected_candidate"": ""trop"", ""final_correction"": ""trop""}]"
3390,je vous avais dit que mareme dafay topp bass découvrir deug bi mais comme domaram la dafa dem werr ko si digou nit yi . mais wollah elle est mon actrice préférée après asmaou.,je vous avais dit que maree dafay topp bass découvrir dëgg bi mais comme dogalam lay dafa dem werr ko ci diggu nit yi mais wolla elle est moo actrice préférée gànnaaw aamadu,je vous avais dit que mareme dafay topp bass découvrir dëgg bi mais comme doomaraam la dafa dem weer ko ci diggu nit yi mais wollah elle est mon actrice préférée gànnaaw asmaou,keep,https://www.youtube.com/watch?v=l6b5aJIqeNo,"[{""token"": ""je"", ""category"": ""ambiguous_cognate"", ""selected_candidate"": ""je"", ""final_correction"": ""je""}, {""token"": ""vous"", ""category"": ""ambiguous_cognate"", ""selected_candidate"": ""vous"", ""final_correction"": ""vous""}, {""token"": ""avais"", ""category"": ""french_native"", ""selected_candidate"": ""avais"", ""final_correction"": ""avais""}, {""token"": ""dit"", ""category"": ""ambiguous_cognate"", ""selected_candidate"": ""dit"", ""final_correction"": ""dit""}, {""token"": ""que"", ""category"": ""ambiguous_cognate"", ""selected_candidate"": ""que"", ""final_correction"": ""que""}, {""token"": ""mareme"", ""category"": ""informal_wolof"", ""selected_candidate"": ""mareme"", ""final_correction"": ""mareme""}, {""token"": ""dafay"", ""category"": ""wolof_formal"", ""selected_candidate"": ""dafay"", ""final_correction"": ""dafay""}, {""token"": ""topp"", ""category"": ""ambiguous_cognate"", ""selected_candidate"": ""topp"", ""final_correction"": ""topp""}, {""token"": ""bass"", ""category"": ""wolof_formal"", ""selected_candidate"": ""bass"", ""final_correction"": ""bass""}, {""token"": ""découvrir"", ""category"": ""french_native"", ""selected_candidate"": ""découvrir"", ""final_correction"": ""découvrir""}, {""token"": ""deug"", ""category"": ""informal_wolof"", ""selected_candidate"": ""dëgg"", ""final_correction"": ""dëgg""}, {""token"": ""bi"", ""category"": ""ambiguous_cognate"", ""selected_candidate"": ""bi"", ""final_correction"": ""bi""}, {""token"": ""mais"", ""category"": ""ambiguous_cognate"", ""selected_candidate"": ""mais"", ""final_correction"": ""mais""}, {""token"": ""comme"", ""category"": ""ambiguous_cognate"", ""selected_candidate"": ""comme"", ""final_correction"": ""comme""}, {""token"": ""domaram"", ""category"": ""informal_wolof"", ""selected_candidate"": ""domaram"", ""final_correction"": ""doomaraam""}, {""token"": ""la"", ""category"": ""ambiguous_cognate"", ""selected_candidate"": ""la"", ""final_correction"": ""la""}, {""token"": ""dafa"", ""category"": ""ambiguous_cognate"", ""selected_candidate"": ""dafa"", ""final_correction"": ""dafa""}, {""token"": ""dem"", ""category"": ""ambiguous_cognate"", ""selected_candidate"": ""dem"", ""final_correction"": ""dem""}, {""token"": ""werr"", ""category"": ""wolof_formal"", ""selected_candidate"": ""werr"", ""final_correction"": ""weer""}, {""token"": ""ko"", ""category"": ""ambiguous_cognate"", ""selected_candidate"": ""ko"", ""final_correction"": ""ko""}, {""token"": ""si"", ""category"": ""ambiguous_cognate"", ""selected_candidate"": ""ci"", ""final_correction"": ""ci""}, {""token"": ""digou"", ""category"": ""informal_wolof"", ""selected_candidate"": ""diggu"", ""final_correction"": ""diggu""}, {""token"": ""nit"", ""category"": ""ambiguous_cognate"", ""selected_candidate"": ""nit"", ""final_correction"": ""nit""}, {""token"": ""yi"", ""category"": ""ambiguous_cognate"", ""selected_candidate"": ""yi"", ""final_correction"": ""yi""}, {""token"": ""mais"", ""category"": ""ambiguous_cognate"", ""selected_candidate"": ""mais"", ""final_correction"": ""mais""}, {""token"": ""wollah"", ""category"": ""informal_wolof"", ""selected_candidate"": ""wollah"", ""final_correction"": ""wollah""}, {""token"": ""elle"", ""category"": ""ambiguous_cognate"", ""selected_candidate"": ""elle"", ""final_correction"": ""elle""}, {""token"": ""est"", ""category"": ""ambiguous_cognate"", ""selected_candidate"": ""est"", ""final_correction"": ""est""}, {""token"": ""mon"", ""category"": ""french_substituted"", ""selected_candidate"": ""mon"", ""final_correction"": ""mon""}, {""token"": ""actrice"", ""category"": ""ambiguous_cognate"", ""selected_candidate"": ""actrice"", ""final_correction"": ""actrice""}, {""token"": ""préférée"", ""category"": ""french_native"", ""selected_candidate"": ""préférée"", ""final_correction"": ""préférée""}, {""token"": ""après"", ""category"": ""french_substituted"", ""selected_candidate"": ""gànnaaw"", ""final_correction"": ""gànnaaw""}, {""token"": ""asmaou"", ""category"": ""informal_wolof"", ""selected_candidate"": ""asmaou"", ""final_correction"": ""asmaou""}]"
3565,taximan bi autom bi néna vert bi dou yégue,taximan bi atom bi néna vert bi du yégee,taximan bi wotom bi ne na vert bi du yegg,keep,https://www.youtube.com/watch?v=8CAy6LdHR4M,"[{""token"": ""taximan"", ""category"": ""french_native"", ""selected_candidate"": ""taximan"", ""final_correction"": ""taximan""}, {""token"": ""bi"", ""category"": ""ambiguous_cognate"", ""selected_candidate"": ""bi"", ""final_correction"": ""bi""}, {""token"": ""autom"", ""category"": ""informal_wolof"", ""selected_candidate"": ""atom"", ""final_correction"": ""wotom""}, {""token"": ""bi"", ""category"": ""ambiguous_cognate"", ""selected_candidate"": ""bi"", ""final_correction"": ""bi""}, {""token"": ""néna"", ""category"": ""wolof_formal"", ""selected_candidate"": ""néna"", ""final_correction"": ""ne na""}, {""token"": ""vert"", ""category"": ""french_native"", ""selected_candidate"": ""vert"", ""final_correction"": ""vert""}, {""token"": ""bi"", ""category"": ""ambiguous_cognate"", ""selected_candidate"": ""bi"", ""final_correction"": ""bi""}, {""token"": ""dou"", ""category"": ""french_native"", ""selected_candidate"": ""du"", ""final_correction"": ""du""}, {""token"": ""yégue"", ""category"": ""informal_wolof"", ""selected_candidate"": ""yégee"", ""final_correction"": ""yegg""}]"
5911,salimate gorr la,salemata goor lay,salimate goor la,keep,https://www.youtube.com/watch?v=wMOsSBNV-iI,"[{""token"": ""salimate"", ""category"": ""informal_wolof"", ""selected_candidate"": ""salimate"", ""final_correction"": ""salimate""}, {""token"": ""gorr"", ""category"": ""informal_wolof"", ""selected_candidate"": ""goor"", ""final_correction"": ""goor""}, {""token"": ""la"", ""category"": ""ambiguous_cognate"", ""selected_candidate"": ""la"", ""final_correction"": ""la""}]"
10034,wakh nako facebook néna kouy seuy rék meusseu ngua dégue louka métti téé aduna koufi nékk dii ngua dégue loula nékh dii ngua dégue loula nakari meuna baal dieukeureum mais meunoul baal badiènam,wax naa ko facebook ne na kuy séy rék meusseu ngaa digue luka metti tee aduna kofi nékk dii ngaa digue lu la neex dii ngaa digue lu la naqari mëna baal dieukeureum mais meenul baal badiènam,wax naa ko facebook ne naa kuy séy rek mës nga dégg lu ko metti te àdduna ku fi nekk di nga dégg lu la neex di nga dégg lu la naqari mëna baal jëkkëram mais mënul baal bàjjenam,keep,https://www.youtube.com/watch?v=qTmXYJn3bTk,"[{""token"": ""wakh"", ""category"": ""french_native"", ""selected_candidate"": ""wax"", ""final_correction"": ""wax""}, {""token"": ""nako"", ""category"": ""wolof_formal"", ""selected_candidate"": ""naa ko"", ""final_correction"": ""naa ko""}, {""token"": ""facebook"", ""category"": ""ambiguous_cognate"", ""selected_candidate"": ""facebook"", ""final_correction"": ""facebook""}, {""token"": ""néna"", ""category"": ""wolof_formal"", ""selected_candidate"": ""ne na"", ""final_correction"": ""ne naa""}, {""token"": ""kouy"", ""category"": ""informal_wolof"", ""selected_candidate"": ""kuy"", ""final_correction"": ""kuy""}, {""token"": ""seuy"", ""category"": ""informal_wolof"", ""selected_candidate"": ""séy"", ""final_correction"": ""séy""}, {""token"": ""rék"", ""category"": ""wolof_formal"", ""selected_candidate"": ""rék"", ""final_correction"": ""rek""}, {""token"": ""meusseu"", ""category"": ""informal_wolof"", ""selected_candidate"": ""meusseu"", ""final_correction"": ""mës""}, {""token"": ""ngua"", ""category"": ""informal_wolof"", ""selected_candidate"": ""nga"", ""final_correction"": ""nga""}, {""token"": ""dégue"", ""category"": ""informal_wolof"", ""selected_candidate"": ""digue"", ""final_correction"": ""dégg""}, {""token"": ""louka"", ""category"": ""informal_wolof"", ""selected_candidate"": ""luka"", ""final_correction"": ""lu ko""}, {""token"": ""métti"", ""category"": ""wolof_formal"", ""selected_candidate"": ""metti"", ""final_correction"": ""metti""}, {""token"": ""téé"", ""category"": ""informal_wolof"", ""selected_candidate"": ""tee"", ""final_correction"": ""te""}, {""token"": ""aduna"", ""category"": ""wolof_formal"", ""selected_candidate"": ""aduna"", ""final_correction"": ""àdduna""}, {""token"": ""koufi"", ""category"": ""informal_wolof"", ""selected_candidate"": ""kofi"", ""final_correction"": ""ku fi""}, {""token"": ""nékk"", ""category"": ""wolof_formal"", ""selected_candidate"": ""nékk"", ""final_correction"": ""nekk""}, {""token"": ""dii"", ""category"": ""ambiguous_cognate"", ""selected_candidate"": ""dii"", ""final_correction"": ""di""}, {""token"": ""ngua"", ""category"": ""informal_wolof"", ""selected_candidate"": ""nga"", ""final_correction"": ""nga""}, {""token"": ""dégue"", ""category"": ""informal_wolof"", ""selected_candidate"": ""digue"", ""final_correction"": ""dégg""}, {""token"": ""loula"", ""category"": ""informal_wolof"", ""selected_candidate"": ""lu la"", ""final_correction"": ""lu la""}, {""token"": ""nékh"", ""category"": ""informal_wolof"", ""selected_candidate"": ""neex"", ""final_correction"": ""neex""}, {""token"": ""dii"", ""category"": ""ambiguous_cognate"", ""selected_candidate"": ""dii"", ""final_correction"": ""di""}, {""token"": ""ngua"", ""category"": ""informal_wolof"", ""selected_candidate"": ""nga"", ""final_correction"": ""nga""}, {""token"": ""dégue"", ""category"": ""informal_wolof"", ""selected_candidate"": ""digue"", ""final_correction"": ""dégg""}, {""token"": ""loula"", ""category"": ""informal_wolof"", ""selected_candidate"": ""lu la"", ""final_correction"": ""lu la""}, {""token"": ""nakari"", ""category"": ""informal_wolof"", ""selected_candidate"": ""naqari"", ""final_correction"": ""naqari""}, {""token"": ""meuna"", ""category"": ""wolof_formal"", ""selected_candidate"": ""mëna"", ""final_correction"": ""mëna""}, {""token"": ""baal"", ""category"": ""ambiguous_cognate"", ""selected_candidate"": ""baal"", ""final_correction"": ""baal""}, {""token"": ""dieukeureum"", ""category"": ""informal_wolof"", ""selected_candidate"": ""dieukeureum"", ""final_correction"": ""jëkkëram""}, {""token"": ""mais"", ""category"": ""ambiguous_cognate"", ""selected_candidate"": ""mais"", ""final_correction"": ""mais""}, {""token"": ""meunoul"", ""category"": ""informal_wolof"", ""selected_candidate"": ""meenul"", ""final_correction"": ""mënul""}, {""token"": ""baal"", ""category"": ""ambiguous_cognate"", ""selected_candidate"": ""baal"", ""final_correction"": ""baal""}, {""token"": ""badiènam"", ""category"": ""informal_wolof"", ""selected_candidate"": ""badiènam"", ""final_correction"": ""bàjjenam""}]"
3391,hi diama fipou neu way ! akhe il était temps ‍️. barki yallah mareme rek lay toppeu mane,hi daama fippu neu woy aksé il nako temps barke yallah maree rek laay toppee man,hi diama fippu neu waay ax il était temps barki yallah mareme rek laay topp man,keep,https://www.youtube.com/watch?v=l6b5aJIqeNo,"[{""token"": ""hi"", ""category"": ""french_native"", ""selected_candidate"": ""hi"", ""final_correction"": ""hi""}, {""token"": ""diama"", ""category"": ""informal_wolof"", ""selected_candidate"": ""diama"", ""final_correction"": ""diama""}, {""token"": ""fipou"", ""category"": ""informal_wolof"", ""selected_candidate"": ""fippu"", ""final_correction"": ""fippu""}, {""token"": ""neu"", ""category"": ""french_native"", ""selected_candidate"": ""neu"", ""final_correction"": ""neu""}, {""token"": ""way"", ""category"": ""wolof_formal"", ""selected_candidate"": ""waay"", ""final_correction"": ""waay""}, {""token"": ""akhe"", ""category"": ""informal_wolof"", ""selected_candidate"": ""aksé"", ""final_correction"": ""ax""}, {""token"": ""il"", ""category"": ""ambiguous_cognate"", ""selected_candidate"": ""il"", ""final_correction"": ""il""}, {""token"": ""était"", ""category"": ""french_substituted"", ""selected_candidate"": ""était"", ""final_correction"": ""était""}, {""token"": ""temps"", ""category"": ""ambiguous_cognate"", ""selected_candidate"": ""temps"", ""final_correction"": ""temps""}, {""token"": ""barki"", ""category"": ""informal_wolof"", ""selected_candidate"": ""barki"", ""final_correction"": ""barki""}, {""token"": ""yallah"", ""category"": ""wolof_formal"", ""selected_candidate"": ""yallah"", ""final_correction"": ""yallah""}, {""token"": ""mareme"", ""category"": ""informal_wolof"", ""selected_candidate"": ""mareme"", ""final_correction"": ""mareme""}, {""token"": ""rek"", ""category"": ""ambiguous_cognate"", ""selected_candidate"": ""rek"", ""final_correction"": ""rek""}, {""token"": ""lay"", ""category"": ""ambiguous_cognate"", ""selected_candidate"": ""laay"", ""final_correction"": ""laay""}, {""token"": ""toppeu"", ""category"": ""informal_wolof"", ""selected_candidate"": ""toppee"", ""final_correction"": ""topp""}, {""token"": ""mane"", ""category"": ""ambiguous_cognate"", ""selected_candidate"": ""man"", ""final_correction"": ""man""}]"
3566,papeu ndiouga day takk motax mou wo dôme yi dilen lathie sen avis,papeu ndiouga day takk motax mu wo dôme yi dilén latvia sen avis,papeu ndiouga day takk moo tax mu woo doom yi di leen laaj seen avis,keep,https://www.youtube.com/watch?v=8CAy6LdHR4M,"[{""token"": ""papeu"", ""category"": ""informal_wolof"", ""selected_candidate"": ""papeu"", ""final_correction"": ""papeu""}, {""token"": ""ndiouga"", ""category"": ""informal_wolof"", ""selected_candidate"": ""ndiouga"", ""final_correction"": ""ndiouga""}, {""token"": ""day"", ""category"": ""ambiguous_cognate"", ""selected_candidate"": ""day"", ""final_correction"": ""day""}, {""token"": ""takk"", ""category"": ""wolof_formal"", ""selected_candidate"": ""takk"", ""final_correction"": ""takk""}, {""token"": ""motax"", ""category"": ""wolof_formal"", ""selected_candidate"": ""motax"", ""final_correction"": ""moo tax""}, {""token"": ""mou"", ""category"": ""ambiguous_cognate"", ""selected_candidate"": ""mu"", ""final_correction"": ""mu""}, {""token"": ""wo"", ""category"": ""wolof_formal"", ""selected_candidate"": ""wo"", ""final_correction"": ""woo""}, {""token"": ""dôme"", ""category"": ""french_native"", ""selected_candidate"": ""dôme"", ""final_correction"": ""doom""}, {""token"": ""yi"", ""category"": ""ambiguous_cognate"", ""selected_candidate"": ""yi"", ""final_correction"": ""yi""}, {""token"": ""dilen"", ""category"": ""informal_wolof"", ""selected_candidate"": ""dilén"", ""final_correction"": ""di leen""}, {""token"": ""lathie"", ""category"": ""informal_wolof"", ""selected_candidate"": ""latvia"", ""final_correction"": ""laaj""}, {""token"": ""sen"", ""category"": ""ambiguous_cognate"", ""selected_candidate"": ""sen"", ""final_correction"": ""seen""}, {""token"": ""avis"", ""category"": ""french_native"", ""selected_candidate"": ""avis"", ""final_correction"": ""avis""}]"
5913,awa me tue sadir takal gnétél beugue na awa,awa me tue safir tabal gnéntél bëgg na awa,awa me tue safir tabal gnéntél bëgg na awa,skip_uncertain,https://www.youtube.com/watch?v=wMOsSBNV-iI,"[{""token"": ""awa"", ""category"": ""ambiguous_cognate"", ""selected_candidate"": ""awa"", ""final_correction"": ""awa""}, {""token"": ""me"", ""category"": ""ambiguous_cognate"", ""selected_candidate"": ""me"", ""final_correction"": ""me""}, {""token"": ""tue"", ""category"": ""french_native"", ""selected_candidate"": ""tue"", ""final_correction"": ""tue""}, {""token"": ""sadir"", ""category"": ""informal_wolof"", ""selected_candidate"": ""safir"", ""final_correction"": ""safir""}, {""token"": ""takal"", ""category"": ""informal_wolof"", ""selected_candidate"": ""tabal"", ""final_correction"": ""tabal""}, {""token"": ""gnétél"", ""category"": ""informal_wolof"", ""selected_candidate"": ""gnéntél"", ""final_correction"": ""gnéntél""}, {""token"": ""beugue"", ""category"": ""french_native"", ""selected_candidate"": ""bëgg"", ""final_correction"": ""bëgg""}, {""token"": ""na"", ""category"": ""ambiguous_cognate"", ""selected_candidate"": ""na"", ""final_correction"": ""na""}, {""token"": ""awa"", ""category"": ""ambiguous_cognate"", ""selected_candidate"": ""awa"", ""final_correction"": ""awa""}]"
10036,djickom bu besss bii sakh diapout koo,djickom bu bess bii sax diapout koo,jikkom bu bees bii sax jàppu ko,keep,https://www.youtube.com/watch?v=qTmXYJn3bTk,"[{""token"": ""djickom"", ""category"": ""informal_wolof"", ""selected_candidate"": ""djickom"", ""final_correction"": ""jikkom""}, {""token"": ""bu"", ""category"": ""ambiguous_cognate"", ""selected_candidate"": ""bu"", ""final_correction"": ""bu""}, {""token"": ""besss"", ""category"": ""informal_wolof"", ""selected_candidate"": ""bess"", ""final_correction"": ""bees""}, {""token"": ""bii"", ""category"": ""ambiguous_cognate"", ""selected_candidate"": ""bii"", ""final_correction"": ""bii""}, {""token"": ""sakh"", ""category"": ""informal_wolof"", ""selected_candidate"": ""sax"", ""final_correction"": ""sax""}, {""token"": ""diapout"", ""category"": ""informal_wolof"", ""selected_candidate"": ""diapout"", ""final_correction"": ""jàppu""}, {""token"": ""koo"", ""category"": ""ambiguous_cognate"", ""selected_candidate"": ""koo"", ""final_correction"": ""ko""}]"
3392,"mane mareme c’est mon actrice préférée de la série et asmao. mareme est d’une fausseté incroyable en fait ! et puis sans limite ni gêne, en tout cas dei ken dou wax qu’elle ne joue pas bien son rôle.",man maree c est moo actrice préférée dee lay série et asmao maree est d une fausseté incroyable en defee et puis sans àpp ni gêne en lépp cas dei ken du wax qu elle ne joue pas bien son rôle,man maree c est moo actrice préférée dee lay série et asmao maree est d une fausseté incroyable en defee et puis sans àpp ni gêne en lépp cas dei ken du wax qu elle ne joue pas bien son rôle,skip_uncertain,https://www.youtube.com/watch?v=l6b5aJIqeNo,"[{""token"": ""mane"", ""category"": ""ambiguous_cognate"", ""selected_candidate"": ""man"", ""final_correction"": ""man""}, {""token"": ""mareme"", ""category"": ""informal_wolof"", ""selected_candidate"": ""maree"", ""final_correction"": ""maree""}, {""token"": ""c"", ""category"": ""ambiguous_cognate"", ""selected_candidate"": ""c"", ""final_correction"": ""c""}, {""token"": ""est"", ""category"": ""ambiguous_cognate"", ""selected_candidate"": ""est"", ""final_correction"": ""est""}, {""token"": ""mon"", ""category"": ""french_substituted"", ""selected_candidate"": ""moo"", ""final_correction"": ""moo""}, {""token"": ""actrice"", ""category"": ""ambiguous_cognate"", ""selected_candidate"": ""actrice"", ""final_correction"": ""actrice""}, {""token"": ""préférée"", ""category"": ""french_native"", ""selected_candidate"": ""préférée"", ""final_correction"": ""préférée""}, {""token"": ""de"", ""category"": ""ambiguous_cognate"", ""selected_candidate"": ""dee"", ""final_correction"": ""dee""}, {""token"": ""la"", ""category"": ""ambiguous_cognate"", ""selected_candidate"": ""lay"", ""final_correction"": ""lay""}, {""token"": ""série"", ""category"": ""ambiguous_cognate"", ""selected_candidate"": ""série"", ""final_correction"": ""série""}, {""token"": ""et"", ""category"": ""ambiguous_cognate"", ""selected_candidate"": ""et"", ""final_correction"": ""et""}, {""token"": ""asmao"", ""category"": ""informal_wolof"", ""selected_candidate"": ""asmao"", ""final_correction"": ""asmao""}, {""token"": ""mareme"", ""category"": ""informal_wolof"", ""selected_candidate"": ""maree"", ""final_correction"": ""maree""}, {""token"": ""est"", ""category"": ""ambiguous_cognate"", ""selected_candidate"": ""est"", ""final_correction"": ""est""}, {""token"": ""d"", ""category"": ""ambiguous_cognate"", ""selected_candidate"": ""d"", ""final_correction"": ""d""}, {""token"": ""une"", ""category"": ""ambiguous_cognate"", ""selected_candidate"": ""une"", ""final_correction"": ""une""}, {""token"": ""fausseté"", ""category"": ""french_native"", ""selected_candidate"": ""fausseté"", ""final_correction"": ""fausseté""}, {""token"": ""incroyable"", ""category"": ""french_native"", ""selected_candidate"": ""incroyable"", ""final_correction"": ""incroyable""}, {""token"": ""en"", ""category"": ""ambiguous_cognate"", ""selected_candidate"": ""en"", ""final_correction"": ""en""}, {""token"": ""fait"", ""category"": ""french_substituted"", ""selected_candidate"": ""defee"", ""final_correction"": ""defee""}, {""token"": ""et"", ""category"": ""ambiguous_cognate"", ""selected_candidate"": ""et"", ""final_correction"": ""et""}, {""token"": ""puis"", ""category"": ""french_native"", ""selected_candidate"": ""puis"", ""final_correction"": ""puis""}, {""token"": ""sans"", ""category"": ""ambiguous_cognate"", ""selected_candidate"": ""sans"", ""final_correction"": ""sans""}, {""token"": ""limite"", ""category"": ""french_substituted"", ""selected_candidate"": ""àpp"", ""final_correction"": ""àpp""}, {""token"": ""ni"", ""category"": ""ambiguous_cognate"", ""selected_candidate"": ""ni"", ""final_correction"": ""ni""}, {""token"": ""gêne"", ""category"": ""french_native"", ""selected_candidate"": ""gêne"", ""final_correction"": ""gêne""}, {""token"": ""en"", ""category"": ""ambiguous_cognate"", ""selected_candidate"": ""en"", ""final_correction"": ""en""}, {""token"": ""tout"", ""category"": ""french_substituted"", ""selected_candidate"": ""lépp"", ""final_correction"": ""lépp""}, {""token"": ""cas"", ""category"": ""ambiguous_cognate"", ""selected_candidate"": ""cas"", ""final_correction"": ""cas""}, {""token"": ""dei"", ""category"": ""french_native"", ""selected_candidate"": ""dei"", ""final_correction"": ""dei""}, {""token"": ""ken"", ""category"": ""wolof_formal"", ""selected_candidate"": ""ken"", ""final_correction"": ""ken""}, {""token"": ""dou"", ""category"": ""french_native"", ""selected_candidate"": ""du"", ""final_correction"": ""du""}, {""token"": ""wax"", ""category"": ""ambiguous_cognate"", ""selected_candidate"": ""wax"", ""final_correction"": ""wax""}, {""token"": ""qu"", ""category"": ""ambiguous_cognate"", ""selected_candidate"": ""qu"", ""final_correction"": ""qu""}, {""token"": ""elle"", ""category"": ""ambiguous_cognate"", ""selected_candidate"": ""elle"", ""final_correction"": ""elle""}, {""token"": ""ne"", ""category"": ""ambiguous_cognate"", ""selected_candidate"": ""ne"", ""final_correction"": ""ne""}, {""token"": ""joue"", ""category"": ""french_native"", ""selected_candidate"": ""joue"", ""final_correction"": ""joue""}, {""token"": ""pas"", ""category"": ""ambiguous_cognate"", ""selected_candidate"": ""pas"", ""final_correction"": ""pas""}, {""token"": ""bien"", ""category"": ""ambiguous_cognate"", ""selected_candidate"": ""bien"", ""final_correction"": ""bien""}, {""token"": ""son"", ""category"": ""ambiguous_cognate"", ""selected_candidate"": ""son"", ""final_correction"": ""son""}, {""token"": ""rôle"", ""category"": ""ambiguous_cognate"", ""selected_candidate"": ""rôle"", ""final_correction"": ""rôle""}]"
3567,li amna vitamine,lii am na vitamine,lii am na vitamine,keep,https://www.youtube.com/watch?v=8CAy6LdHR4M,"[{""token"": ""li"", ""category"": ""ambiguous_cognate"", ""selected_candidate"": ""lii"", ""final_correction"": ""lii""}, {""token"": ""amna"", ""category"": ""wolof_formal"", ""selected_candidate"": ""am na"", ""final_correction"": ""am na""}, {""token"": ""vitamine"", ""category"": ""ambiguous_cognate"", ""selected_candidate"": ""vitamine"", ""final_correction"": ""vitamine""}]"
5914,son bi please,son bi please,son bi please,discard_uninteresting,https://www.youtube.com/watch?v=wMOsSBNV-iI,"[{""token"": ""son"", ""category"": ""ambiguous_cognate"", ""selected_candidate"": ""son"", ""final_correction"": ""son""}, {""token"": ""bi"", ""category"": ""ambiguous_cognate"", ""selected_candidate"": ""bi"", ""final_correction"": ""bi""}, {""token"": ""please"", ""category"": ""french_native"", ""selected_candidate"": ""please"", ""final_correction"": ""please""}]"
10037,moma diaxal deh mane miii,goma baaxal de man mii,mooma jaaxal de man mii,keep,https://www.youtube.com/watch?v=qTmXYJn3bTk,"[{""token"": ""moma"", ""category"": ""informal_wolof"", ""selected_candidate"": ""goma"", ""final_correction"": ""mooma""}, {""token"": ""diaxal"", ""category"": ""informal_wolof"", ""selected_candidate"": ""baaxal"", ""final_correction"": ""jaaxal""}, {""token"": ""deh"", ""category"": ""informal_wolof"", ""selected_candidate"": ""de"", ""final_correction"": ""de""}, {""token"": ""mane"", ""category"": ""ambiguous_cognate"", ""selected_candidate"": ""man"", ""final_correction"": ""man""}, {""token"": ""miii"", ""category"": ""informal_wolof"", ""selected_candidate"": ""mii"", ""final_correction"": ""mii""}]"
3394,mareme tu m'énerve,maree tu m'énerve,maree tu m'énerve,discard_false_positive,https://www.youtube.com/watch?v=l6b5aJIqeNo,"[{""token"": ""mareme"", ""category"": ""informal_wolof"", ""selected_candidate"": ""maree"", ""final_correction"": ""maree""}, {""token"": ""tu"", ""category"": ""ambiguous_cognate"", ""selected_candidate"": ""tu"", ""final_correction"": ""tu""}, {""token"": ""m'énerve"", ""category"": ""informal_wolof"", ""selected_candidate"": ""m'énerve"", ""final_correction"": ""m'énerve""}]"
3569,ibrahim khalil amount morome,ibrahim khalid mount moromi,ibrahim khalid amul morom,keep,https://www.youtube.com/watch?v=8CAy6LdHR4M,"[{""token"": ""ibrahim"", ""category"": ""french_native"", ""selected_candidate"": ""ibrahim"", ""final_correction"": ""ibrahim""}, {""token"": ""khalil"", ""category"": ""informal_wolof"", ""selected_candidate"": ""khalil"", ""final_correction"": ""khalil""}, {""token"": ""amount"", ""category"": ""informal_wolof"", ""selected_candidate"": ""mount"", ""final_correction"": ""amul""}, {""token"": ""morome"", ""category"": ""informal_wolof"", ""selected_candidate"": ""morom"", ""final_correction"": ""morom""}]"
5915,merci maman soukey. l’irresponsabilité de khalil m’exaspère ‍️,jërëjëf maman hockey l irresponsabilité dee khalid m exaspère,jërëjëf maman hockey l irresponsabilité dee khalid m exaspère,discard_false_positive,https://www.youtube.com/watch?v=wMOsSBNV-iI,"[{""token"": ""merci"", ""category"": ""french_substituted"", ""selected_candidate"": ""jërëjëf"", ""final_correction"": ""jërëjëf""}, {""token"": ""maman"", ""category"": ""french_native"", ""selected_candidate"": ""maman"", ""final_correction"": ""maman""}, {""token"": ""soukey"", ""category"": ""informal_wolof"", ""selected_candidate"": ""hockey"", ""final_correction"": ""hockey""}, {""token"": ""l"", ""category"": ""ambiguous_cognate"", ""selected_candidate"": ""l"", ""final_correction"": ""l""}, {""token"": ""irresponsabilité"", ""category"": ""french_native"", ""selected_candidate"": ""irresponsabilité"", ""final_correction"": ""irresponsabilité""}, {""token"": ""de"", ""category"": ""ambiguous_cognate"", ""selected_candidate"": ""dee"", ""final_correction"": ""dee""}, {""token"": ""khalil"", ""category"": ""informal_wolof"", ""selected_candidate"": ""khalil"", ""final_correction"": ""khalil""}, {""token"": ""m"", ""category"": ""ambiguous_cognate"", ""selected_candidate"": ""m"", ""final_correction"": ""m""}, {""token"": ""exaspère"", ""category"": ""french_native"", ""selected_candidate"": ""exaspère"", ""final_correction"": ""exaspère""}]"
10038,khana yaya dou mere,khana yaya du mere,xanaa yaya du mer,keep,https://www.youtube.com/watch?v=qTmXYJn3bTk,"[{""token"": ""khana"", ""category"": ""french_native"", ""selected_candidate"": ""khana"", ""final_correction"": ""xanaa""}, {""token"": ""yaya"", ""category"": ""french_native"", ""selected_candidate"": ""yaya"", ""final_correction"": ""yaya""}, {""token"": ""dou"", ""category"": ""french_native"", ""selected_candidate"": ""du"", ""final_correction"": ""du""}, {""token"": ""mere"", ""category"": ""ambiguous_cognate"", ""selected_candidate"": ""mere"", ""final_correction"": ""mer""}]"
3395,hii diama fippou na,bii daama fippu na,bii daama fippu na,discard_uninteresting,https://www.youtube.com/watch?v=l6b5aJIqeNo,"[{""token"": ""hii"", ""category"": ""informal_wolof"", ""selected_candidate"": ""bii"", ""final_correction"": ""bii""}, {""token"": ""diama"", ""category"": ""informal_wolof"", ""selected_candidate"": ""daama"", ""final_correction"": ""daama""}, {""token"": ""fippou"", ""category"": ""informal_wolof"", ""selected_candidate"": ""fippu"", ""final_correction"": ""fippu""}, {""token"": ""na"", ""category"": ""ambiguous_cognate"", ""selected_candidate"": ""na"", ""final_correction"": ""na""}]"
3570,lou bonne amoul mouthieu bilay li gnawna,lu bon amoul mouthieu bilay lii gaawna,lu bon amul mucc bilay lii ñaaw na,keep,https://www.youtube.com/watch?v=8CAy6LdHR4M,"[{""token"": ""lou"", ""category"": ""wolof_formal"", ""selected_candidate"": ""lu"", ""final_correction"": ""lu""}, {""token"": ""bonne"", ""category"": ""french_native"", ""selected_candidate"": ""bon"", ""final_correction"": ""bon""}, {""token"": ""amoul"", ""category"": ""ambiguous_cognate"", ""selected_candidate"": ""amoul"", ""final_correction"": ""amul""}, {""token"": ""mouthieu"", ""category"": ""informal_wolof"", ""selected_candidate"": ""mouthieu"", ""final_correction"": ""mucc""}, {""token"": ""bilay"", ""category"": ""wolof_formal"", ""selected_candidate"": ""bilay"", ""final_correction"": ""bilay""}, {""token"": ""li"", ""category"": ""ambiguous_cognate"", ""selected_candidate"": ""lii"", ""final_correction"": ""lii""}, {""token"": ""gnawna"", ""category"": ""informal_wolof"", ""selected_candidate"": ""gaawna"", ""final_correction"": ""ñaaw na""}]"
5916,no nabou gaye,no ŋàbbu gay,no ŋàbbu gay,discard_uninteresting,https://www.youtube.com/watch?v=wMOsSBNV-iI,"[{""token"": ""no"", ""category"": ""ambiguous_cognate"", ""selected_candidate"": ""no"", ""final_correction"": ""no""}, {""token"": ""nabou"", ""category"": ""informal_wolof"", ""selected_candidate"": ""ŋàbbu"", ""final_correction"": ""ŋàbbu""}, {""token"": ""gaye"", ""category"": ""french_substituted"", ""selected_candidate"": ""gay"", ""final_correction"": ""gay""}]"
10039,yaya pour papa ndiouga la,yaya pour papa ndiouga lay,yaya pour papa ndiouga lay,discard_uninteresting,https://www.youtube.com/watch?v=qTmXYJn3bTk,"[{""token"": ""yaya"", ""category"": ""french_native"", ""selected_candidate"": ""yaya"", ""final_correction"": ""yaya""}, {""token"": ""pour"", ""category"": ""ambiguous_cognate"", ""selected_candidate"": ""pour"", ""final_correction"": ""pour""}, {""token"": ""papa"", ""category"": ""ambiguous_cognate"", ""selected_candidate"": ""papa"", ""final_correction"": ""papa""}, {""token"": ""ndiouga"", ""category"": ""informal_wolof"", ""selected_candidate"": ""ndiouga"", ""final_correction"": ""ndiouga""}, {""token"": ""la"", ""category"": ""ambiguous_cognate"", ""selected_candidate"": ""lay"", ""final_correction"": ""lay""}]"
3397,diama dangay saga legui,daama da ngay saaga léegi,diama da ngay saaga léegi,keep,https://www.youtube.com/watch?v=l6b5aJIqeNo,"[{""token"": ""diama"", ""category"": ""informal_wolof"", ""selected_candidate"": ""diama"", ""final_correction"": ""diama""}, {""token"": ""dangay"", ""category"": ""ambiguous_cognate"", ""selected_candidate"": ""da ngay"", ""final_correction"": ""da ngay""}, {""token"": ""saga"", ""category"": ""ambiguous_cognate"", ""selected_candidate"": ""saaga"", ""final_correction"": ""saaga""}, {""token"": ""legui"", ""category"": ""wolof_formal"", ""selected_candidate"": ""léegi"", ""final_correction"": ""léegi""}]"
3571,bakir yalla gua kheute nenako yama liguey ma gateu,bakir yalla nga emeute dinako yaa ma ligeey maa gates,bakir yalla nga emeute dinako yaa ma ligeey maa gates,skip_uncertain,https://www.youtube.com/watch?v=8CAy6LdHR4M,"[{""token"": ""bakir"", ""category"": ""informal_wolof"", ""selected_candidate"": ""bakir"", ""final_correction"": ""bakir""}, {""token"": ""yalla"", ""category"": ""ambiguous_cognate"", ""selected_candidate"": ""yalla"", ""final_correction"": ""yalla""}, {""token"": ""gua"", ""category"": ""informal_wolof"", ""selected_candidate"": ""nga"", ""final_correction"": ""nga""}, {""token"": ""kheute"", ""category"": ""informal_wolof"", ""selected_candidate"": ""emeute"", ""final_correction"": ""emeute""}, {""token"": ""nenako"", ""category"": ""informal_wolof"", ""selected_candidate"": ""dinako"", ""final_correction"": ""dinako""}, {""token"": ""yama"", ""category"": ""ambiguous_cognate"", ""selected_candidate"": ""yaa ma"", ""final_correction"": ""yaa ma""}, {""token"": ""liguey"", ""category"": ""informal_wolof"", ""selected_candidate"": ""ligeey"", ""final_correction"": ""ligeey""}, {""token"": ""ma"", ""category"": ""ambiguous_cognate"", ""selected_candidate"": ""maa"", ""final_correction"": ""maa""}, {""token"": ""gateu"", ""category"": ""informal_wolof"", ""selected_candidate"": ""gates"", ""final_correction"": ""gates""}]"
5917,yalla wa palestine amm djamm,yalla waa palestine amm damm,yalla waa palestine am jàmm,keep,https://www.youtube.com/watch?v=wMOsSBNV-iI,"[{""token"": ""yalla"", ""category"": ""ambiguous_cognate"", ""selected_candidate"": ""yalla"", ""final_correction"": ""yalla""}, {""token"": ""wa"", ""category"": ""ambiguous_cognate"", ""selected_candidate"": ""waa"", ""final_correction"": ""waa""}, {""token"": ""palestine"", ""category"": ""ambiguous_cognate"", ""selected_candidate"": ""palestine"", ""final_correction"": ""palestine""}, {""token"": ""amm"", ""category"": ""wolof_formal"", ""selected_candidate"": ""amm"", ""final_correction"": ""am""}, {""token"": ""djamm"", ""category"": ""informal_wolof"", ""selected_candidate"": ""jàmm"", ""final_correction"": ""jàmm""}]"
10040,bly ndax niou nopalou,bay ndax ñu noppalu,bilay ndax ñu noppalu,keep,https://www.youtube.com/watch?v=qTmXYJn3bTk,"[{""token"": ""bly"", ""category"": ""informal_wolof"", ""selected_candidate"": ""bay"", ""final_correction"": ""bilay""}, {""token"": ""ndax"", ""category"": ""ambiguous_cognate"", ""selected_candidate"": ""ndax"", ""final_correction"": ""ndax""}, {""token"": ""niou"", ""category"": ""ambiguous_cognate"", ""selected_candidate"": ""ñu"", ""final_correction"": ""ñu""}, {""token"": ""nopalou"", ""category"": ""informal_wolof"", ""selected_candidate"": ""noppalu"", ""final_correction"": ""noppalu""}]"
3398,marème vrai mbam la mome mouni dra doukko reuthi té di deff lou gueune pire si souff,maree vrai maam lay moom mount dara dooko reuthi te di def lu gën pire ci souff,marème vrai mbaam la moom mu ni dara du ko rëcc te di def lu gën pire ci suuf,keep,https://www.youtube.com/watch?v=l6b5aJIqeNo,"[{""token"": ""marème"", ""category"": ""informal_wolof"", ""selected_candidate"": ""marème"", ""final_correction"": ""marème""}, {""token"": ""vrai"", ""category"": ""french_native"", ""selected_candidate"": ""vrai"", ""final_correction"": ""vrai""}, {""token"": ""mbam"", ""category"": ""informal_wolof"", ""selected_candidate"": ""maam"", ""final_correction"": ""mbaam""}, {""token"": ""la"", ""category"": ""ambiguous_cognate"", ""selected_candidate"": ""la"", ""final_correction"": ""la""}, {""token"": ""mome"", ""category"": ""informal_wolof"", ""selected_candidate"": ""moom"", ""final_correction"": ""moom""}, {""token"": ""mouni"", ""category"": ""informal_wolof"", ""selected_candidate"": ""mouni"", ""final_correction"": ""mu ni""}, {""token"": ""dra"", ""category"": ""informal_wolof"", ""selected_candidate"": ""dara"", ""final_correction"": ""dara""}, {""token"": ""doukko"", ""category"": ""informal_wolof"", ""selected_candidate"": ""dooko"", ""final_correction"": ""du ko""}, {""token"": ""reuthi"", ""category"": ""informal_wolof"", ""selected_candidate"": ""reuthi"", ""final_correction"": ""rëcc""}, {""token"": ""té"", ""category"": ""ambiguous_cognate"", ""selected_candidate"": ""te"", ""final_correction"": ""te""}, {""token"": ""di"", ""category"": ""ambiguous_cognate"", ""selected_candidate"": ""di"", ""final_correction"": ""di""}, {""token"": ""deff"", ""category"": ""ambiguous_cognate"", ""selected_candidate"": ""def"", ""final_correction"": ""def""}, {""token"": ""lou"", ""category"": ""wolof_formal"", ""selected_candidate"": ""lu"", ""final_correction"": ""lu""}, {""token"": ""gueune"", ""category"": ""informal_wolof"", ""selected_candidate"": ""gën"", ""final_correction"": ""gën""}, {""token"": ""pire"", ""category"": ""french_native"", ""selected_candidate"": ""pire"", ""final_correction"": ""pire""}, {""token"": ""si"", ""category"": ""ambiguous_cognate"", ""selected_candidate"": ""ci"", ""final_correction"": ""ci""}, {""token"": ""souff"", ""category"": ""wolof_formal"", ""selected_candidate"": ""souff"", ""final_correction"": ""suuf""}]"
3574,777non ci c'est moi aïta,777non ci c'est moi acta,777non ci c'est moi acta,discard_uninteresting,https://www.youtube.com/watch?v=8CAy6LdHR4M,"[{""token"": ""777non"", ""category"": ""informal_wolof"", ""selected_candidate"": ""777non"", ""final_correction"": ""777non""}, {""token"": ""ci"", ""category"": ""ambiguous_cognate"", ""selected_candidate"": ""ci"", ""final_correction"": ""ci""}, {""token"": ""c'est"", ""category"": ""french_native"", ""selected_candidate"": ""c'est"", ""final_correction"": ""c'est""}, {""token"": ""moi"", ""category"": ""ambiguous_cognate"", ""selected_candidate"": ""moi"", ""final_correction"": ""moi""}, {""token"": ""aïta"", ""category"": ""informal_wolof"", ""selected_candidate"": ""acta"", ""final_correction"": ""acta""}]"
5918,mes nabou moman lake way,mes ŋàbbu moman lake waay,mes ŋàbbu moman lake waay,skip_uncertain,https://www.youtube.com/watch?v=wMOsSBNV-iI,"[{""token"": ""mes"", ""category"": ""ambiguous_cognate"", ""selected_candidate"": ""mes"", ""final_correction"": ""mes""}, {""token"": ""nabou"", ""category"": ""informal_wolof"", ""selected_candidate"": ""ŋàbbu"", ""final_correction"": ""ŋàbbu""}, {""token"": ""moman"", ""category"": ""french_native"", ""selected_candidate"": ""moman"", ""final_correction"": ""moman""}, {""token"": ""lake"", ""category"": ""ambiguous_cognate"", ""selected_candidate"": ""lake"", ""final_correction"": ""lake""}, {""token"": ""way"", ""category"": ""wolof_formal"", ""selected_candidate"": ""waay"", ""final_correction"": ""waay""}]"
10041,enn lo wax ?,ënn loo wax,ënn loo wax,discard_uninteresting,https://www.youtube.com/watch?v=qTmXYJn3bTk,"[{""token"": ""enn"", ""category"": ""informal_wolof"", ""selected_candidate"": ""ënn"", ""final_correction"": ""ënn""}, {""token"": ""lo"", ""category"": ""ambiguous_cognate"", ""selected_candidate"": ""loo"", ""final_correction"": ""loo""}, {""token"": ""wax"", ""category"": ""ambiguous_cognate"", ""selected_candidate"": ""wax"", ""final_correction"": ""wax""}]"
3399,serigne ndiaye lim def adji kom man lanko def sama khol bi diekhna si li way,sëriñ njaay lim def adji kom man lank def sama xool bi jeexna ci lii waay,serigne ndiaye lim def adji comme man lanu ko def sama xol bi jeex na ci lii waay,keep,https://www.youtube.com/watch?v=l6b5aJIqeNo,"[{""token"": ""serigne"", ""category"": ""french_substituted"", ""selected_candidate"": ""serigne"", ""final_correction"": ""serigne""}, {""token"": ""ndiaye"", ""category"": ""french_substituted"", ""selected_candidate"": ""ndiaye"", ""final_correction"": ""ndiaye""}, {""token"": ""lim"", ""category"": ""ambiguous_cognate"", ""selected_candidate"": ""lim"", ""final_correction"": ""lim""}, {""token"": ""def"", ""category"": ""ambiguous_cognate"", ""selected_candidate"": ""def"", ""final_correction"": ""def""}, {""token"": ""adji"", ""category"": ""french_native"", ""selected_candidate"": ""adji"", ""final_correction"": ""adji""}, {""token"": ""kom"", ""category"": ""ambiguous_cognate"", ""selected_candidate"": ""kom"", ""final_correction"": ""comme""}, {""token"": ""man"", ""category"": ""ambiguous_cognate"", ""selected_candidate"": ""man"", ""final_correction"": ""man""}, {""token"": ""lanko"", ""category"": ""informal_wolof"", ""selected_candidate"": ""lank"", ""final_correction"": ""lanu ko""}, {""token"": ""def"", ""category"": ""ambiguous_cognate"", ""selected_candidate"": ""def"", ""final_correction"": ""def""}, {""token"": ""sama"", ""category"": ""ambiguous_cognate"", ""selected_candidate"": ""sama"", ""final_correction"": ""sama""}, {""token"": ""khol"", ""category"": ""informal_wolof"", ""selected_candidate"": ""xol"", ""final_correction"": ""xol""}, {""token"": ""bi"", ""category"": ""ambiguous_cognate"", ""selected_candidate"": ""bi"", ""final_correction"": ""bi""}, {""token"": ""diekhna"", ""category"": ""informal_wolof"", ""selected_candidate"": ""jeexna"", ""final_correction"": ""jeex na""}, {""token"": ""si"", ""category"": ""ambiguous_cognate"", ""selected_candidate"": ""ci"", ""final_correction"": ""ci""}, {""token"": ""li"", ""category"": ""ambiguous_cognate"", ""selected_candidate"": ""lii"", ""final_correction"": ""lii""}, {""token"": ""way"", ""category"": ""wolof_formal"", ""selected_candidate"": ""waay"", ""final_correction"": ""waay""}]"
3575,thiapp la si fourchette sandi la si al bi,thiapp lay ci fourchette mandi lay ci al bi,capp la ci fourchette sànni la ci àll bi,keep,https://www.youtube.com/watch?v=8CAy6LdHR4M,"[{""token"": ""thiapp"", ""category"": ""informal_wolof"", ""selected_candidate"": ""thiapp"", ""final_correction"": ""capp""}, {""token"": ""la"", ""category"": ""ambiguous_cognate"", ""selected_candidate"": ""la"", ""final_correction"": ""la""}, {""token"": ""si"", ""category"": ""ambiguous_cognate"", ""selected_candidate"": ""ci"", ""final_correction"": ""ci""}, {""token"": ""fourchette"", ""category"": ""french_native"", ""selected_candidate"": ""fourchette"", ""final_correction"": ""fourchette""}, {""token"": ""sandi"", ""category"": ""informal_wolof"", ""selected_candidate"": ""mandi"", ""final_correction"": ""sànni""}, {""token"": ""la"", ""category"": ""ambiguous_cognate"", ""selected_candidate"": ""la"", ""final_correction"": ""la""}, {""token"": ""si"", ""category"": ""ambiguous_cognate"", ""selected_candidate"": ""ci"", ""final_correction"": ""ci""}, {""token"": ""al"", ""category"": ""ambiguous_cognate"", ""selected_candidate"": ""al"", ""final_correction"": ""àll""}, {""token"": ""bi"", ""category"": ""ambiguous_cognate"", ""selected_candidate"": ""bi"", ""final_correction"": ""bi""}]"
5920,ohh tidiane khadim thiam lii gněni doundnou insbi někh na trop machalla diamou nèkh na,oha tiijaan khalid caam li gněni doundnou insbi někh na trop mashalla damon nekk na,ohh tidiane khadim thiam lii ngeen di dund ins bi neex na trop machalla jàmm neex na,keep,https://www.youtube.com/watch?v=wMOsSBNV-iI,"[{""token"": ""ohh"", ""category"": ""informal_wolof"", ""selected_candidate"": ""ohh"", ""final_correction"": ""ohh""}, {""token"": ""tidiane"", ""category"": ""french_substituted"", ""selected_candidate"": ""tidiane"", ""final_correction"": ""tidiane""}, {""token"": ""khadim"", ""category"": ""informal_wolof"", ""selected_candidate"": ""khadim"", ""final_correction"": ""khadim""}, {""token"": ""thiam"", ""category"": ""french_substituted"", ""selected_candidate"": ""thiam"", ""final_correction"": ""thiam""}, {""token"": ""lii"", ""category"": ""ambiguous_cognate"", ""selected_candidate"": ""lii"", ""final_correction"": ""lii""}, {""token"": ""gněni"", ""category"": ""informal_wolof"", ""selected_candidate"": ""gněni"", ""final_correction"": ""ngeen di""}, {""token"": ""doundnou"", ""category"": ""informal_wolof"", ""selected_candidate"": ""doundnou"", ""final_correction"": ""dund""}, {""token"": ""insbi"", ""category"": ""informal_wolof"", ""selected_candidate"": ""insbi"", ""final_correction"": ""ins bi""}, {""token"": ""někh"", ""category"": ""informal_wolof"", ""selected_candidate"": ""někh"", ""final_correction"": ""neex""}, {""token"": ""na"", ""category"": ""ambiguous_cognate"", ""selected_candidate"": ""na"", ""final_correction"": ""na""}, {""token"": ""trop"", ""category"": ""french_native"", ""selected_candidate"": ""trop"", ""final_correction"": ""trop""}, {""token"": ""machalla"", ""category"": ""informal_wolof"", ""selected_candidate"": ""machalla"", ""final_correction"": ""machalla""}, {""token"": ""diamou"", ""category"": ""informal_wolof"", ""selected_candidate"": ""damon"", ""final_correction"": ""jàmm""}, {""token"": ""nèkh"", ""category"": ""informal_wolof"", ""selected_candidate"": ""nekk"", ""final_correction"": ""neex""}, {""token"": ""na"", ""category"": ""ambiguous_cognate"", ""selected_candidate"": ""na"", ""final_correction"": ""na""}]"
10042,​ mayko lolou,rayko loolu,may ko loolu,keep,https://www.youtube.com/watch?v=qTmXYJn3bTk,"[{""token"": ""mayko"", ""category"": ""informal_wolof"", ""selected_candidate"": ""rayko"", ""final_correction"": ""may ko""}, {""token"": ""lolou"", ""category"": ""wolof_formal"", ""selected_candidate"": ""loolu"", ""final_correction"": ""loolu""}]"
3400,lady diama saga na,lady daama saaga na,lady diama saaga na,keep,https://www.youtube.com/watch?v=l6b5aJIqeNo,"[{""token"": ""lady"", ""category"": ""ambiguous_cognate"", ""selected_candidate"": ""lady"", ""final_correction"": ""lady""}, {""token"": ""diama"", ""category"": ""informal_wolof"", ""selected_candidate"": ""diama"", ""final_correction"": ""diama""}, {""token"": ""saga"", ""category"": ""ambiguous_cognate"", ""selected_candidate"": ""saaga"", ""final_correction"": ""saaga""}, {""token"": ""na"", ""category"": ""ambiguous_cognate"", ""selected_candidate"": ""na"", ""final_correction"": ""na""}]"
3576,"ngaka comme un ado de 15 ans qui se cherche ‍️…. da gueye rousse sakh! fethieul président, imiter dip … on ne le reconnaît plus! ‍️",ngako comme un ado dee __protected_0__ att qui se cherche da géy rousse sax fethieul peresidaŋ imiter dib on ne les reconnaît plus,ngaka comme un ado dee __protected_0__ att qui se cherche da ngay rus sax feccal président imiter dip on ne le reconnaît plus,keep,https://www.youtube.com/watch?v=8CAy6LdHR4M,"[{""token"": ""ngaka"", ""category"": ""informal_wolof"", ""selected_candidate"": ""ngaka"", ""final_correction"": ""ngaka""}, {""token"": ""comme"", ""category"": ""ambiguous_cognate"", ""selected_candidate"": ""comme"", ""final_correction"": ""comme""}, {""token"": ""un"", ""category"": ""ambiguous_cognate"", ""selected_candidate"": ""un"", ""final_correction"": ""un""}, {""token"": ""ado"", ""category"": ""ambiguous_cognate"", ""selected_candidate"": ""ado"", ""final_correction"": ""ado""}, {""token"": ""de"", ""category"": ""ambiguous_cognate"", ""selected_candidate"": ""dee"", ""final_correction"": ""dee""}, {""token"": ""__protected_0__"", ""category"": ""informal_wolof"", ""selected_candidate"": ""__protected_0__"", ""final_correction"": ""__protected_0__""}, {""token"": ""ans"", ""category"": ""french_substituted"", ""selected_candidate"": ""att"", ""final_correction"": ""att""}, {""token"": ""qui"", ""category"": ""ambiguous_cognate"", ""selected_candidate"": ""qui"", ""final_correction"": ""qui""}, {""token"": ""se"", ""category"": ""ambiguous_cognate"", ""selected_candidate"": ""se"", ""final_correction"": ""se""}, {""token"": ""cherche"", ""category"": ""french_native"", ""selected_candidate"": ""cherche"", ""final_correction"": ""cherche""}, {""token"": ""da"", ""category"": ""ambiguous_cognate"", ""selected_candidate"": ""da"", ""final_correction"": ""da""}, {""token"": ""gueye"", ""category"": ""french_substituted"", ""selected_candidate"": ""géy"", ""final_correction"": ""ngay""}, {""token"": ""rousse"", ""category"": ""french_native"", ""selected_candidate"": ""rousse"", ""final_correction"": ""rus""}, {""token"": ""sakh"", ""category"": ""informal_wolof"", ""selected_candidate"": ""sax"", ""final_correction"": ""sax""}, {""token"": ""fethieul"", ""category"": ""informal_wolof"", ""selected_candidate"": ""fethieul"", ""final_correction"": ""feccal""}, {""token"": ""président"", ""category"": ""french_substituted"", ""selected_candidate"": ""président"", ""final_correction"": ""président""}, {""token"": ""imiter"", ""category"": ""french_native"", ""selected_candidate"": ""imiter"", ""final_correction"": ""imiter""}, {""token"": ""dip"", ""category"": ""informal_wolof"", ""selected_candidate"": ""dip"", ""final_correction"": ""dip""}, {""token"": ""on"", ""category"": ""ambiguous_cognate"", ""selected_candidate"": ""on"", ""final_correction"": ""on""}, {""token"": ""ne"", ""category"": ""ambiguous_cognate"", ""selected_candidate"": ""ne"", ""final_correction"": ""ne""}, {""token"": ""le"", ""category"": ""ambiguous_cognate"", ""selected_candidate"": ""le"", ""final_correction"": ""le""}, {""token"": ""reconnaît"", ""category"": ""french_native"", ""selected_candidate"": ""reconnaît"", ""final_correction"": ""reconnaît""}, {""token"": ""plus"", ""category"": ""ambiguous_cognate"", ""selected_candidate"": ""plus"", ""final_correction"": ""plus""}]"
5921,affaires kassé bi ak bijouterie bi yomb na trop,affaires kassé bi ak bijouterie bi yomb na trop,affaires kassé bi ak bijouterie bi yomb na trop,skip_uncertain,https://www.youtube.com/watch?v=wMOsSBNV-iI,"[{""token"": ""affaires"", ""category"": ""french_native"", ""selected_candidate"": ""affaires"", ""final_correction"": ""affaires""}, {""token"": ""kassé"", ""category"": ""french_native"", ""selected_candidate"": ""kassé"", ""final_correction"": ""kassé""}, {""token"": ""bi"", ""category"": ""ambiguous_cognate"", ""selected_candidate"": ""bi"", ""final_correction"": ""bi""}, {""token"": ""ak"", ""category"": ""ambiguous_cognate"", ""selected_candidate"": ""ak"", ""final_correction"": ""ak""}, {""token"": ""bijouterie"", ""category"": ""french_native"", ""selected_candidate"": ""bijouterie"", ""final_correction"": ""bijouterie""}, {""token"": ""bi"", ""category"": ""ambiguous_cognate"", ""selected_candidate"": ""bi"", ""final_correction"": ""bi""}, {""token"": ""yomb"", ""category"": ""wolof_formal"", ""selected_candidate"": ""yomb"", ""final_correction"": ""yomb""}, {""token"": ""na"", ""category"": ""ambiguous_cognate"", ""selected_candidate"": ""na"", ""final_correction"": ""na""}, {""token"": ""trop"", ""category"": ""french_native"", ""selected_candidate"": ""trop"", ""final_correction"": ""trop""}]"
10043,kou masoul sétane publicité comme mane rk lale j'aime,ku masul seetaan pibbilisite comme man rek lale j'aime,ku masul seetaan publicité comme man rek lale j'aime,keep,https://www.youtube.com/watch?v=qTmXYJn3bTk,"[{""token"": ""kou"", ""category"": ""informal_wolof"", ""selected_candidate"": ""ku"", ""final_correction"": ""ku""}, {""token"": ""masoul"", ""category"": ""informal_wolof"", ""selected_candidate"": ""masul"", ""final_correction"": ""masul""}, {""token"": ""sétane"", ""category"": ""informal_wolof"", ""selected_candidate"": ""seetaan"", ""final_correction"": ""seetaan""}, {""token"": ""publicité"", ""category"": ""french_substituted"", ""selected_candidate"": ""publicité"", ""final_correction"": ""publicité""}, {""token"": ""comme"", ""category"": ""ambiguous_cognate"", ""selected_candidate"": ""comme"", ""final_correction"": ""comme""}, {""token"": ""mane"", ""category"": ""ambiguous_cognate"", ""selected_candidate"": ""man"", ""final_correction"": ""man""}, {""token"": ""rk"", ""category"": ""informal_wolof"", ""selected_candidate"": ""rek"", ""final_correction"": ""rek""}, {""token"": ""lale"", ""category"": ""ambiguous_cognate"", ""selected_candidate"": ""lale"", ""final_correction"": ""lale""}, {""token"": ""j'aime"", ""category"": ""french_native"", ""selected_candidate"": ""j'aime"", ""final_correction"": ""j'aime""}]"
3401,sérieux mareme elle assure trop son rôle tu ne peux pas ne pas la détester ‍↕️‍↕️,sérieux maree elle assure trop son rôle tu ne peux pas ne pas lay détester,sérieux maree elle assure trop son rôle tu ne peux pas ne pas lay détester,discard_false_positive,https://www.youtube.com/watch?v=l6b5aJIqeNo,"[{""token"": ""sérieux"", ""category"": ""french_native"", ""selected_candidate"": ""sérieux"", ""final_correction"": ""sérieux""}, {""token"": ""mareme"", ""category"": ""informal_wolof"", ""selected_candidate"": ""maree"", ""final_correction"": ""maree""}, {""token"": ""elle"", ""category"": ""ambiguous_cognate"", ""selected_candidate"": ""elle"", ""final_correction"": ""elle""}, {""token"": ""assure"", ""category"": ""french_native"", ""selected_candidate"": ""assure"", ""final_correction"": ""assure""}, {""token"": ""trop"", ""category"": ""french_native"", ""selected_candidate"": ""trop"", ""final_correction"": ""trop""}, {""token"": ""son"", ""category"": ""ambiguous_cognate"", ""selected_candidate"": ""son"", ""final_correction"": ""son""}, {""token"": ""rôle"", ""category"": ""ambiguous_cognate"", ""selected_candidate"": ""rôle"", ""final_correction"": ""rôle""}, {""token"": ""tu"", ""category"": ""ambiguous_cognate"", ""selected_candidate"": ""tu"", ""final_correction"": ""tu""}, {""token"": ""ne"", ""category"": ""ambiguous_cognate"", ""selected_candidate"": ""ne"", ""final_correction"": ""ne""}, {""token"": ""peux"", ""category"": ""french_native"", ""selected_candidate"": ""peux"", ""final_correction"": ""peux""}, {""token"": ""pas"", ""category"": ""ambiguous_cognate"", ""selected_candidate"": ""pas"", ""final_correction"": ""pas""}, {""token"": ""ne"", ""category"": ""ambiguous_cognate"", ""selected_candidate"": ""ne"", ""final_correction"": ""ne""}, {""token"": ""pas"", ""category"": ""ambiguous_cognate"", ""selected_candidate"": ""pas"", ""final_correction"": ""pas""}, {""token"": ""la"", ""category"": ""ambiguous_cognate"", ""selected_candidate"": ""lay"", ""final_correction"": ""lay""}, {""token"": ""détester"", ""category"": ""french_native"", ""selected_candidate"": ""détester"", ""final_correction"": ""détester""}]"
3577,khalil mii kom kou dooff,khalid mii comme ku doff,khalil mii comme ku dof,keep,https://www.youtube.com/watch?v=8CAy6LdHR4M,"[{""token"": ""khalil"", ""category"": ""informal_wolof"", ""selected_candidate"": ""khalil"", ""final_correction"": ""khalil""}, {""token"": ""mii"", ""category"": ""wolof_formal"", ""selected_candidate"": ""mii"", ""final_correction"": ""mii""}, {""token"": ""kom"", ""category"": ""ambiguous_cognate"", ""selected_candidate"": ""comme"", ""final_correction"": ""comme""}, {""token"": ""kou"", ""category"": ""informal_wolof"", ""selected_candidate"": ""ku"", ""final_correction"": ""ku""}, {""token"": ""dooff"", ""category"": ""informal_wolof"", ""selected_candidate"": ""doff"", ""final_correction"": ""dof""}]"
5922,ndaye san bakir thiam tay yeuram nako nk,ndaje san bakir caam tay buuram naa ko nek,ndaje san bakir caam tay buuram naa ko nek,skip_uncertain,https://www.youtube.com/watch?v=wMOsSBNV-iI,"[{""token"": ""ndaye"", ""category"": ""informal_wolof"", ""selected_candidate"": ""ndaje"", ""final_correction"": ""ndaje""}, {""token"": ""san"", ""category"": ""ambiguous_cognate"", ""selected_candidate"": ""san"", ""final_correction"": ""san""}, {""token"": ""bakir"", ""category"": ""informal_wolof"", ""selected_candidate"": ""bakir"", ""final_correction"": ""bakir""}, {""token"": ""thiam"", ""category"": ""french_substituted"", ""selected_candidate"": ""caam"", ""final_correction"": ""caam""}, {""token"": ""tay"", ""category"": ""ambiguous_cognate"", ""selected_candidate"": ""tay"", ""final_correction"": ""tay""}, {""token"": ""yeuram"", ""category"": ""informal_wolof"", ""selected_candidate"": ""buuram"", ""final_correction"": ""buuram""}, {""token"": ""nako"", ""category"": ""wolof_formal"", ""selected_candidate"": ""naa ko"", ""final_correction"": ""naa ko""}, {""token"": ""nk"", ""category"": ""informal_wolof"", ""selected_candidate"": ""nek"", ""final_correction"": ""nek""}]"
10044,kou beugeu papa diouga take niarel lalal j'aime,ku beugu papa dinga lake ñaarel laalal j'aime,ku bëgg papa diouga takk ñaarel laalal j'aime,keep,https://www.youtube.com/watch?v=qTmXYJn3bTk,"[{""token"": ""kou"", ""category"": ""informal_wolof"", ""selected_candidate"": ""ku"", ""final_correction"": ""ku""}, {""token"": ""beugeu"", ""category"": ""informal_wolof"", ""selected_candidate"": ""beugu"", ""final_correction"": ""bëgg""}, {""token"": ""papa"", ""category"": ""ambiguous_cognate"", ""selected_candidate"": ""papa"", ""final_correction"": ""papa""}, {""token"": ""diouga"", ""category"": ""informal_wolof"", ""selected_candidate"": ""diouga"", ""final_correction"": ""diouga""}, {""token"": ""take"", ""category"": ""informal_wolof"", ""selected_candidate"": ""takk"", ""final_correction"": ""takk""}, {""token"": ""niarel"", ""category"": ""informal_wolof"", ""selected_candidate"": ""ñaarel"", ""final_correction"": ""ñaarel""}, {""token"": ""lalal"", ""category"": ""wolof_formal"", ""selected_candidate"": ""laalal"", ""final_correction"": ""laalal""}, {""token"": ""j'aime"", ""category"": ""french_native"", ""selected_candidate"": ""j'aime"", ""final_correction"": ""j'aime""}]"
3402,"mareme ,elle m'énerve wollah",maree elle m'énerve wolla,maree elle m'énerve wolla,discard_uninteresting,https://www.youtube.com/watch?v=l6b5aJIqeNo,"[{""token"": ""mareme"", ""category"": ""informal_wolof"", ""selected_candidate"": ""maree"", ""final_correction"": ""maree""}, {""token"": ""elle"", ""category"": ""ambiguous_cognate"", ""selected_candidate"": ""elle"", ""final_correction"": ""elle""}, {""token"": ""m'énerve"", ""category"": ""informal_wolof"", ""selected_candidate"": ""m'énerve"", ""final_correction"": ""m'énerve""}, {""token"": ""wollah"", ""category"": ""informal_wolof"", ""selected_candidate"": ""wolla"", ""final_correction"": ""wolla""}]"
3578,bakire thiame dou nitt,bapare thrace du nit,bapare thrace du nit,discard_uninteresting,https://www.youtube.com/watch?v=8CAy6LdHR4M,"[{""token"": ""bakire"", ""category"": ""informal_wolof"", ""selected_candidate"": ""bapare"", ""final_correction"": ""bapare""}, {""token"": ""thiame"", ""category"": ""informal_wolof"", ""selected_candidate"": ""thrace"", ""final_correction"": ""thrace""}, {""token"": ""dou"", ""category"": ""french_native"", ""selected_candidate"": ""du"", ""final_correction"": ""du""}, {""token"": ""nitt"", ""category"": ""wolof_formal"", ""selected_candidate"": ""nit"", ""final_correction"": ""nit""}]"
5923,dialika bilay pour moi ton rôle je t'aime bien,saalika bilay pour moi ton rôle je t'aime bien,saalika bilay pour moi ton rôle je t'aime bien,discard_uninteresting,https://www.youtube.com/watch?v=wMOsSBNV-iI,"[{""token"": ""dialika"", ""category"": ""informal_wolof"", ""selected_candidate"": ""saalika"", ""final_correction"": ""saalika""}, {""token"": ""bilay"", ""category"": ""wolof_formal"", ""selected_candidate"": ""bilay"", ""final_correction"": ""bilay""}, {""token"": ""pour"", ""category"": ""ambiguous_cognate"", ""selected_candidate"": ""pour"", ""final_correction"": ""pour""}, {""token"": ""moi"", ""category"": ""ambiguous_cognate"", ""selected_candidate"": ""moi"", ""final_correction"": ""moi""}, {""token"": ""ton"", ""category"": ""ambiguous_cognate"", ""selected_candidate"": ""ton"", ""final_correction"": ""ton""}, {""token"": ""rôle"", ""category"": ""ambiguous_cognate"", ""selected_candidate"": ""rôle"", ""final_correction"": ""rôle""}, {""token"": ""je"", ""category"": ""ambiguous_cognate"", ""selected_candidate"": ""je"", ""final_correction"": ""je""}, {""token"": ""t'aime"", ""category"": ""french_native"", ""selected_candidate"": ""t'aime"", ""final_correction"": ""t'aime""}, {""token"": ""bien"", ""category"": ""ambiguous_cognate"", ""selected_candidate"": ""bien"", ""final_correction"": ""bien""}]"
10045,ibnou thiam ma diwal la sa mourou bi café wala,ibnou caam maa diwal lay sa dougou bi café wala,ibnou caam ma diwal la sa mburu bi café wala,keep,https://www.youtube.com/watch?v=qTmXYJn3bTk,"[{""token"": ""ibnou"", ""category"": ""french_native"", ""selected_candidate"": ""ibnou"", ""final_correction"": ""ibnou""}, {""token"": ""thiam"", ""category"": ""french_substituted"", ""selected_candidate"": ""caam"", ""final_correction"": ""caam""}, {""token"": ""ma"", ""category"": ""ambiguous_cognate"", ""selected_candidate"": ""ma"", ""final_correction"": ""ma""}, {""token"": ""diwal"", ""category"": ""wolof_formal"", ""selected_candidate"": ""diwal"", ""final_correction"": ""diwal""}, {""token"": ""la"", ""category"": ""ambiguous_cognate"", ""selected_candidate"": ""la"", ""final_correction"": ""la""}, {""token"": ""sa"", ""category"": ""ambiguous_cognate"", ""selected_candidate"": ""sa"", ""final_correction"": ""sa""}, {""token"": ""mourou"", ""category"": ""informal_wolof"", ""selected_candidate"": ""mburu"", ""final_correction"": ""mburu""}, {""token"": ""bi"", ""category"": ""ambiguous_cognate"", ""selected_candidate"": ""bi"", ""final_correction"": ""bi""}, {""token"": ""café"", ""category"": ""ambiguous_cognate"", ""selected_candidate"": ""café"", ""final_correction"": ""café""}, {""token"": ""wala"", ""category"": ""ambiguous_cognate"", ""selected_candidate"": ""wala"", ""final_correction"": ""wala""}]"
3403,mareme nith day ame soutoura,maree nite day am soutoura,mareme nit day am sutura,keep,https://www.youtube.com/watch?v=l6b5aJIqeNo,"[{""token"": ""mareme"", ""category"": ""informal_wolof"", ""selected_candidate"": ""mareme"", ""final_correction"": ""mareme""}, {""token"": ""nith"", ""category"": ""informal_wolof"", ""selected_candidate"": ""nite"", ""final_correction"": ""nit""}, {""token"": ""day"", ""category"": ""ambiguous_cognate"", ""selected_candidate"": ""day"", ""final_correction"": ""day""}, {""token"": ""ame"", ""category"": ""ambiguous_cognate"", ""selected_candidate"": ""am"", ""final_correction"": ""am""}, {""token"": ""soutoura"", ""category"": ""informal_wolof"", ""selected_candidate"": ""soutoura"", ""final_correction"": ""sutura""}]"
3579,bakir néna ma oumy maneu ngay liguey pour ma touti,bakir ne naa maa oumy manee ngay ligeey pour maa touti,bakir ne na ma oumy man ngay liggéey pour ma tuuti,keep,https://www.youtube.com/watch?v=8CAy6LdHR4M,"[{""token"": ""bakir"", ""category"": ""informal_wolof"", ""selected_candidate"": ""bakir"", ""final_correction"": ""bakir""}, {""token"": ""néna"", ""category"": ""wolof_formal"", ""selected_candidate"": ""ne na"", ""final_correction"": ""ne na""}, {""token"": ""ma"", ""category"": ""ambiguous_cognate"", ""selected_candidate"": ""ma"", ""final_correction"": ""ma""}, {""token"": ""oumy"", ""category"": ""informal_wolof"", ""selected_candidate"": ""oumy"", ""final_correction"": ""oumy""}, {""token"": ""maneu"", ""category"": ""informal_wolof"", ""selected_candidate"": ""manee"", ""final_correction"": ""man""}, {""token"": ""ngay"", ""category"": ""ambiguous_cognate"", ""selected_candidate"": ""ngay"", ""final_correction"": ""ngay""}, {""token"": ""liguey"", ""category"": ""informal_wolof"", ""selected_candidate"": ""ligeey"", ""final_correction"": ""liggéey""}, {""token"": ""pour"", ""category"": ""ambiguous_cognate"", ""selected_candidate"": ""pour"", ""final_correction"": ""pour""}, {""token"": ""ma"", ""category"": ""ambiguous_cognate"", ""selected_candidate"": ""ma"", ""final_correction"": ""ma""}, {""token"": ""touti"", ""category"": ""ambiguous_cognate"", ""selected_candidate"": ""touti"", ""final_correction"": ""tuuti""}]"
5924,bi kheur thiéye kheur djougua thiam fi dougou fi erreur leu dé fois mou nekh ms chaque jour à que bou bess fi élève bou fi nekh do djague,bi keur thiéye keur djougua caam fi dougou fi njuumte la dé fois mu neex mais saa bis à que bu bess fi élève bu fi neex do drogue,bi keur thiéye keur djougua caam fi dougou fi njuumte la dé fois mu neex mais saa bis à que bu bess fi élève bu fi neex do drogue,skip_uncertain,https://www.youtube.com/watch?v=wMOsSBNV-iI,"[{""token"": ""bi"", ""category"": ""ambiguous_cognate"", ""selected_candidate"": ""bi"", ""final_correction"": ""bi""}, {""token"": ""kheur"", ""category"": ""informal_wolof"", ""selected_candidate"": ""keur"", ""final_correction"": ""keur""}, {""token"": ""thiéye"", ""category"": ""informal_wolof"", ""selected_candidate"": ""thiéye"", ""final_correction"": ""thiéye""}, {""token"": ""kheur"", ""category"": ""informal_wolof"", ""selected_candidate"": ""keur"", ""final_correction"": ""keur""}, {""token"": ""djougua"", ""category"": ""informal_wolof"", ""selected_candidate"": ""djougua"", ""final_correction"": ""djougua""}, {""token"": ""thiam"", ""category"": ""french_substituted"", ""selected_candidate"": ""caam"", ""final_correction"": ""caam""}, {""token"": ""fi"", ""category"": ""ambiguous_cognate"", ""selected_candidate"": ""fi"", ""final_correction"": ""fi""}, {""token"": ""dougou"", ""category"": ""wolof_formal"", ""selected_candidate"": ""dougou"", ""final_correction"": ""dougou""}, {""token"": ""fi"", ""category"": ""ambiguous_cognate"", ""selected_candidate"": ""fi"", ""final_correction"": ""fi""}, {""token"": ""erreur"", ""category"": ""french_substituted"", ""selected_candidate"": ""njuumte"", ""final_correction"": ""njuumte""}, {""token"": ""leu"", ""category"": ""french_native"", ""selected_candidate"": ""la"", ""final_correction"": ""la""}, {""token"": ""dé"", ""category"": ""ambiguous_cognate"", ""selected_candidate"": ""dé"", ""final_correction"": ""dé""}, {""token"": ""fois"", ""category"": ""french_native"", ""selected_candidate"": ""fois"", ""final_correction"": ""fois""}, {""token"": ""mou"", ""category"": ""ambiguous_cognate"", ""selected_candidate"": ""mu"", ""final_correction"": ""mu""}, {""token"": ""nekh"", ""category"": ""informal_wolof"", ""selected_candidate"": ""neex"", ""final_correction"": ""neex""}, {""token"": ""ms"", ""category"": ""ambiguous_cognate"", ""selected_candidate"": ""mais"", ""final_correction"": ""mais""}, {""token"": ""chaque"", ""category"": ""french_substituted"", ""selected_candidate"": ""saa"", ""final_correction"": ""saa""}, {""token"": ""jour"", ""category"": ""french_substituted"", ""selected_candidate"": ""bis"", ""final_correction"": ""bis""}, {""token"": ""à"", ""category"": ""ambiguous_cognate"", ""selected_candidate"": ""à"", ""final_correction"": ""à""}, {""token"": ""que"", ""category"": ""ambiguous_cognate"", ""selected_candidate"": ""que"", ""final_correction"": ""que""}, {""token"": ""bou"", ""category"": ""ambiguous_cognate"", ""selected_candidate"": ""bu"", ""final_correction"": ""bu""}, {""token"": ""bess"", ""category"": ""wolof_formal"", ""selected_candidate"": ""bess"", ""final_correction"": ""bess""}, {""token"": ""fi"", ""category"": ""ambiguous_cognate"", ""selected_candidate"": ""fi"", ""final_correction"": ""fi""}, {""token"": ""élève"", ""category"": ""french_native"", ""selected_candidate"": ""élève"", ""final_correction"": ""élève""}, {""token"": ""bou"", ""category"": ""ambiguous_cognate"", ""selected_candidate"": ""bu"", ""final_correction"": ""bu""}, {""token"": ""fi"", ""category"": ""ambiguous_cognate"", ""selected_candidate"": ""fi"", ""final_correction"": ""fi""}, {""token"": ""nekh"", ""category"": ""informal_wolof"", ""selected_candidate"": ""neex"", ""final_correction"": ""neex""}, {""token"": ""do"", ""category"": ""ambiguous_cognate"", ""selected_candidate"": ""do"", ""final_correction"": ""do""}, {""token"": ""djague"", ""category"": ""informal_wolof"", ""selected_candidate"": ""drogue"", ""final_correction"": ""drogue""}]"
10047,mame oumy nenakoo inpnou thiam ma dewala sa mouroumii cafè wala,maam oumy nekkoo inpnou caam maa dewal sa mouroumii café wala,maam oumy nekkoo inpnou caam maa dewal sa mouroumii café wala,skip_uncertain,https://www.youtube.com/watch?v=qTmXYJn3bTk,"[{""token"": ""mame"", ""category"": ""french_substituted"", ""selected_candidate"": ""maam"", ""final_correction"": ""maam""}, {""token"": ""oumy"", ""category"": ""informal_wolof"", ""selected_candidate"": ""oumy"", ""final_correction"": ""oumy""}, {""token"": ""nenakoo"", ""category"": ""informal_wolof"", ""selected_candidate"": ""nekkoo"", ""final_correction"": ""nekkoo""}, {""token"": ""inpnou"", ""category"": ""informal_wolof"", ""selected_candidate"": ""inpnou"", ""final_correction"": ""inpnou""}, {""token"": ""thiam"", ""category"": ""french_substituted"", ""selected_candidate"": ""caam"", ""final_correction"": ""caam""}, {""token"": ""ma"", ""category"": ""ambiguous_cognate"", ""selected_candidate"": ""maa"", ""final_correction"": ""maa""}, {""token"": ""dewala"", ""category"": ""informal_wolof"", ""selected_candidate"": ""dewal"", ""final_correction"": ""dewal""}, {""token"": ""sa"", ""category"": ""ambiguous_cognate"", ""selected_candidate"": ""sa"", ""final_correction"": ""sa""}, {""token"": ""mouroumii"", ""category"": ""informal_wolof"", ""selected_candidate"": ""mouroumii"", ""final_correction"": ""mouroumii""}, {""token"": ""cafè"", ""category"": ""informal_wolof"", ""selected_candidate"": ""café"", ""final_correction"": ""café""}, {""token"": ""wala"", ""category"": ""ambiguous_cognate"", ""selected_candidate"": ""wala"", ""final_correction"": ""wala""}]"
3404,serigne dafa reye tack diabar dembe regeter ko taye vraimenys,sëriñ dafa reye tack jabar demba meeter ko tey vraimenys,sëriñ dafa reye tack jabar demba meeter ko tey vraimenys,skip_uncertain,https://www.youtube.com/watch?v=l6b5aJIqeNo,"[{""token"": ""serigne"", ""category"": ""french_substituted"", ""selected_candidate"": ""sëriñ"", ""final_correction"": ""sëriñ""}, {""token"": ""dafa"", ""category"": ""ambiguous_cognate"", ""selected_candidate"": ""dafa"", ""final_correction"": ""dafa""}, {""token"": ""reye"", ""category"": ""wolof_formal"", ""selected_candidate"": ""reye"", ""final_correction"": ""reye""}, {""token"": ""tack"", ""category"": ""french_native"", ""selected_candidate"": ""tack"", ""final_correction"": ""tack""}, {""token"": ""diabar"", ""category"": ""informal_wolof"", ""selected_candidate"": ""jabar"", ""final_correction"": ""jabar""}, {""token"": ""dembe"", ""category"": ""informal_wolof"", ""selected_candidate"": ""demba"", ""final_correction"": ""demba""}, {""token"": ""regeter"", ""category"": ""informal_wolof"", ""selected_candidate"": ""meeter"", ""final_correction"": ""meeter""}, {""token"": ""ko"", ""category"": ""ambiguous_cognate"", ""selected_candidate"": ""ko"", ""final_correction"": ""ko""}, {""token"": ""taye"", ""category"": ""informal_wolof"", ""selected_candidate"": ""tey"", ""final_correction"": ""tey""}, {""token"": ""vraimenys"", ""category"": ""informal_wolof"", ""selected_candidate"": ""vraimenys"", ""final_correction"": ""vraimenys""}]"
3581,boutitou guinar non nabou meun nama ray,boutitou guinaw non ŋàbbu meun na ma rey,butitu ginaar non nabou mën na ma rey,keep,https://www.youtube.com/watch?v=8CAy6LdHR4M,"[{""token"": ""boutitou"", ""category"": ""informal_wolof"", ""selected_candidate"": ""boutitou"", ""final_correction"": ""butitu""}, {""token"": ""guinar"", ""category"": ""informal_wolof"", ""selected_candidate"": ""ginaar"", ""final_correction"": ""ginaar""}, {""token"": ""non"", ""category"": ""ambiguous_cognate"", ""selected_candidate"": ""non"", ""final_correction"": ""non""}, {""token"": ""nabou"", ""category"": ""informal_wolof"", ""selected_candidate"": ""nabou"", ""final_correction"": ""nabou""}, {""token"": ""meun"", ""category"": ""wolof_formal"", ""selected_candidate"": ""meun"", ""final_correction"": ""mën""}, {""token"": ""nama"", ""category"": ""ambiguous_cognate"", ""selected_candidate"": ""na ma"", ""final_correction"": ""na ma""}, {""token"": ""ray"", ""category"": ""ambiguous_cognate"", ""selected_candidate"": ""rey"", ""final_correction"": ""rey""}]"
5925,bakhir akhe soukhou bi douma ko lale,baksis ax soukou bi douma ko lale,baksis ax soukou bi douma ko lale,skip_uncertain,https://www.youtube.com/watch?v=wMOsSBNV-iI,"[{""token"": ""bakhir"", ""category"": ""informal_wolof"", ""selected_candidate"": ""baksis"", ""final_correction"": ""baksis""}, {""token"": ""akhe"", ""category"": ""informal_wolof"", ""selected_candidate"": ""ax"", ""final_correction"": ""ax""}, {""token"": ""soukhou"", ""category"": ""informal_wolof"", ""selected_candidate"": ""soukou"", ""final_correction"": ""soukou""}, {""token"": ""bi"", ""category"": ""ambiguous_cognate"", ""selected_candidate"": ""bi"", ""final_correction"": ""bi""}, {""token"": ""douma"", ""category"": ""french_native"", ""selected_candidate"": ""douma"", ""final_correction"": ""douma""}, {""token"": ""ko"", ""category"": ""ambiguous_cognate"", ""selected_candidate"": ""ko"", ""final_correction"": ""ko""}, {""token"": ""lale"", ""category"": ""ambiguous_cognate"", ""selected_candidate"": ""lale"", ""final_correction"": ""lale""}]"
10048,mere bi nenako inou ma diwal la sa mbourou bi café,mer bi dinako iñoo maa diwal lay sa mbooru bi café,mere bi ne na ko inou ma diwal la sa mburu bi café,keep,https://www.youtube.com/watch?v=qTmXYJn3bTk,"[{""token"": ""mere"", ""category"": ""ambiguous_cognate"", ""selected_candidate"": ""mere"", ""final_correction"": ""mere""}, {""token"": ""bi"", ""category"": ""ambiguous_cognate"", ""selected_candidate"": ""bi"", ""final_correction"": ""bi""}, {""token"": ""nenako"", ""category"": ""informal_wolof"", ""selected_candidate"": ""dinako"", ""final_correction"": ""ne na ko""}, {""token"": ""inou"", ""category"": ""informal_wolof"", ""selected_candidate"": ""inou"", ""final_correction"": ""inou""}, {""token"": ""ma"", ""category"": ""ambiguous_cognate"", ""selected_candidate"": ""ma"", ""final_correction"": ""ma""}, {""token"": ""diwal"", ""category"": ""wolof_formal"", ""selected_candidate"": ""diwal"", ""final_correction"": ""diwal""}, {""token"": ""la"", ""category"": ""ambiguous_cognate"", ""selected_candidate"": ""la"", ""final_correction"": ""la""}, {""token"": ""sa"", ""category"": ""ambiguous_cognate"", ""selected_candidate"": ""sa"", ""final_correction"": ""sa""}, {""token"": ""mbourou"", ""category"": ""informal_wolof"", ""selected_candidate"": ""mbooru"", ""final_correction"": ""mburu""}, {""token"": ""bi"", ""category"": ""ambiguous_cognate"", ""selected_candidate"": ""bi"", ""final_correction"": ""bi""}, {""token"": ""café"", ""category"": ""ambiguous_cognate"", ""selected_candidate"": ""café"", ""final_correction"": ""café""}]"
3405,serigne ndiaye douma reukheu ndayam domeram,sëriñ njaay douma reukheu ndabam dooram,serigne ndiaye du ma rëkk ndeyam doomaraam,keep,https://www.youtube.com/watch?v=l6b5aJIqeNo,"[{""token"": ""serigne"", ""category"": ""french_substituted"", ""selected_candidate"": ""serigne"", ""final_correction"": ""serigne""}, {""token"": ""ndiaye"", ""category"": ""french_substituted"", ""selected_candidate"": ""ndiaye"", ""final_correction"": ""ndiaye""}, {""token"": ""douma"", ""category"": ""french_native"", ""selected_candidate"": ""douma"", ""final_correction"": ""du ma""}, {""token"": ""reukheu"", ""category"": ""informal_wolof"", ""selected_candidate"": ""reukheu"", ""final_correction"": ""rëkk""}, {""token"": ""ndayam"", ""category"": ""informal_wolof"", ""selected_candidate"": ""ndeyam"", ""final_correction"": ""ndeyam""}, {""token"": ""domeram"", ""category"": ""informal_wolof"", ""selected_candidate"": ""dooram"", ""final_correction"": ""doomaraam""}]"
3584,borom taxi bi kou bonne leu t dof,borom taxi bi ku bon la t dof,borom taxi bi ku bon la te dof,keep,https://www.youtube.com/watch?v=8CAy6LdHR4M,"[{""token"": ""borom"", ""category"": ""wolof_formal"", ""selected_candidate"": ""borom"", ""final_correction"": ""borom""}, {""token"": ""taxi"", ""category"": ""ambiguous_cognate"", ""selected_candidate"": ""taxi"", ""final_correction"": ""taxi""}, {""token"": ""bi"", ""category"": ""ambiguous_cognate"", ""selected_candidate"": ""bi"", ""final_correction"": ""bi""}, {""token"": ""kou"", ""category"": ""informal_wolof"", ""selected_candidate"": ""ku"", ""final_correction"": ""ku""}, {""token"": ""bonne"", ""category"": ""french_native"", ""selected_candidate"": ""bon"", ""final_correction"": ""bon""}, {""token"": ""leu"", ""category"": ""french_native"", ""selected_candidate"": ""la"", ""final_correction"": ""la""}, {""token"": ""t"", ""category"": ""ambiguous_cognate"", ""selected_candidate"": ""t"", ""final_correction"": ""te""}, {""token"": ""dof"", ""category"": ""ambiguous_cognate"", ""selected_candidate"": ""dof"", ""final_correction"": ""dof""}]"
5926,café touba xelcom moy bou bakha bi ️,café tuubaa meloom mooy bu baaxa bi,café touba xelcom mooy bu baax bi,keep,https://www.youtube.com/watch?v=wMOsSBNV-iI,"[{""token"": ""café"", ""category"": ""ambiguous_cognate"", ""selected_candidate"": ""café"", ""final_correction"": ""café""}, {""token"": ""touba"", ""category"": ""french_substituted"", ""selected_candidate"": ""touba"", ""final_correction"": ""touba""}, {""token"": ""xelcom"", ""category"": ""informal_wolof"", ""selected_candidate"": ""xelcom"", ""final_correction"": ""xelcom""}, {""token"": ""moy"", ""category"": ""wolof_formal"", ""selected_candidate"": ""mooy"", ""final_correction"": ""mooy""}, {""token"": ""bou"", ""category"": ""ambiguous_cognate"", ""selected_candidate"": ""bu"", ""final_correction"": ""bu""}, {""token"": ""bakha"", ""category"": ""informal_wolof"", ""selected_candidate"": ""baaxa"", ""final_correction"": ""baax""}, {""token"": ""bi"", ""category"": ""ambiguous_cognate"", ""selected_candidate"": ""bi"", ""final_correction"": ""bi""}]"
10049,l'i mo nekhe way,lii moo nekke waay,lii moo neex waay,keep,https://www.youtube.com/watch?v=qTmXYJn3bTk,"[{""token"": ""l'i"", ""category"": ""informal_wolof"", ""selected_candidate"": ""lii"", ""final_correction"": ""lii""}, {""token"": ""mo"", ""category"": ""ambiguous_cognate"", ""selected_candidate"": ""moo"", ""final_correction"": ""moo""}, {""token"": ""nekhe"", ""category"": ""informal_wolof"", ""selected_candidate"": ""nekke"", ""final_correction"": ""neex""}, {""token"": ""way"", ""category"": ""wolof_formal"", ""selected_candidate"": ""waay"", ""final_correction"": ""waay""}]"
3406,mane bass rek la fan,man bass rek lay fan,man bass rek la fan,keep,https://www.youtube.com/watch?v=l6b5aJIqeNo,"[{""token"": ""mane"", ""category"": ""ambiguous_cognate"", ""selected_candidate"": ""man"", ""final_correction"": ""man""}, {""token"": ""bass"", ""category"": ""wolof_formal"", ""selected_candidate"": ""bass"", ""final_correction"": ""bass""}, {""token"": ""rek"", ""category"": ""ambiguous_cognate"", ""selected_candidate"": ""rek"", ""final_correction"": ""rek""}, {""token"": ""la"", ""category"": ""ambiguous_cognate"", ""selected_candidate"": ""la"", ""final_correction"": ""la""}, {""token"": ""fan"", ""category"": ""ambiguous_cognate"", ""selected_candidate"": ""fan"", ""final_correction"": ""fan""}]"
3586,episodi bi 6fois ta takhoul ma doyal li nekh way,episodu bi 6fois te takkul maa doyal lii neex waay,episode bi 6fois te takkul maa doyal lii neex waay,skip_uncertain,https://www.youtube.com/watch?v=8CAy6LdHR4M,"[{""token"": ""episodi"", ""category"": ""informal_wolof"", ""selected_candidate"": ""episodu"", ""final_correction"": ""episode""}, {""token"": ""bi"", ""category"": ""ambiguous_cognate"", ""selected_candidate"": ""bi"", ""final_correction"": ""bi""}, {""token"": ""6fois"", ""category"": ""informal_wolof"", ""selected_candidate"": ""6fois"", ""final_correction"": ""6fois""}, {""token"": ""ta"", ""category"": ""ambiguous_cognate"", ""selected_candidate"": ""te"", ""final_correction"": ""te""}, {""token"": ""takhoul"", ""category"": ""informal_wolof"", ""selected_candidate"": ""takkul"", ""final_correction"": ""takkul""}, {""token"": ""ma"", ""category"": ""ambiguous_cognate"", ""selected_candidate"": ""maa"", ""final_correction"": ""maa""}, {""token"": ""doyal"", ""category"": ""wolof_formal"", ""selected_candidate"": ""doyal"", ""final_correction"": ""doyal""}, {""token"": ""li"", ""category"": ""ambiguous_cognate"", ""selected_candidate"": ""lii"", ""final_correction"": ""lii""}, {""token"": ""nekh"", ""category"": ""informal_wolof"", ""selected_candidate"": ""neex"", ""final_correction"": ""neex""}, {""token"": ""way"", ""category"": ""wolof_formal"", ""selected_candidate"": ""waay"", ""final_correction"": ""waay""}]"
5927,soxna ningka waxè yayi fat nounou gaka gakaye waxè xlile,soxna ninga waxe bayi fat nounou gafa ganale waxe lile,soxna ninga waxe bayi fat nounou gafa ganale waxe lile,skip_uncertain,https://www.youtube.com/watch?v=wMOsSBNV-iI,"[{""token"": ""soxna"", ""category"": ""wolof_formal"", ""selected_candidate"": ""soxna"", ""final_correction"": ""soxna""}, {""token"": ""ningka"", ""category"": ""informal_wolof"", ""selected_candidate"": ""ninga"", ""final_correction"": ""ninga""}, {""token"": ""waxè"", ""category"": ""informal_wolof"", ""selected_candidate"": ""waxe"", ""final_correction"": ""waxe""}, {""token"": ""yayi"", ""category"": ""informal_wolof"", ""selected_candidate"": ""bayi"", ""final_correction"": ""bayi""}, {""token"": ""fat"", ""category"": ""ambiguous_cognate"", ""selected_candidate"": ""fat"", ""final_correction"": ""fat""}, {""token"": ""nounou"", ""category"": ""french_native"", ""selected_candidate"": ""nounou"", ""final_correction"": ""nounou""}, {""token"": ""gaka"", ""category"": ""informal_wolof"", ""selected_candidate"": ""gafa"", ""final_correction"": ""gafa""}, {""token"": ""gakaye"", ""category"": ""informal_wolof"", ""selected_candidate"": ""ganale"", ""final_correction"": ""ganale""}, {""token"": ""waxè"", ""category"": ""informal_wolof"", ""selected_candidate"": ""waxe"", ""final_correction"": ""waxe""}, {""token"": ""xlile"", ""category"": ""informal_wolof"", ""selected_candidate"": ""lile"", ""final_correction"": ""lile""}]"
10050,khady thiam diépinako,khady caam diépinako,khady thiam jéppi na ko,keep,https://www.youtube.com/watch?v=qTmXYJn3bTk,"[{""token"": ""khady"", ""category"": ""informal_wolof"", ""selected_candidate"": ""khady"", ""final_correction"": ""khady""}, {""token"": ""thiam"", ""category"": ""french_substituted"", ""selected_candidate"": ""thiam"", ""final_correction"": ""thiam""}, {""token"": ""diépinako"", ""category"": ""informal_wolof"", ""selected_candidate"": ""diépinako"", ""final_correction"": ""jéppi na ko""}]"
3409,saga yi mounon nassi niakk dh,saaga yi muñon sassi niakk ah,saaga yi mënon na ci ñàkk de,keep,https://www.youtube.com/watch?v=l6b5aJIqeNo,"[{""token"": ""saga"", ""category"": ""ambiguous_cognate"", ""selected_candidate"": ""saaga"", ""final_correction"": ""saaga""}, {""token"": ""yi"", ""category"": ""ambiguous_cognate"", ""selected_candidate"": ""yi"", ""final_correction"": ""yi""}, {""token"": ""mounon"", ""category"": ""informal_wolof"", ""selected_candidate"": ""muñon"", ""final_correction"": ""mënon""}, {""token"": ""nassi"", ""category"": ""informal_wolof"", ""selected_candidate"": ""sassi"", ""final_correction"": ""na ci""}, {""token"": ""niakk"", ""category"": ""wolof_formal"", ""selected_candidate"": ""niakk"", ""final_correction"": ""ñàkk""}, {""token"": ""dh"", ""category"": ""informal_wolof"", ""selected_candidate"": ""de"", ""final_correction"": ""de""}]"
3587,alhamdoulilah maman oumy fégne na,alhamdulilah maman oumy fegn na,alhamdoulilah maman oumy feeñ na,keep,https://www.youtube.com/watch?v=8CAy6LdHR4M,"[{""token"": ""alhamdoulilah"", ""category"": ""informal_wolof"", ""selected_candidate"": ""alhamdoulilah"", ""final_correction"": ""alhamdoulilah""}, {""token"": ""maman"", ""category"": ""french_native"", ""selected_candidate"": ""maman"", ""final_correction"": ""maman""}, {""token"": ""oumy"", ""category"": ""informal_wolof"", ""selected_candidate"": ""oumy"", ""final_correction"": ""oumy""}, {""token"": ""fégne"", ""category"": ""informal_wolof"", ""selected_candidate"": ""fegn"", ""final_correction"": ""feeñ""}, {""token"": ""na"", ""category"": ""ambiguous_cognate"", ""selected_candidate"": ""na"", ""final_correction"": ""na""}]"
5928,maman soukeyna t’as raison il est temps qu’elle quitte cette maison elle n’a fait que souffrir depuis qu’elle a mi le pied,maman soukeyna te as raison il est temps qu elle quitte cette kër elle n a defee que souffrir dale qu elle a mi les pied,maman soukeyna te as raison il est temps qu elle quitte cette kër elle n a defee que souffrir dale qu elle a mi les pied,discard_false_positive,https://www.youtube.com/watch?v=wMOsSBNV-iI,"[{""token"": ""maman"", ""category"": ""french_native"", ""selected_candidate"": ""maman"", ""final_correction"": ""maman""}, {""token"": ""soukeyna"", ""category"": ""informal_wolof"", ""selected_candidate"": ""soukeyna"", ""final_correction"": ""soukeyna""}, {""token"": ""t"", ""category"": ""ambiguous_cognate"", ""selected_candidate"": ""te"", ""final_correction"": ""te""}, {""token"": ""as"", ""category"": ""ambiguous_cognate"", ""selected_candidate"": ""as"", ""final_correction"": ""as""}, {""token"": ""raison"", ""category"": ""ambiguous_cognate"", ""selected_candidate"": ""raison"", ""final_correction"": ""raison""}, {""token"": ""il"", ""category"": ""ambiguous_cognate"", ""selected_candidate"": ""il"", ""final_correction"": ""il""}, {""token"": ""est"", ""category"": ""ambiguous_cognate"", ""selected_candidate"": ""est"", ""final_correction"": ""est""}, {""token"": ""temps"", ""category"": ""ambiguous_cognate"", ""selected_candidate"": ""temps"", ""final_correction"": ""temps""}, {""token"": ""qu"", ""category"": ""ambiguous_cognate"", ""selected_candidate"": ""qu"", ""final_correction"": ""qu""}, {""token"": ""elle"", ""category"": ""ambiguous_cognate"", ""selected_candidate"": ""elle"", ""final_correction"": ""elle""}, {""token"": ""quitte"", ""category"": ""ambiguous_cognate"", ""selected_candidate"": ""quitte"", ""final_correction"": ""quitte""}, {""token"": ""cette"", ""category"": ""ambiguous_cognate"", ""selected_candidate"": ""cette"", ""final_correction"": ""cette""}, {""token"": ""maison"", ""category"": ""french_substituted"", ""selected_candidate"": ""kër"", ""final_correction"": ""kër""}, {""token"": ""elle"", ""category"": ""ambiguous_cognate"", ""selected_candidate"": ""elle"", ""final_correction"": ""elle""}, {""token"": ""n"", ""category"": ""ambiguous_cognate"", ""selected_candidate"": ""n"", ""final_correction"": ""n""}, {""token"": ""a"", ""category"": ""ambiguous_cognate"", ""selected_candidate"": ""a"", ""final_correction"": ""a""}, {""token"": ""fait"", ""category"": ""french_substituted"", ""selected_candidate"": ""defee"", ""final_correction"": ""defee""}, {""token"": ""que"", ""category"": ""ambiguous_cognate"", ""selected_candidate"": ""que"", ""final_correction"": ""que""}, {""token"": ""souffrir"", ""category"": ""french_native"", ""selected_candidate"": ""souffrir"", ""final_correction"": ""souffrir""}, {""token"": ""depuis"", ""category"": ""french_substituted"", ""selected_candidate"": ""dale"", ""final_correction"": ""dale""}, {""token"": ""qu"", ""category"": ""ambiguous_cognate"", ""selected_candidate"": ""qu"", ""final_correction"": ""qu""}, {""token"": ""elle"", ""category"": ""ambiguous_cognate"", ""selected_candidate"": ""elle"", ""final_correction"": ""elle""}, {""token"": ""a"", ""category"": ""ambiguous_cognate"", ""selected_candidate"": ""a"", ""final_correction"": ""a""}, {""token"": ""mi"", ""category"": ""ambiguous_cognate"", ""selected_candidate"": ""mi"", ""final_correction"": ""mi""}, {""token"": ""le"", ""category"": ""ambiguous_cognate"", ""selected_candidate"": ""les"", ""final_correction"": ""les""}, {""token"": ""pied"", ""category"": ""ambiguous_cognate"", ""selected_candidate"": ""pied"", ""final_correction"": ""pied""}]"
10051,wa khana nekoul salimata mo aye thiéré bi,waa xanaa nekkul salemata moo aye tééré bi,waa xanaa nekkul salimata moo ay cere bi,keep,https://www.youtube.com/watch?v=qTmXYJn3bTk,"[{""token"": ""wa"", ""category"": ""ambiguous_cognate"", ""selected_candidate"": ""waa"", ""final_correction"": ""waa""}, {""token"": ""khana"", ""category"": ""french_native"", ""selected_candidate"": ""xanaa"", ""final_correction"": ""xanaa""}, {""token"": ""nekoul"", ""category"": ""informal_wolof"", ""selected_candidate"": ""nekkul"", ""final_correction"": ""nekkul""}, {""token"": ""salimata"", ""category"": ""informal_wolof"", ""selected_candidate"": ""salimata"", ""final_correction"": ""salimata""}, {""token"": ""mo"", ""category"": ""ambiguous_cognate"", ""selected_candidate"": ""moo"", ""final_correction"": ""moo""}, {""token"": ""aye"", ""category"": ""ambiguous_cognate"", ""selected_candidate"": ""aye"", ""final_correction"": ""ay""}, {""token"": ""thiéré"", ""category"": ""informal_wolof"", ""selected_candidate"": ""tééré"", ""final_correction"": ""cere""}, {""token"": ""bi"", ""category"": ""ambiguous_cognate"", ""selected_candidate"": ""bi"", ""final_correction"": ""bi""}]"
3411,li mo guene,lii moo guene,lii moo gën,keep,https://www.youtube.com/watch?v=l6b5aJIqeNo,"[{""token"": ""li"", ""category"": ""ambiguous_cognate"", ""selected_candidate"": ""lii"", ""final_correction"": ""lii""}, {""token"": ""mo"", ""category"": ""ambiguous_cognate"", ""selected_candidate"": ""moo"", ""final_correction"": ""moo""}, {""token"": ""guene"", ""category"": ""french_native"", ""selected_candidate"": ""guene"", ""final_correction"": ""gën""}]"
3588,boy ibnou dou dem,boy ibnou du dem,boy ibnou du dem,keep,https://www.youtube.com/watch?v=8CAy6LdHR4M,"[{""token"": ""boy"", ""category"": ""ambiguous_cognate"", ""selected_candidate"": ""boy"", ""final_correction"": ""boy""}, {""token"": ""ibnou"", ""category"": ""french_native"", ""selected_candidate"": ""ibnou"", ""final_correction"": ""ibnou""}, {""token"": ""dou"", ""category"": ""french_native"", ""selected_candidate"": ""du"", ""final_correction"": ""du""}, {""token"": ""dem"", ""category"": ""ambiguous_cognate"", ""selected_candidate"": ""dem"", ""final_correction"": ""dem""}]"
5929,bar ki yalla nabou gueye yalla na goudou fan,bar ki yalla ŋàbbu ngay yalla na goudou fan,bar ki yalla ŋàbbu ngay yalla na goudou fan,skip_uncertain,https://www.youtube.com/watch?v=wMOsSBNV-iI,"[{""token"": ""bar"", ""category"": ""ambiguous_cognate"", ""selected_candidate"": ""bar"", ""final_correction"": ""bar""}, {""token"": ""ki"", ""category"": ""ambiguous_cognate"", ""selected_candidate"": ""ki"", ""final_correction"": ""ki""}, {""token"": ""yalla"", ""category"": ""ambiguous_cognate"", ""selected_candidate"": ""yalla"", ""final_correction"": ""yalla""}, {""token"": ""nabou"", ""category"": ""informal_wolof"", ""selected_candidate"": ""ŋàbbu"", ""final_correction"": ""ŋàbbu""}, {""token"": ""gueye"", ""category"": ""french_substituted"", ""selected_candidate"": ""ngay"", ""final_correction"": ""ngay""}, {""token"": ""yalla"", ""category"": ""ambiguous_cognate"", ""selected_candidate"": ""yalla"", ""final_correction"": ""yalla""}, {""token"": ""na"", ""category"": ""ambiguous_cognate"", ""selected_candidate"": ""na"", ""final_correction"": ""na""}, {""token"": ""goudou"", ""category"": ""french_native"", ""selected_candidate"": ""goudou"", ""final_correction"": ""goudou""}, {""token"": ""fan"", ""category"": ""ambiguous_cognate"", ""selected_candidate"": ""fan"", ""final_correction"": ""fan""}]"
10052,"wa khalil mi wérna, mounane ay deuk ak dialika, ki doumako heut . mais nak médusa titna gnaww",waa khalid mi werna douane ay dëgg ak saalika ki doumako haut mais nak médusa fitna gnaw,waa khalil mi wér na mu naan ay dëkk ak dialika ki du ma ko xët mais nak médusa tiit na ñaw,keep,https://www.youtube.com/watch?v=qTmXYJn3bTk,"[{""token"": ""wa"", ""category"": ""ambiguous_cognate"", ""selected_candidate"": ""waa"", ""final_correction"": ""waa""}, {""token"": ""khalil"", ""category"": ""informal_wolof"", ""selected_candidate"": ""khalil"", ""final_correction"": ""khalil""}, {""token"": ""mi"", ""category"": ""ambiguous_cognate"", ""selected_candidate"": ""mi"", ""final_correction"": ""mi""}, {""token"": ""wérna"", ""category"": ""informal_wolof"", ""selected_candidate"": ""werna"", ""final_correction"": ""wér na""}, {""token"": ""mounane"", ""category"": ""informal_wolof"", ""selected_candidate"": ""douane"", ""final_correction"": ""mu naan""}, {""token"": ""ay"", ""category"": ""ambiguous_cognate"", ""selected_candidate"": ""ay"", ""final_correction"": ""ay""}, {""token"": ""deuk"", ""category"": ""ambiguous_cognate"", ""selected_candidate"": ""dëgg"", ""final_correction"": ""dëkk""}, {""token"": ""ak"", ""category"": ""ambiguous_cognate"", ""selected_candidate"": ""ak"", ""final_correction"": ""ak""}, {""token"": ""dialika"", ""category"": ""informal_wolof"", ""selected_candidate"": ""dialika"", ""final_correction"": ""dialika""}, {""token"": ""ki"", ""category"": ""ambiguous_cognate"", ""selected_candidate"": ""ki"", ""final_correction"": ""ki""}, {""token"": ""doumako"", ""category"": ""informal_wolof"", ""selected_candidate"": ""doumako"", ""final_correction"": ""du ma ko""}, {""token"": ""heut"", ""category"": ""informal_wolof"", ""selected_candidate"": ""haut"", ""final_correction"": ""xët""}, {""token"": ""mais"", ""category"": ""ambiguous_cognate"", ""selected_candidate"": ""mais"", ""final_correction"": ""mais""}, {""token"": ""nak"", ""category"": ""ambiguous_cognate"", ""selected_candidate"": ""nak"", ""final_correction"": ""nak""}, {""token"": ""médusa"", ""category"": ""french_native"", ""selected_candidate"": ""médusa"", ""final_correction"": ""médusa""}, {""token"": ""titna"", ""category"": ""informal_wolof"", ""selected_candidate"": ""fitna"", ""final_correction"": ""tiit na""}, {""token"": ""gnaww"", ""category"": ""informal_wolof"", ""selected_candidate"": ""gnaw"", ""final_correction"": ""ñaw""}]"
3412,diama yagui souka ame foula nak li bakh n'a si bass,daama yaa ngi souka am fulla nak lii baax na ci bass,diama yaa ngi soog am fulla nak lii baax na ci bass,keep,https://www.youtube.com/watch?v=l6b5aJIqeNo,"[{""token"": ""diama"", ""category"": ""informal_wolof"", ""selected_candidate"": ""diama"", ""final_correction"": ""diama""}, {""token"": ""yagui"", ""category"": ""informal_wolof"", ""selected_candidate"": ""yaa ngi"", ""final_correction"": ""yaa ngi""}, {""token"": ""souka"", ""category"": ""informal_wolof"", ""selected_candidate"": ""souka"", ""final_correction"": ""soog""}, {""token"": ""ame"", ""category"": ""ambiguous_cognate"", ""selected_candidate"": ""am"", ""final_correction"": ""am""}, {""token"": ""foula"", ""category"": ""french_native"", ""selected_candidate"": ""fulla"", ""final_correction"": ""fulla""}, {""token"": ""nak"", ""category"": ""ambiguous_cognate"", ""selected_candidate"": ""nak"", ""final_correction"": ""nak""}, {""token"": ""li"", ""category"": ""ambiguous_cognate"", ""selected_candidate"": ""lii"", ""final_correction"": ""lii""}, {""token"": ""bakh"", ""category"": ""informal_wolof"", ""selected_candidate"": ""baax"", ""final_correction"": ""baax""}, {""token"": ""n'a"", ""category"": ""french_native"", ""selected_candidate"": ""na"", ""final_correction"": ""na""}, {""token"": ""si"", ""category"": ""ambiguous_cognate"", ""selected_candidate"": ""ci"", ""final_correction"": ""ci""}, {""token"": ""bass"", ""category"": ""wolof_formal"", ""selected_candidate"": ""bass"", ""final_correction"": ""bass""}]"
3589,bilaye ibnou dou dém,bilay ibnou du dém,bilay ibnou du dém,discard_uninteresting,https://www.youtube.com/watch?v=8CAy6LdHR4M,"[{""token"": ""bilaye"", ""category"": ""informal_wolof"", ""selected_candidate"": ""bilay"", ""final_correction"": ""bilay""}, {""token"": ""ibnou"", ""category"": ""french_native"", ""selected_candidate"": ""ibnou"", ""final_correction"": ""ibnou""}, {""token"": ""dou"", ""category"": ""french_native"", ""selected_candidate"": ""du"", ""final_correction"": ""du""}, {""token"": ""dém"", ""category"": ""wolof_formal"", ""selected_candidate"": ""dém"", ""final_correction"": ""dém""}]"
5931,ibnou thiam t mom khamakoul sakh né oumy moko doflo,ibnou caam te moom khamakoul sax né oumy moko doflu,ibnou caam te moom xamagul sax né oumy moo ko dofloo,keep,https://www.youtube.com/watch?v=wMOsSBNV-iI,"[{""token"": ""ibnou"", ""category"": ""french_native"", ""selected_candidate"": ""ibnou"", ""final_correction"": ""ibnou""}, {""token"": ""thiam"", ""category"": ""french_substituted"", ""selected_candidate"": ""caam"", ""final_correction"": ""caam""}, {""token"": ""t"", ""category"": ""ambiguous_cognate"", ""selected_candidate"": ""te"", ""final_correction"": ""te""}, {""token"": ""mom"", ""category"": ""wolof_formal"", ""selected_candidate"": ""moom"", ""final_correction"": ""moom""}, {""token"": ""khamakoul"", ""category"": ""informal_wolof"", ""selected_candidate"": ""khamakoul"", ""final_correction"": ""xamagul""}, {""token"": ""sakh"", ""category"": ""informal_wolof"", ""selected_candidate"": ""sax"", ""final_correction"": ""sax""}, {""token"": ""né"", ""category"": ""ambiguous_cognate"", ""selected_candidate"": ""né"", ""final_correction"": ""né""}, {""token"": ""oumy"", ""category"": ""informal_wolof"", ""selected_candidate"": ""oumy"", ""final_correction"": ""oumy""}, {""token"": ""moko"", ""category"": ""ambiguous_cognate"", ""selected_candidate"": ""moko"", ""final_correction"": ""moo ko""}, {""token"": ""doflo"", ""category"": ""informal_wolof"", ""selected_candidate"": ""doflu"", ""final_correction"": ""dofloo""}]"
10054,wa ana yeufou jonguer yi deuxième femme de khalil donne deff thi gen bi ?,waa ana yëfu jongëru yi ñaarelu femme dee khalid donne def ci gen bi,waa ana yëfu jongëru yi ñaarelu femme dee khalid donne def ci gen bi,skip_uncertain,https://www.youtube.com/watch?v=qTmXYJn3bTk,"[{""token"": ""wa"", ""category"": ""ambiguous_cognate"", ""selected_candidate"": ""waa"", ""final_correction"": ""waa""}, {""token"": ""ana"", ""category"": ""ambiguous_cognate"", ""selected_candidate"": ""ana"", ""final_correction"": ""ana""}, {""token"": ""yeufou"", ""category"": ""informal_wolof"", ""selected_candidate"": ""yëfu"", ""final_correction"": ""yëfu""}, {""token"": ""jonguer"", ""category"": ""informal_wolof"", ""selected_candidate"": ""jongëru"", ""final_correction"": ""jongëru""}, {""token"": ""yi"", ""category"": ""ambiguous_cognate"", ""selected_candidate"": ""yi"", ""final_correction"": ""yi""}, {""token"": ""deuxième"", ""category"": ""french_substituted"", ""selected_candidate"": ""ñaarelu"", ""final_correction"": ""ñaarelu""}, {""token"": ""femme"", ""category"": ""ambiguous_cognate"", ""selected_candidate"": ""femme"", ""final_correction"": ""femme""}, {""token"": ""de"", ""category"": ""ambiguous_cognate"", ""selected_candidate"": ""dee"", ""final_correction"": ""dee""}, {""token"": ""khalil"", ""category"": ""informal_wolof"", ""selected_candidate"": ""khalid"", ""final_correction"": ""khalid""}, {""token"": ""donne"", ""category"": ""ambiguous_cognate"", ""selected_candidate"": ""donne"", ""final_correction"": ""donne""}, {""token"": ""deff"", ""category"": ""ambiguous_cognate"", ""selected_candidate"": ""def"", ""final_correction"": ""def""}, {""token"": ""thi"", ""category"": ""french_native"", ""selected_candidate"": ""ci"", ""final_correction"": ""ci""}, {""token"": ""gen"", ""category"": ""wolof_formal"", ""selected_candidate"": ""gen"", ""final_correction"": ""gen""}, {""token"": ""bi"", ""category"": ""ambiguous_cognate"", ""selected_candidate"": ""bi"", ""final_correction"": ""bi""}]"
3413,lady diama oh,lady daama oh,lady daama oh,discard_uninteresting,https://www.youtube.com/watch?v=l6b5aJIqeNo,"[{""token"": ""lady"", ""category"": ""ambiguous_cognate"", ""selected_candidate"": ""lady"", ""final_correction"": ""lady""}, {""token"": ""diama"", ""category"": ""informal_wolof"", ""selected_candidate"": ""daama"", ""final_correction"": ""daama""}, {""token"": ""oh"", ""category"": ""ambiguous_cognate"", ""selected_candidate"": ""oh"", ""final_correction"": ""oh""}]"
3590,salut ngurr dieumi yalla koumay dimbali xalm gui ak son bi mongui may ray kane mo way liii svp,salaam ngirr dieul yalla koomam dimbali palm gi ak son bi moo ngi may rey kane moo waay li svp,salaam ngirr dieul yalla koomam dimbali palm gi ak son bi moo ngi may rey kane moo waay li svp,skip_uncertain,https://www.youtube.com/watch?v=8CAy6LdHR4M,"[{""token"": ""salut"", ""category"": ""french_substituted"", ""selected_candidate"": ""salaam"", ""final_correction"": ""salaam""}, {""token"": ""ngurr"", ""category"": ""informal_wolof"", ""selected_candidate"": ""ngirr"", ""final_correction"": ""ngirr""}, {""token"": ""dieumi"", ""category"": ""informal_wolof"", ""selected_candidate"": ""dieul"", ""final_correction"": ""dieul""}, {""token"": ""yalla"", ""category"": ""ambiguous_cognate"", ""selected_candidate"": ""yalla"", ""final_correction"": ""yalla""}, {""token"": ""koumay"", ""category"": ""informal_wolof"", ""selected_candidate"": ""koomam"", ""final_correction"": ""koomam""}, {""token"": ""dimbali"", ""category"": ""ambiguous_cognate"", ""selected_candidate"": ""dimbali"", ""final_correction"": ""dimbali""}, {""token"": ""xalm"", ""category"": ""informal_wolof"", ""selected_candidate"": ""palm"", ""final_correction"": ""palm""}, {""token"": ""gui"", ""category"": ""ambiguous_cognate"", ""selected_candidate"": ""gi"", ""final_correction"": ""gi""}, {""token"": ""ak"", ""category"": ""ambiguous_cognate"", ""selected_candidate"": ""ak"", ""final_correction"": ""ak""}, {""token"": ""son"", ""category"": ""ambiguous_cognate"", ""selected_candidate"": ""son"", ""final_correction"": ""son""}, {""token"": ""bi"", ""category"": ""ambiguous_cognate"", ""selected_candidate"": ""bi"", ""final_correction"": ""bi""}, {""token"": ""mongui"", ""category"": ""informal_wolof"", ""selected_candidate"": ""moo ngi"", ""final_correction"": ""moo ngi""}, {""token"": ""may"", ""category"": ""ambiguous_cognate"", ""selected_candidate"": ""may"", ""final_correction"": ""may""}, {""token"": ""ray"", ""category"": ""ambiguous_cognate"", ""selected_candidate"": ""rey"", ""final_correction"": ""rey""}, {""token"": ""kane"", ""category"": ""ambiguous_cognate"", ""selected_candidate"": ""kane"", ""final_correction"": ""kane""}, {""token"": ""mo"", ""category"": ""ambiguous_cognate"", ""selected_candidate"": ""moo"", ""final_correction"": ""moo""}, {""token"": ""way"", ""category"": ""wolof_formal"", ""selected_candidate"": ""waay"", ""final_correction"": ""waay""}, {""token"": ""liii"", ""category"": ""informal_wolof"", ""selected_candidate"": ""li"", ""final_correction"": ""li""}, {""token"": ""svp"", ""category"": ""french_native"", ""selected_candidate"": ""svp"", ""final_correction"": ""svp""}]"
5932,publicité yi sof na bo concentré wou rk niou niew,pibbilisite yi soof na bo concentré wu rek ñu neew,publicité yi soof na boo concentré wu rek ñu ñëw,keep,https://www.youtube.com/watch?v=wMOsSBNV-iI,"[{""token"": ""publicité"", ""category"": ""french_substituted"", ""selected_candidate"": ""publicité"", ""final_correction"": ""publicité""}, {""token"": ""yi"", ""category"": ""ambiguous_cognate"", ""selected_candidate"": ""yi"", ""final_correction"": ""yi""}, {""token"": ""sof"", ""category"": ""wolof_formal"", ""selected_candidate"": ""soof"", ""final_correction"": ""soof""}, {""token"": ""na"", ""category"": ""ambiguous_cognate"", ""selected_candidate"": ""na"", ""final_correction"": ""na""}, {""token"": ""bo"", ""category"": ""wolof_formal"", ""selected_candidate"": ""bo"", ""final_correction"": ""boo""}, {""token"": ""concentré"", ""category"": ""french_native"", ""selected_candidate"": ""concentré"", ""final_correction"": ""concentré""}, {""token"": ""wou"", ""category"": ""informal_wolof"", ""selected_candidate"": ""wu"", ""final_correction"": ""wu""}, {""token"": ""rk"", ""category"": ""informal_wolof"", ""selected_candidate"": ""rek"", ""final_correction"": ""rek""}, {""token"": ""niou"", ""category"": ""ambiguous_cognate"", ""selected_candidate"": ""ñu"", ""final_correction"": ""ñu""}, {""token"": ""niew"", ""category"": ""informal_wolof"", ""selected_candidate"": ""neew"", ""final_correction"": ""ñëw""}]"
10055,ana niou dieupyy mame oumy comme mane topou là mais je l aime pas,ana ñu dieupyy maam oumy comme man topp foofu mais je l aime pas,ana ñu jéppi mame oumy comme man topp la mais je l aime pas,keep,https://www.youtube.com/watch?v=qTmXYJn3bTk,"[{""token"": ""ana"", ""category"": ""ambiguous_cognate"", ""selected_candidate"": ""ana"", ""final_correction"": ""ana""}, {""token"": ""niou"", ""category"": ""ambiguous_cognate"", ""selected_candidate"": ""ñu"", ""final_correction"": ""ñu""}, {""token"": ""dieupyy"", ""category"": ""informal_wolof"", ""selected_candidate"": ""dieupyy"", ""final_correction"": ""jéppi""}, {""token"": ""mame"", ""category"": ""french_substituted"", ""selected_candidate"": ""mame"", ""final_correction"": ""mame""}, {""token"": ""oumy"", ""category"": ""informal_wolof"", ""selected_candidate"": ""oumy"", ""final_correction"": ""oumy""}, {""token"": ""comme"", ""category"": ""ambiguous_cognate"", ""selected_candidate"": ""comme"", ""final_correction"": ""comme""}, {""token"": ""mane"", ""category"": ""ambiguous_cognate"", ""selected_candidate"": ""man"", ""final_correction"": ""man""}, {""token"": ""topou"", ""category"": ""informal_wolof"", ""selected_candidate"": ""topp"", ""final_correction"": ""topp""}, {""token"": ""là"", ""category"": ""french_substituted"", ""selected_candidate"": ""foofu"", ""final_correction"": ""la""}, {""token"": ""mais"", ""category"": ""ambiguous_cognate"", ""selected_candidate"": ""mais"", ""final_correction"": ""mais""}, {""token"": ""je"", ""category"": ""ambiguous_cognate"", ""selected_candidate"": ""je"", ""final_correction"": ""je""}, {""token"": ""l"", ""category"": ""ambiguous_cognate"", ""selected_candidate"": ""l"", ""final_correction"": ""l""}, {""token"": ""aime"", ""category"": ""french_native"", ""selected_candidate"": ""aime"", ""final_correction"": ""aime""}, {""token"": ""pas"", ""category"": ""ambiguous_cognate"", ""selected_candidate"": ""pas"", ""final_correction"": ""pas""}]"
3414,marodi meilleur chaîne youtube kou d’accord rk lalal,parodi meilleur chaîne youtube ku d accord rek laalal,parodi meilleur chaîne youtube ku d accord rek laalal,discard_uninteresting,https://www.youtube.com/watch?v=l6b5aJIqeNo,"[{""token"": ""marodi"", ""category"": ""informal_wolof"", ""selected_candidate"": ""parodi"", ""final_correction"": ""parodi""}, {""token"": ""meilleur"", ""category"": ""french_native"", ""selected_candidate"": ""meilleur"", ""final_correction"": ""meilleur""}, {""token"": ""chaîne"", ""category"": ""french_native"", ""selected_candidate"": ""chaîne"", ""final_correction"": ""chaîne""}, {""token"": ""youtube"", ""category"": ""ambiguous_cognate"", ""selected_candidate"": ""youtube"", ""final_correction"": ""youtube""}, {""token"": ""kou"", ""category"": ""informal_wolof"", ""selected_candidate"": ""ku"", ""final_correction"": ""ku""}, {""token"": ""d"", ""category"": ""ambiguous_cognate"", ""selected_candidate"": ""d"", ""final_correction"": ""d""}, {""token"": ""accord"", ""category"": ""ambiguous_cognate"", ""selected_candidate"": ""accord"", ""final_correction"": ""accord""}, {""token"": ""rk"", ""category"": ""informal_wolof"", ""selected_candidate"": ""rek"", ""final_correction"": ""rek""}, {""token"": ""lalal"", ""category"": ""wolof_formal"", ""selected_candidate"": ""laalal"", ""final_correction"": ""laalal""}]"
3592,amna kou wakh kakir,am na ku wax kakir,am na ku wax kakir,keep,https://www.youtube.com/watch?v=8CAy6LdHR4M,"[{""token"": ""amna"", ""category"": ""wolof_formal"", ""selected_candidate"": ""am na"", ""final_correction"": ""am na""}, {""token"": ""kou"", ""category"": ""informal_wolof"", ""selected_candidate"": ""ku"", ""final_correction"": ""ku""}, {""token"": ""wakh"", ""category"": ""french_native"", ""selected_candidate"": ""wax"", ""final_correction"": ""wax""}, {""token"": ""kakir"", ""category"": ""informal_wolof"", ""selected_candidate"": ""kakir"", ""final_correction"": ""kakir""}]"
5933,kanla yalla di tagou di diell yayam,kan la yalla di tàggu di diehl fayam,kan la yalla di tàggu di jël yayam,keep,https://www.youtube.com/watch?v=wMOsSBNV-iI,"[{""token"": ""kanla"", ""category"": ""informal_wolof"", ""selected_candidate"": ""kan la"", ""final_correction"": ""kan la""}, {""token"": ""yalla"", ""category"": ""ambiguous_cognate"", ""selected_candidate"": ""yalla"", ""final_correction"": ""yalla""}, {""token"": ""di"", ""category"": ""ambiguous_cognate"", ""selected_candidate"": ""di"", ""final_correction"": ""di""}, {""token"": ""tagou"", ""category"": ""informal_wolof"", ""selected_candidate"": ""tàggu"", ""final_correction"": ""tàggu""}, {""token"": ""di"", ""category"": ""ambiguous_cognate"", ""selected_candidate"": ""di"", ""final_correction"": ""di""}, {""token"": ""diell"", ""category"": ""informal_wolof"", ""selected_candidate"": ""diehl"", ""final_correction"": ""jël""}, {""token"": ""yayam"", ""category"": ""informal_wolof"", ""selected_candidate"": ""yayam"", ""final_correction"": ""yayam""}]"
10056,nimay pouchè pub yi yalla namako yalla ball,nimay poche pub yi yalla jamano yalla ball,nimay poche pub yi yalla jamano yalla ball,skip_uncertain,https://www.youtube.com/watch?v=qTmXYJn3bTk,"[{""token"": ""nimay"", ""category"": ""wolof_formal"", ""selected_candidate"": ""nimay"", ""final_correction"": ""nimay""}, {""token"": ""pouchè"", ""category"": ""informal_wolof"", ""selected_candidate"": ""poche"", ""final_correction"": ""poche""}, {""token"": ""pub"", ""category"": ""ambiguous_cognate"", ""selected_candidate"": ""pub"", ""final_correction"": ""pub""}, {""token"": ""yi"", ""category"": ""ambiguous_cognate"", ""selected_candidate"": ""yi"", ""final_correction"": ""yi""}, {""token"": ""yalla"", ""category"": ""ambiguous_cognate"", ""selected_candidate"": ""yalla"", ""final_correction"": ""yalla""}, {""token"": ""namako"", ""category"": ""informal_wolof"", ""selected_candidate"": ""jamano"", ""final_correction"": ""jamano""}, {""token"": ""yalla"", ""category"": ""ambiguous_cognate"", ""selected_candidate"": ""yalla"", ""final_correction"": ""yalla""}, {""token"": ""ball"", ""category"": ""ambiguous_cognate"", ""selected_candidate"": ""ball"", ""final_correction"": ""ball""}]"
3415,lady ah guala gua fippu,lady ah guala nga fippu,lady ah guala nga fippu,skip_uncertain,https://www.youtube.com/watch?v=l6b5aJIqeNo,"[{""token"": ""lady"", ""category"": ""ambiguous_cognate"", ""selected_candidate"": ""lady"", ""final_correction"": ""lady""}, {""token"": ""ah"", ""category"": ""ambiguous_cognate"", ""selected_candidate"": ""ah"", ""final_correction"": ""ah""}, {""token"": ""guala"", ""category"": ""informal_wolof"", ""selected_candidate"": ""guala"", ""final_correction"": ""guala""}, {""token"": ""gua"", ""category"": ""informal_wolof"", ""selected_candidate"": ""nga"", ""final_correction"": ""nga""}, {""token"": ""fippu"", ""category"": ""ambiguous_cognate"", ""selected_candidate"": ""fippu"", ""final_correction"": ""fippu""}]"
3593,marieme thiam bo nioussoul maman oumy bala mouyguéne keur gui ma bayila,marieme caam boo nioussoul maman oumy bala mouyguéne kër gi maa bayima,marieme thiam boo ñuusul maman oumy bala muy génn kër gi ma bàyyi la,keep,https://www.youtube.com/watch?v=8CAy6LdHR4M,"[{""token"": ""marieme"", ""category"": ""french_native"", ""selected_candidate"": ""marieme"", ""final_correction"": ""marieme""}, {""token"": ""thiam"", ""category"": ""french_substituted"", ""selected_candidate"": ""thiam"", ""final_correction"": ""thiam""}, {""token"": ""bo"", ""category"": ""wolof_formal"", ""selected_candidate"": ""boo"", ""final_correction"": ""boo""}, {""token"": ""nioussoul"", ""category"": ""informal_wolof"", ""selected_candidate"": ""nioussoul"", ""final_correction"": ""ñuusul""}, {""token"": ""maman"", ""category"": ""french_native"", ""selected_candidate"": ""maman"", ""final_correction"": ""maman""}, {""token"": ""oumy"", ""category"": ""informal_wolof"", ""selected_candidate"": ""oumy"", ""final_correction"": ""oumy""}, {""token"": ""bala"", ""category"": ""ambiguous_cognate"", ""selected_candidate"": ""bala"", ""final_correction"": ""bala""}, {""token"": ""mouyguéne"", ""category"": ""informal_wolof"", ""selected_candidate"": ""mouyguéne"", ""final_correction"": ""muy génn""}, {""token"": ""keur"", ""category"": ""ambiguous_cognate"", ""selected_candidate"": ""kër"", ""final_correction"": ""kër""}, {""token"": ""gui"", ""category"": ""ambiguous_cognate"", ""selected_candidate"": ""gi"", ""final_correction"": ""gi""}, {""token"": ""ma"", ""category"": ""ambiguous_cognate"", ""selected_candidate"": ""ma"", ""final_correction"": ""ma""}, {""token"": ""bayila"", ""category"": ""informal_wolof"", ""selected_candidate"": ""bayima"", ""final_correction"": ""bàyyi la""}]"
5934,waa nabou gueye mi nite leu,waa ŋàbbu ngay mi nite la,waa nabou gueye mi nit la,keep,https://www.youtube.com/watch?v=wMOsSBNV-iI,"[{""token"": ""waa"", ""category"": ""ambiguous_cognate"", ""selected_candidate"": ""waa"", ""final_correction"": ""waa""}, {""token"": ""nabou"", ""category"": ""informal_wolof"", ""selected_candidate"": ""nabou"", ""final_correction"": ""nabou""}, {""token"": ""gueye"", ""category"": ""french_substituted"", ""selected_candidate"": ""gueye"", ""final_correction"": ""gueye""}, {""token"": ""mi"", ""category"": ""ambiguous_cognate"", ""selected_candidate"": ""mi"", ""final_correction"": ""mi""}, {""token"": ""nite"", ""category"": ""wolof_formal"", ""selected_candidate"": ""nite"", ""final_correction"": ""nit""}, {""token"": ""leu"", ""category"": ""french_native"", ""selected_candidate"": ""la"", ""final_correction"": ""la""}]"
10057,ana wa keur serigne babacar sy malick,ana waa kër sëriñ baabakar sy maalig,ana waa kër sëriñ baabakar sy maalig,discard_uninteresting,https://www.youtube.com/watch?v=qTmXYJn3bTk,"[{""token"": ""ana"", ""category"": ""ambiguous_cognate"", ""selected_candidate"": ""ana"", ""final_correction"": ""ana""}, {""token"": ""wa"", ""category"": ""ambiguous_cognate"", ""selected_candidate"": ""waa"", ""final_correction"": ""waa""}, {""token"": ""keur"", ""category"": ""ambiguous_cognate"", ""selected_candidate"": ""kër"", ""final_correction"": ""kër""}, {""token"": ""serigne"", ""category"": ""french_substituted"", ""selected_candidate"": ""sëriñ"", ""final_correction"": ""sëriñ""}, {""token"": ""babacar"", ""category"": ""french_substituted"", ""selected_candidate"": ""baabakar"", ""final_correction"": ""baabakar""}, {""token"": ""sy"", ""category"": ""ambiguous_cognate"", ""selected_candidate"": ""sy"", ""final_correction"": ""sy""}, {""token"": ""malick"", ""category"": ""french_substituted"", ""selected_candidate"": ""maalig"", ""final_correction"": ""maalig""}]"
3417,jigeeni moytulen di seyeul goor boulen noboul ! risque leu d,jigéeni moytuleen di séyul goor bulen nobeel risque la d,jigéen yi moytu leen di séyal goor bu leen nobul risque la de,keep,https://www.youtube.com/watch?v=l6b5aJIqeNo,"[{""token"": ""jigeeni"", ""category"": ""informal_wolof"", ""selected_candidate"": ""jigéeni"", ""final_correction"": ""jigéen yi""}, {""token"": ""moytulen"", ""category"": ""informal_wolof"", ""selected_candidate"": ""moytuleen"", ""final_correction"": ""moytu leen""}, {""token"": ""di"", ""category"": ""ambiguous_cognate"", ""selected_candidate"": ""di"", ""final_correction"": ""di""}, {""token"": ""seyeul"", ""category"": ""informal_wolof"", ""selected_candidate"": ""séyul"", ""final_correction"": ""séyal""}, {""token"": ""goor"", ""category"": ""wolof_formal"", ""selected_candidate"": ""goor"", ""final_correction"": ""goor""}, {""token"": ""boulen"", ""category"": ""informal_wolof"", ""selected_candidate"": ""bulen"", ""final_correction"": ""bu leen""}, {""token"": ""noboul"", ""category"": ""informal_wolof"", ""selected_candidate"": ""noboul"", ""final_correction"": ""nobul""}, {""token"": ""risque"", ""category"": ""french_native"", ""selected_candidate"": ""risque"", ""final_correction"": ""risque""}, {""token"": ""leu"", ""category"": ""french_native"", ""selected_candidate"": ""la"", ""final_correction"": ""la""}, {""token"": ""d"", ""category"": ""ambiguous_cognate"", ""selected_candidate"": ""d"", ""final_correction"": ""de""}]"
3594,theiy battir le pdg,theiy baatin les pdg,theiy baatin les pdg,discard_uninteresting,https://www.youtube.com/watch?v=8CAy6LdHR4M,"[{""token"": ""theiy"", ""category"": ""informal_wolof"", ""selected_candidate"": ""theiy"", ""final_correction"": ""theiy""}, {""token"": ""battir"", ""category"": ""informal_wolof"", ""selected_candidate"": ""baatin"", ""final_correction"": ""baatin""}, {""token"": ""le"", ""category"": ""ambiguous_cognate"", ""selected_candidate"": ""les"", ""final_correction"": ""les""}, {""token"": ""pdg"", ""category"": ""french_native"", ""selected_candidate"": ""pdg"", ""final_correction"": ""pdg""}]"
5936,niari mak you réw,niari mak yu réw,ñaar mag yu reew,keep,https://www.youtube.com/watch?v=wMOsSBNV-iI,"[{""token"": ""niari"", ""category"": ""wolof_formal"", ""selected_candidate"": ""niari"", ""final_correction"": ""ñaar""}, {""token"": ""mak"", ""category"": ""ambiguous_cognate"", ""selected_candidate"": ""mak"", ""final_correction"": ""mag""}, {""token"": ""you"", ""category"": ""ambiguous_cognate"", ""selected_candidate"": ""yu"", ""final_correction"": ""yu""}, {""token"": ""réw"", ""category"": ""wolof_formal"", ""selected_candidate"": ""réw"", ""final_correction"": ""reew""}]"
10060,naniou ko may yayou amina si lady diama femme bobou aka féroce,nañu ko may yaayu amina ci lady daama femme yobou aka féroce,na ñu ko may yaayu amina ci lady diama femme boobu aka féroce,keep,https://www.youtube.com/watch?v=qTmXYJn3bTk,"[{""token"": ""naniou"", ""category"": ""informal_wolof"", ""selected_candidate"": ""nañu"", ""final_correction"": ""na ñu""}, {""token"": ""ko"", ""category"": ""ambiguous_cognate"", ""selected_candidate"": ""ko"", ""final_correction"": ""ko""}, {""token"": ""may"", ""category"": ""ambiguous_cognate"", ""selected_candidate"": ""may"", ""final_correction"": ""may""}, {""token"": ""yayou"", ""category"": ""informal_wolof"", ""selected_candidate"": ""yaayu"", ""final_correction"": ""yaayu""}, {""token"": ""amina"", ""category"": ""ambiguous_cognate"", ""selected_candidate"": ""amina"", ""final_correction"": ""amina""}, {""token"": ""si"", ""category"": ""ambiguous_cognate"", ""selected_candidate"": ""ci"", ""final_correction"": ""ci""}, {""token"": ""lady"", ""category"": ""ambiguous_cognate"", ""selected_candidate"": ""lady"", ""final_correction"": ""lady""}, {""token"": ""diama"", ""category"": ""informal_wolof"", ""selected_candidate"": ""diama"", ""final_correction"": ""diama""}, {""token"": ""femme"", ""category"": ""ambiguous_cognate"", ""selected_candidate"": ""femme"", ""final_correction"": ""femme""}, {""token"": ""bobou"", ""category"": ""informal_wolof"", ""selected_candidate"": ""boobu"", ""final_correction"": ""boobu""}, {""token"": ""aka"", ""category"": ""ambiguous_cognate"", ""selected_candidate"": ""aka"", ""final_correction"": ""aka""}, {""token"": ""féroce"", ""category"": ""french_native"", ""selected_candidate"": ""féroce"", ""final_correction"": ""féroce""}]"
3418,lady diama fippouna nak bilay,lady daama fippouna nak bilay,lady diama fippu na nak bilay,keep,https://www.youtube.com/watch?v=l6b5aJIqeNo,"[{""token"": ""lady"", ""category"": ""ambiguous_cognate"", ""selected_candidate"": ""lady"", ""final_correction"": ""lady""}, {""token"": ""diama"", ""category"": ""informal_wolof"", ""selected_candidate"": ""diama"", ""final_correction"": ""diama""}, {""token"": ""fippouna"", ""category"": ""informal_wolof"", ""selected_candidate"": ""fippouna"", ""final_correction"": ""fippu na""}, {""token"": ""nak"", ""category"": ""ambiguous_cognate"", ""selected_candidate"": ""nak"", ""final_correction"": ""nak""}, {""token"": ""bilay"", ""category"": ""wolof_formal"", ""selected_candidate"": ""bilay"", ""final_correction"": ""bilay""}]"
3596,wa li nex na déh enfin maman oumy fégne na sama khol bi,waa lii nex na dée mujjantal maman oumy feeñ na sama xol bi,waa lii nex na de enfin maman oumy feeñ na sama xol bi,keep,https://www.youtube.com/watch?v=8CAy6LdHR4M,"[{""token"": ""wa"", ""category"": ""ambiguous_cognate"", ""selected_candidate"": ""waa"", ""final_correction"": ""waa""}, {""token"": ""li"", ""category"": ""ambiguous_cognate"", ""selected_candidate"": ""lii"", ""final_correction"": ""lii""}, {""token"": ""nex"", ""category"": ""wolof_formal"", ""selected_candidate"": ""nex"", ""final_correction"": ""nex""}, {""token"": ""na"", ""category"": ""ambiguous_cognate"", ""selected_candidate"": ""na"", ""final_correction"": ""na""}, {""token"": ""déh"", ""category"": ""informal_wolof"", ""selected_candidate"": ""dée"", ""final_correction"": ""de""}, {""token"": ""enfin"", ""category"": ""french_substituted"", ""selected_candidate"": ""enfin"", ""final_correction"": ""enfin""}, {""token"": ""maman"", ""category"": ""french_native"", ""selected_candidate"": ""maman"", ""final_correction"": ""maman""}, {""token"": ""oumy"", ""category"": ""informal_wolof"", ""selected_candidate"": ""oumy"", ""final_correction"": ""oumy""}, {""token"": ""fégne"", ""category"": ""informal_wolof"", ""selected_candidate"": ""feeñ"", ""final_correction"": ""feeñ""}, {""token"": ""na"", ""category"": ""ambiguous_cognate"", ""selected_candidate"": ""na"", ""final_correction"": ""na""}, {""token"": ""sama"", ""category"": ""ambiguous_cognate"", ""selected_candidate"": ""sama"", ""final_correction"": ""sama""}, {""token"": ""khol"", ""category"": ""informal_wolof"", ""selected_candidate"": ""xol"", ""final_correction"": ""xol""}, {""token"": ""bi"", ""category"": ""ambiguous_cognate"", ""selected_candidate"": ""bi"", ""final_correction"": ""bi""}]"
5937,nabou gueye ouf prend sa ouf,ŋàbbu ngay ouf prend sa ouf,ŋàbbu ngay ouf prend sa ouf,discard_uninteresting,https://www.youtube.com/watch?v=wMOsSBNV-iI,"[{""token"": ""nabou"", ""category"": ""informal_wolof"", ""selected_candidate"": ""ŋàbbu"", ""final_correction"": ""ŋàbbu""}, {""token"": ""gueye"", ""category"": ""french_substituted"", ""selected_candidate"": ""ngay"", ""final_correction"": ""ngay""}, {""token"": ""ouf"", ""category"": ""french_native"", ""selected_candidate"": ""ouf"", ""final_correction"": ""ouf""}, {""token"": ""prend"", ""category"": ""french_native"", ""selected_candidate"": ""prend"", ""final_correction"": ""prend""}, {""token"": ""sa"", ""category"": ""ambiguous_cognate"", ""selected_candidate"": ""sa"", ""final_correction"": ""sa""}, {""token"": ""ouf"", ""category"": ""french_native"", ""selected_candidate"": ""ouf"", ""final_correction"": ""ouf""}]"
10061,dafka waronna wakh waw bakham foumoukoy diw,cafka waronna wax waw baatam foumoukoy diw,daf ka waroona wax waw ba xam fu mu koy diw,keep,https://www.youtube.com/watch?v=qTmXYJn3bTk,"[{""token"": ""dafka"", ""category"": ""informal_wolof"", ""selected_candidate"": ""cafka"", ""final_correction"": ""daf ka""}, {""token"": ""waronna"", ""category"": ""wolof_formal"", ""selected_candidate"": ""waronna"", ""final_correction"": ""waroona""}, {""token"": ""wakh"", ""category"": ""french_native"", ""selected_candidate"": ""wax"", ""final_correction"": ""wax""}, {""token"": ""waw"", ""category"": ""ambiguous_cognate"", ""selected_candidate"": ""waw"", ""final_correction"": ""waw""}, {""token"": ""bakham"", ""category"": ""informal_wolof"", ""selected_candidate"": ""baatam"", ""final_correction"": ""ba xam""}, {""token"": ""foumoukoy"", ""category"": ""informal_wolof"", ""selected_candidate"": ""foumoukoy"", ""final_correction"": ""fu mu koy""}, {""token"": ""diw"", ""category"": ""wolof_formal"", ""selected_candidate"": ""diw"", ""final_correction"": ""diw""}]"
3419,bass rk la diepi thimmm,bass rek lay diepi thimmm,bass rek la jéppi cim,keep,https://www.youtube.com/watch?v=l6b5aJIqeNo,"[{""token"": ""bass"", ""category"": ""wolof_formal"", ""selected_candidate"": ""bass"", ""final_correction"": ""bass""}, {""token"": ""rk"", ""category"": ""informal_wolof"", ""selected_candidate"": ""rek"", ""final_correction"": ""rek""}, {""token"": ""la"", ""category"": ""ambiguous_cognate"", ""selected_candidate"": ""la"", ""final_correction"": ""la""}, {""token"": ""diepi"", ""category"": ""informal_wolof"", ""selected_candidate"": ""diepi"", ""final_correction"": ""jéppi""}, {""token"": ""thimmm"", ""category"": ""informal_wolof"", ""selected_candidate"": ""thimmm"", ""final_correction"": ""cim""}]"
3597,maman guinz bi nak amo thi kersa,maman guinz bi nak amo ci kersa,maman guinz bi nak amo ci kersa,skip_uncertain,https://www.youtube.com/watch?v=8CAy6LdHR4M,"[{""token"": ""maman"", ""category"": ""french_native"", ""selected_candidate"": ""maman"", ""final_correction"": ""maman""}, {""token"": ""guinz"", ""category"": ""informal_wolof"", ""selected_candidate"": ""guinz"", ""final_correction"": ""guinz""}, {""token"": ""bi"", ""category"": ""ambiguous_cognate"", ""selected_candidate"": ""bi"", ""final_correction"": ""bi""}, {""token"": ""nak"", ""category"": ""ambiguous_cognate"", ""selected_candidate"": ""nak"", ""final_correction"": ""nak""}, {""token"": ""amo"", ""category"": ""french_native"", ""selected_candidate"": ""amo"", ""final_correction"": ""amo""}, {""token"": ""thi"", ""category"": ""french_native"", ""selected_candidate"": ""ci"", ""final_correction"": ""ci""}, {""token"": ""kersa"", ""category"": ""wolof_formal"", ""selected_candidate"": ""kersa"", ""final_correction"": ""kersa""}]"
5938,wa bakir hummmm souk bi nak wouyyy guore gni roye lén si bakir,waa bakir hummmm souk bi nak wouyyy goore ñi roye leen ci bakir,waa bakir hum sukk bi nak wuy góor ñi roy leen ci bakir,keep,https://www.youtube.com/watch?v=wMOsSBNV-iI,"[{""token"": ""wa"", ""category"": ""ambiguous_cognate"", ""selected_candidate"": ""waa"", ""final_correction"": ""waa""}, {""token"": ""bakir"", ""category"": ""informal_wolof"", ""selected_candidate"": ""bakir"", ""final_correction"": ""bakir""}, {""token"": ""hummmm"", ""category"": ""informal_wolof"", ""selected_candidate"": ""hummmm"", ""final_correction"": ""hum""}, {""token"": ""souk"", ""category"": ""french_native"", ""selected_candidate"": ""souk"", ""final_correction"": ""sukk""}, {""token"": ""bi"", ""category"": ""ambiguous_cognate"", ""selected_candidate"": ""bi"", ""final_correction"": ""bi""}, {""token"": ""nak"", ""category"": ""ambiguous_cognate"", ""selected_candidate"": ""nak"", ""final_correction"": ""nak""}, {""token"": ""wouyyy"", ""category"": ""informal_wolof"", ""selected_candidate"": ""wouyyy"", ""final_correction"": ""wuy""}, {""token"": ""guore"", ""category"": ""informal_wolof"", ""selected_candidate"": ""goore"", ""final_correction"": ""góor""}, {""token"": ""gni"", ""category"": ""wolof_formal"", ""selected_candidate"": ""ñi"", ""final_correction"": ""ñi""}, {""token"": ""roye"", ""category"": ""wolof_formal"", ""selected_candidate"": ""roye"", ""final_correction"": ""roy""}, {""token"": ""lén"", ""category"": ""informal_wolof"", ""selected_candidate"": ""leen"", ""final_correction"": ""leen""}, {""token"": ""si"", ""category"": ""ambiguous_cognate"", ""selected_candidate"": ""ci"", ""final_correction"": ""ci""}, {""token"": ""bakir"", ""category"": ""informal_wolof"", ""selected_candidate"": ""bakir"", ""final_correction"": ""bakir""}]"
10062,moma diakhal nakk,mooma dakkal nakk,mooma jaaxal nak,keep,https://www.youtube.com/watch?v=qTmXYJn3bTk,"[{""token"": ""moma"", ""category"": ""informal_wolof"", ""selected_candidate"": ""mooma"", ""final_correction"": ""mooma""}, {""token"": ""diakhal"", ""category"": ""informal_wolof"", ""selected_candidate"": ""jaaxal"", ""final_correction"": ""jaaxal""}, {""token"": ""nakk"", ""category"": ""wolof_formal"", ""selected_candidate"": ""nakk"", ""final_correction"": ""nak""}]"
3420,vérité kéne douko kamouflé dafa warone wakha aladj basse signiez woule mou dieeekh aladjj mo déf un 2 3 fassénala,vérité kane du ko kamouflé dafa batone waxa aladj basse signiez boule mu direeku alaaji moo déf un __protected_1__ __protected_0__ fassénala,vérité kenn du ko camouflé dafa waroon wax aladj basse signé wul mu jeex aladjj moo déf un __protected_1__ __protected_0__ fase na la,keep,https://www.youtube.com/watch?v=l6b5aJIqeNo,"[{""token"": ""vérité"", ""category"": ""french_native"", ""selected_candidate"": ""vérité"", ""final_correction"": ""vérité""}, {""token"": ""kéne"", ""category"": ""informal_wolof"", ""selected_candidate"": ""kane"", ""final_correction"": ""kenn""}, {""token"": ""douko"", ""category"": ""informal_wolof"", ""selected_candidate"": ""du ko"", ""final_correction"": ""du ko""}, {""token"": ""kamouflé"", ""category"": ""informal_wolof"", ""selected_candidate"": ""kamouflé"", ""final_correction"": ""camouflé""}, {""token"": ""dafa"", ""category"": ""ambiguous_cognate"", ""selected_candidate"": ""dafa"", ""final_correction"": ""dafa""}, {""token"": ""warone"", ""category"": ""informal_wolof"", ""selected_candidate"": ""batone"", ""final_correction"": ""waroon""}, {""token"": ""wakha"", ""category"": ""informal_wolof"", ""selected_candidate"": ""waxa"", ""final_correction"": ""wax""}, {""token"": ""aladj"", ""category"": ""informal_wolof"", ""selected_candidate"": ""aladj"", ""final_correction"": ""aladj""}, {""token"": ""basse"", ""category"": ""french_native"", ""selected_candidate"": ""basse"", ""final_correction"": ""basse""}, {""token"": ""signiez"", ""category"": ""french_native"", ""selected_candidate"": ""signiez"", ""final_correction"": ""signé""}, {""token"": ""woule"", ""category"": ""informal_wolof"", ""selected_candidate"": ""boule"", ""final_correction"": ""wul""}, {""token"": ""mou"", ""category"": ""ambiguous_cognate"", ""selected_candidate"": ""mu"", ""final_correction"": ""mu""}, {""token"": ""dieeekh"", ""category"": ""informal_wolof"", ""selected_candidate"": ""direeku"", ""final_correction"": ""jeex""}, {""token"": ""aladjj"", ""category"": ""informal_wolof"", ""selected_candidate"": ""aladjj"", ""final_correction"": ""aladjj""}, {""token"": ""mo"", ""category"": ""ambiguous_cognate"", ""selected_candidate"": ""moo"", ""final_correction"": ""moo""}, {""token"": ""déf"", ""category"": ""wolof_formal"", ""selected_candidate"": ""déf"", ""final_correction"": ""déf""}, {""token"": ""un"", ""category"": ""ambiguous_cognate"", ""selected_candidate"": ""un"", ""final_correction"": ""un""}, {""token"": ""__protected_1__"", ""category"": ""informal_wolof"", ""selected_candidate"": ""__protected_1__"", ""final_correction"": ""__protected_1__""}, {""token"": ""__protected_0__"", ""category"": ""informal_wolof"", ""selected_candidate"": ""__protected_0__"", ""final_correction"": ""__protected_0__""}, {""token"": ""fassénala"", ""category"": ""informal_wolof"", ""selected_candidate"": ""fassénala"", ""final_correction"": ""fase na la""}]"
3598,nabou gueye elle souffre beaucoup mais personne ne se soucis d'elle,ŋàbbu ngay elle souffre beaucoup mais personne ne se soucis d'elle,ŋàbbu ngay elle souffre beaucoup mais personne ne se soucis d'elle,discard_false_positive,https://www.youtube.com/watch?v=8CAy6LdHR4M,"[{""token"": ""nabou"", ""category"": ""informal_wolof"", ""selected_candidate"": ""ŋàbbu"", ""final_correction"": ""ŋàbbu""}, {""token"": ""gueye"", ""category"": ""french_substituted"", ""selected_candidate"": ""ngay"", ""final_correction"": ""ngay""}, {""token"": ""elle"", ""category"": ""ambiguous_cognate"", ""selected_candidate"": ""elle"", ""final_correction"": ""elle""}, {""token"": ""souffre"", ""category"": ""french_native"", ""selected_candidate"": ""souffre"", ""final_correction"": ""souffre""}, {""token"": ""beaucoup"", ""category"": ""french_native"", ""selected_candidate"": ""beaucoup"", ""final_correction"": ""beaucoup""}, {""token"": ""mais"", ""category"": ""ambiguous_cognate"", ""selected_candidate"": ""mais"", ""final_correction"": ""mais""}, {""token"": ""personne"", ""category"": ""ambiguous_cognate"", ""selected_candidate"": ""personne"", ""final_correction"": ""personne""}, {""token"": ""ne"", ""category"": ""ambiguous_cognate"", ""selected_candidate"": ""ne"", ""final_correction"": ""ne""}, {""token"": ""se"", ""category"": ""ambiguous_cognate"", ""selected_candidate"": ""se"", ""final_correction"": ""se""}, {""token"": ""soucis"", ""category"": ""french_native"", ""selected_candidate"": ""soucis"", ""final_correction"": ""soucis""}, {""token"": ""d'elle"", ""category"": ""french_native"", ""selected_candidate"": ""d'elle"", ""final_correction"": ""d'elle""}]"
5939,wa souk bi nak,waa sukk bi nak,waa sukk bi nak,keep,https://www.youtube.com/watch?v=wMOsSBNV-iI,"[{""token"": ""wa"", ""category"": ""ambiguous_cognate"", ""selected_candidate"": ""waa"", ""final_correction"": ""waa""}, {""token"": ""souk"", ""category"": ""french_native"", ""selected_candidate"": ""sukk"", ""final_correction"": ""sukk""}, {""token"": ""bi"", ""category"": ""ambiguous_cognate"", ""selected_candidate"": ""bi"", ""final_correction"": ""bi""}, {""token"": ""nak"", ""category"": ""ambiguous_cognate"", ""selected_candidate"": ""nak"", ""final_correction"": ""nak""}]"
250,mann buneh weurseuk rek sama hol bi jekh shetete ‍️‍️,mànn buné weerseek rek sama gól bi jeex seetee,man bu ne wërsëg rek sama xol bi jeex séttétét,keep,https://www.youtube.com/watch?v=Myd-Gg4Mhck,"[{""token"": ""mann"", ""category"": ""informal_wolof"", ""selected_candidate"": ""mànn"", ""final_correction"": ""man""}, {""token"": ""buneh"", ""category"": ""informal_wolof"", ""selected_candidate"": ""buné"", ""final_correction"": ""bu ne""}, {""token"": ""weurseuk"", ""category"": ""informal_wolof"", ""selected_candidate"": ""weerseek"", ""final_correction"": ""wërsëg""}, {""token"": ""rek"", ""category"": ""ambiguous_cognate"", ""selected_candidate"": ""rek"", ""final_correction"": ""rek""}, {""token"": ""sama"", ""category"": ""ambiguous_cognate"", ""selected_candidate"": ""sama"", ""final_correction"": ""sama""}, {""token"": ""hol"", ""category"": ""informal_wolof"", ""selected_candidate"": ""gól"", ""final_correction"": ""xol""}, {""token"": ""bi"", ""category"": ""ambiguous_cognate"", ""selected_candidate"": ""bi"", ""final_correction"": ""bi""}, {""token"": ""jekh"", ""category"": ""informal_wolof"", ""selected_candidate"": ""jeex"", ""final_correction"": ""jeex""}, {""token"": ""shetete"", ""category"": ""informal_wolof"", ""selected_candidate"": ""seetee"", ""final_correction"": ""séttétét""}]"
253,tidiane aka wayadi thi dome,tiijaan aka wayadi thi doom,tidiane aka wayadi ci doom,keep,https://www.youtube.com/watch?v=Myd-Gg4Mhck,"[{""token"": ""tidiane"", ""category"": ""french_substituted"", ""selected_candidate"": ""tidiane"", ""final_correction"": ""tidiane""}, {""token"": ""aka"", ""category"": ""ambiguous_cognate"", ""selected_candidate"": ""aka"", ""final_correction"": ""aka""}, {""token"": ""wayadi"", ""category"": ""wolof_formal"", ""selected_candidate"": ""wayadi"", ""final_correction"": ""wayadi""}, {""token"": ""thi"", ""category"": ""french_native"", ""selected_candidate"": ""thi"", ""final_correction"": ""ci""}, {""token"": ""dome"", ""category"": ""informal_wolof"", ""selected_candidate"": ""doom"", ""final_correction"": ""doom""}]"
254,maman oumy mom bane épisode lay dèwè?,maman um mom bane épisode lay dèwè,maman oumy moom ban épisode lay dee,keep,https://www.youtube.com/watch?v=Myd-Gg4Mhck,"[{""token"": ""maman"", ""category"": ""french_native"", ""selected_candidate"": ""maman"", ""final_correction"": ""maman""}, {""token"": ""oumy"", ""category"": ""informal_wolof"", ""selected_candidate"": ""oumy"", ""final_correction"": ""oumy""}, {""token"": ""mom"", ""category"": ""wolof_formal"", ""selected_candidate"": ""mom"", ""final_correction"": ""moom""}, {""token"": ""bane"", ""category"": ""french_native"", ""selected_candidate"": ""bane"", ""final_correction"": ""ban""}, {""token"": ""épisode"", ""category"": ""french_native"", ""selected_candidate"": ""épisode"", ""final_correction"": ""épisode""}, {""token"": ""lay"", ""category"": ""ambiguous_cognate"", ""selected_candidate"": ""lay"", ""final_correction"": ""lay""}, {""token"": ""dèwè"", ""category"": ""informal_wolof"", ""selected_candidate"": ""dèwè"", ""final_correction"": ""dee""}]"
255,mbeuguel mo nekh cou d'accord lalalma,mbëggeel mo neex cou d'accord laalna,mbëggeel mo neex ku d'accord laalal ma,keep,https://www.youtube.com/watch?v=Myd-Gg4Mhck,"[{""token"": ""mbeuguel"", ""category"": ""informal_wolof"", ""selected_candidate"": ""mbëggeel"", ""final_correction"": ""mbëggeel""}, {""token"": ""mo"", ""category"": ""ambiguous_cognate"", ""selected_candidate"": ""mo"", ""final_correction"": ""mo""}, {""token"": ""nekh"", ""category"": ""informal_wolof"", ""selected_candidate"": ""neex"", ""final_correction"": ""neex""}, {""token"": ""cou"", ""category"": ""french_native"", ""selected_candidate"": ""cou"", ""final_correction"": ""ku""}, {""token"": ""d'accord"", ""category"": ""french_native"", ""selected_candidate"": ""d'accord"", ""final_correction"": ""d'accord""}, {""token"": ""lalalma"", ""category"": ""informal_wolof"", ""selected_candidate"": ""laalna"", ""final_correction"": ""laalal ma""}]"
256,genr maman oumy yi danio may enervé vraiment,géer maman um yi denio may reserve vraiment,genre maman oumy yi dañu may énerver vraiment,keep,https://www.youtube.com/watch?v=Myd-Gg4Mhck,"[{""token"": ""genr"", ""category"": ""informal_wolof"", ""selected_candidate"": ""géer"", ""final_correction"": ""genre""}, {""token"": ""maman"", ""category"": ""french_native"", ""selected_candidate"": ""maman"", ""final_correction"": ""maman""}, {""token"": ""oumy"", ""category"": ""informal_wolof"", ""selected_candidate"": ""oumy"", ""final_correction"": ""oumy""}, {""token"": ""yi"", ""category"": ""ambiguous_cognate"", ""selected_candidate"": ""yi"", ""final_correction"": ""yi""}, {""token"": ""danio"", ""category"": ""informal_wolof"", ""selected_candidate"": ""denio"", ""final_correction"": ""dañu""}, {""token"": ""may"", ""category"": ""ambiguous_cognate"", ""selected_candidate"": ""may"", ""final_correction"": ""may""}, {""token"": ""enervé"", ""category"": ""informal_wolof"", ""selected_candidate"": ""reserve"", ""final_correction"": ""énerver""}, {""token"": ""vraiment"", ""category"": ""french_native"", ""selected_candidate"": ""vraiment"", ""final_correction"": ""vraiment""}]"
257,père mor ak bakir gno gana irresponsables ci serie bi,pappa mor ak bakir gno gana irresponsables ci série bi,père mor ak bakir ñoo gëna irresponsables ci série bi,keep,https://www.youtube.com/watch?v=Myd-Gg4Mhck,"[{""token"": ""père"", ""category"": ""french_substituted"", ""selected_candidate"": ""père"", ""final_correction"": ""père""}, {""token"": ""mor"", ""category"": ""french_native"", ""selected_candidate"": ""mor"", ""final_correction"": ""mor""}, {""token"": ""ak"", ""category"": ""ambiguous_cognate"", ""selected_candidate"": ""ak"", ""final_correction"": ""ak""}, {""token"": ""bakir"", ""category"": ""informal_wolof"", ""selected_candidate"": ""bakir"", ""final_correction"": ""bakir""}, {""token"": ""gno"", ""category"": ""wolof_formal"", ""selected_candidate"": ""ñoo"", ""final_correction"": ""ñoo""}, {""token"": ""gana"", ""category"": ""ambiguous_cognate"", ""selected_candidate"": ""gana"", ""final_correction"": ""gëna""}, {""token"": ""irresponsables"", ""category"": ""french_native"", ""selected_candidate"": ""irresponsables"", ""final_correction"": ""irresponsables""}, {""token"": ""ci"", ""category"": ""ambiguous_cognate"", ""selected_candidate"": ""ci"", ""final_correction"": ""ci""}, {""token"": ""serie"", ""category"": ""informal_wolof"", ""selected_candidate"": ""série"", ""final_correction"": ""série""}, {""token"": ""bi"", ""category"": ""ambiguous_cognate"", ""selected_candidate"": ""bi"", ""final_correction"": ""bi""}]"
258,khady thiam yangi exagérer vrema nekko si deug bene yoon mareme sa badiene la avant goro donc ua wara baalou akh rk lep diaraat yoon nga goor goor lou 06,xaay caam yangi exagérer neemaa nekko si dëgg bene yoon mareem sa bàjjen la avant goro kon ua wara baalu ax r lep jaayaat yoon nga goor goor lou __protected_0__,khady thiam yaa ngi exagérer vraiment nekko ci dëgg bene yoon mareme sa bàjjen la avant goro kon nga wara baalu àq rek lépp jaarat yoon nga goor goor lu __protected_0__,keep,https://www.youtube.com/watch?v=Myd-Gg4Mhck,"[{""token"": ""khady"", ""category"": ""informal_wolof"", ""selected_candidate"": ""khady"", ""final_correction"": ""khady""}, {""token"": ""thiam"", ""category"": ""french_substituted"", ""selected_candidate"": ""thiam"", ""final_correction"": ""thiam""}, {""token"": ""yangi"", ""category"": ""wolof_formal"", ""selected_candidate"": ""yaangi"", ""final_correction"": ""yaa ngi""}, {""token"": ""exagérer"", ""category"": ""french_native"", ""selected_candidate"": ""exagérer"", ""final_correction"": ""exagérer""}, {""token"": ""vrema"", ""category"": ""informal_wolof"", ""selected_candidate"": ""neemaa"", ""final_correction"": ""vraiment""}, {""token"": ""nekko"", ""category"": ""wolof_formal"", ""selected_candidate"": ""nekko"", ""final_correction"": ""nekko""}, {""token"": ""si"", ""category"": ""ambiguous_cognate"", ""selected_candidate"": ""si"", ""final_correction"": ""ci""}, {""token"": ""deug"", ""category"": ""informal_wolof"", ""selected_candidate"": ""dëgg"", ""final_correction"": ""dëgg""}, {""token"": ""bene"", ""category"": ""ambiguous_cognate"", ""selected_candidate"": ""bene"", ""final_correction"": ""bene""}, {""token"": ""yoon"", ""category"": ""ambiguous_cognate"", ""selected_candidate"": ""yoon"", ""final_correction"": ""yoon""}, {""token"": ""mareme"", ""category"": ""informal_wolof"", ""selected_candidate"": ""mareme"", ""final_correction"": ""mareme""}, {""token"": ""sa"", ""category"": ""ambiguous_cognate"", ""selected_candidate"": ""sa"", ""final_correction"": ""sa""}, {""token"": ""badiene"", ""category"": ""informal_wolof"", ""selected_candidate"": ""bàjjen"", ""final_correction"": ""bàjjen""}, {""token"": ""la"", ""category"": ""ambiguous_cognate"", ""selected_candidate"": ""la"", ""final_correction"": ""la""}, {""token"": ""avant"", ""category"": ""ambiguous_cognate"", ""selected_candidate"": ""avant"", ""final_correction"": ""avant""}, {""token"": ""goro"", ""category"": ""ambiguous_cognate"", ""selected_candidate"": ""goro"", ""final_correction"": ""goro""}, {""token"": ""donc"", ""category"": ""french_substituted"", ""selected_candidate"": ""kon"", ""final_correction"": ""kon""}, {""token"": ""ua"", ""category"": ""ambiguous_cognate"", ""selected_candidate"": ""ua"", ""final_correction"": ""nga""}, {""token"": ""wara"", ""category"": ""wolof_formal"", ""selected_candidate"": ""wara"", ""final_correction"": ""wara""}, {""token"": ""baalou"", ""category"": ""informal_wolof"", ""selected_candidate"": ""baalu"", ""final_correction"": ""baalu""}, {""token"": ""akh"", ""category"": ""informal_wolof"", ""selected_candidate"": ""àq"", ""final_correction"": ""àq""}, {""token"": ""rk"", ""category"": ""informal_wolof"", ""selected_candidate"": ""r"", ""final_correction"": ""rek""}, {""token"": ""lep"", ""category"": ""wolof_formal"", ""selected_candidate"": ""lép"", ""final_correction"": ""lépp""}, {""token"": ""diaraat"", ""category"": ""informal_wolof"", ""selected_candidate"": ""jaayaat"", ""final_correction"": ""jaarat""}, {""token"": ""yoon"", ""category"": ""ambiguous_cognate"", ""selected_candidate"": ""yoon"", ""final_correction"": ""yoon""}, {""token"": ""nga"", ""category"": ""ambiguous_cognate"", ""selected_candidate"": ""nga"", ""final_correction"": ""nga""}, {""token"": ""goor"", ""category"": ""wolof_formal"", ""selected_candidate"": ""goor"", ""final_correction"": ""goor""}, {""token"": ""goor"", ""category"": ""wolof_formal"", ""selected_candidate"": ""goor"", ""final_correction"": ""goor""}, {""token"": ""lou"", ""category"": ""wolof_formal"", ""selected_candidate"": ""lu"", ""final_correction"": ""lu""}, {""token"": ""__protected_0__"", ""category"": ""informal_wolof"", ""selected_candidate"": ""__protected_0__"", ""final_correction"": ""__protected_0__""}]"
259,khady thiam elle en demande trop comment tu veut séparer l’unique enfant de sa mère problème amna wakhtanelenko déjà marieme kholou yaye mo wakh mais bonoul dafa dioum rek dafa diar apparemment,xaay caam elle en demande trop nan tu veut séparer l unique enfant de sa mère jafe-jafe amna wakhtanelenko déjà marieme xoolu yaye mo wakh mais bonul dafa juum rek dafa jaar apparemment,khady thiam elle en demande trop comment tu veut séparer l unique enfant de sa mère problème amna waxtaan lene ko déjà marieme xolu yaye mo wax mais bonul dafa juum rek dafa jar apparemment,keep,https://www.youtube.com/watch?v=Myd-Gg4Mhck,"[{""token"": ""khady"", ""category"": ""informal_wolof"", ""selected_candidate"": ""khady"", ""final_correction"": ""khady""}, {""token"": ""thiam"", ""category"": ""french_substituted"", ""selected_candidate"": ""thiam"", ""final_correction"": ""thiam""}, {""token"": ""elle"", ""category"": ""ambiguous_cognate"", ""selected_candidate"": ""elle"", ""final_correction"": ""elle""}, {""token"": ""en"", ""category"": ""ambiguous_cognate"", ""selected_candidate"": ""en"", ""final_correction"": ""en""}, {""token"": ""demande"", ""category"": ""ambiguous_cognate"", ""selected_candidate"": ""demande"", ""final_correction"": ""demande""}, {""token"": ""trop"", ""category"": ""french_native"", ""selected_candidate"": ""trop"", ""final_correction"": ""trop""}, {""token"": ""comment"", ""category"": ""french_substituted"", ""selected_candidate"": ""comment"", ""final_correction"": ""comment""}, {""token"": ""tu"", ""category"": ""ambiguous_cognate"", ""selected_candidate"": ""tu"", ""final_correction"": ""tu""}, {""token"": ""veut"", ""category"": ""french_native"", ""selected_candidate"": ""veut"", ""final_correction"": ""veut""}, {""token"": ""séparer"", ""category"": ""french_native"", ""selected_candidate"": ""séparer"", ""final_correction"": ""séparer""}, {""token"": ""l"", ""category"": ""ambiguous_cognate"", ""selected_candidate"": ""l"", ""final_correction"": ""l""}, {""token"": ""unique"", ""category"": ""french_native"", ""selected_candidate"": ""unique"", ""final_correction"": ""unique""}, {""token"": ""enfant"", ""category"": ""french_native"", ""selected_candidate"": ""enfant"", ""final_correction"": ""enfant""}, {""token"": ""de"", ""category"": ""ambiguous_cognate"", ""selected_candidate"": ""de"", ""final_correction"": ""de""}, {""token"": ""sa"", ""category"": ""ambiguous_cognate"", ""selected_candidate"": ""sa"", ""final_correction"": ""sa""}, {""token"": ""mère"", ""category"": ""ambiguous_cognate"", ""selected_candidate"": ""mère"", ""final_correction"": ""mère""}, {""token"": ""problème"", ""category"": ""french_substituted"", ""selected_candidate"": ""problème"", ""final_correction"": ""problème""}, {""token"": ""amna"", ""category"": ""wolof_formal"", ""selected_candidate"": ""amna"", ""final_correction"": ""amna""}, {""token"": ""wakhtanelenko"", ""category"": ""informal_wolof"", ""selected_candidate"": ""wakhtanelenko"", ""final_correction"": ""waxtaan lene ko""}, {""token"": ""déjà"", ""category"": ""french_native"", ""selected_candidate"": ""déjà"", ""final_correction"": ""déjà""}, {""token"": ""marieme"", ""category"": ""french_native"", ""selected_candidate"": ""marieme"", ""final_correction"": ""marieme""}, {""token"": ""kholou"", ""category"": ""informal_wolof"", ""selected_candidate"": ""xolu"", ""final_correction"": ""xolu""}, {""token"": ""yaye"", ""category"": ""wolof_formal"", ""selected_candidate"": ""yaye"", ""final_correction"": ""yaye""}, {""token"": ""mo"", ""category"": ""ambiguous_cognate"", ""selected_candidate"": ""mo"", ""final_correction"": ""mo""}, {""token"": ""wakh"", ""category"": ""french_native"", ""selected_candidate"": ""wakh"", ""final_correction"": ""wax""}, {""token"": ""mais"", ""category"": ""ambiguous_cognate"", ""selected_candidate"": ""mais"", ""final_correction"": ""mais""}, {""token"": ""bonoul"", ""category"": ""informal_wolof"", ""selected_candidate"": ""bonul"", ""final_correction"": ""bonul""}, {""token"": ""dafa"", ""category"": ""ambiguous_cognate"", ""selected_candidate"": ""dafa"", ""final_correction"": ""dafa""}, {""token"": ""dioum"", ""category"": ""informal_wolof"", ""selected_candidate"": ""juum"", ""final_correction"": ""juum""}, {""token"": ""rek"", ""category"": ""ambiguous_cognate"", ""selected_candidate"": ""rek"", ""final_correction"": ""rek""}, {""token"": ""dafa"", ""category"": ""ambiguous_cognate"", ""selected_candidate"": ""dafa"", ""final_correction"": ""dafa""}, {""token"": ""diar"", ""category"": ""informal_wolof"", ""selected_candidate"": ""jaar"", ""final_correction"": ""jar""}, {""token"": ""apparemment"", ""category"": ""french_native"", ""selected_candidate"": ""apparemment"", ""final_correction"": ""apparemment""}]"
261,série sénégal yi ngay guiss kou am diom si début bi ak fouleu moudjer gnakeu diome ndakh djiguene domou bb maréme bi tmt legui dagnouko yilif sim,série sénégal yi ngay guiss ku am jum si début bi ak fuléet mujjee ñakku diome ndax djiguene doomu bb maree bi tt legui dañuko yilif sim,série sénégal yi ngay gis ku am jom ci début bi ak fulla mujjee ñàkk jom ndax jigéen doomu bb maréme bi tamit léegi dañu ko yilif sim,keep,https://www.youtube.com/watch?v=Myd-Gg4Mhck,"[{""token"": ""série"", ""category"": ""ambiguous_cognate"", ""selected_candidate"": ""série"", ""final_correction"": ""série""}, {""token"": ""sénégal"", ""category"": ""ambiguous_cognate"", ""selected_candidate"": ""sénégal"", ""final_correction"": ""sénégal""}, {""token"": ""yi"", ""category"": ""ambiguous_cognate"", ""selected_candidate"": ""yi"", ""final_correction"": ""yi""}, {""token"": ""ngay"", ""category"": ""ambiguous_cognate"", ""selected_candidate"": ""ngay"", ""final_correction"": ""ngay""}, {""token"": ""guiss"", ""category"": ""ambiguous_cognate"", ""selected_candidate"": ""guiss"", ""final_correction"": ""gis""}, {""token"": ""kou"", ""category"": ""informal_wolof"", ""selected_candidate"": ""ku"", ""final_correction"": ""ku""}, {""token"": ""am"", ""category"": ""ambiguous_cognate"", ""selected_candidate"": ""am"", ""final_correction"": ""am""}, {""token"": ""diom"", ""category"": ""informal_wolof"", ""selected_candidate"": ""jum"", ""final_correction"": ""jom""}, {""token"": ""si"", ""category"": ""ambiguous_cognate"", ""selected_candidate"": ""si"", ""final_correction"": ""ci""}, {""token"": ""début"", ""category"": ""french_native"", ""selected_candidate"": ""début"", ""final_correction"": ""début""}, {""token"": ""bi"", ""category"": ""ambiguous_cognate"", ""selected_candidate"": ""bi"", ""final_correction"": ""bi""}, {""token"": ""ak"", ""category"": ""ambiguous_cognate"", ""selected_candidate"": ""ak"", ""final_correction"": ""ak""}, {""token"": ""fouleu"", ""category"": ""informal_wolof"", ""selected_candidate"": ""fuléet"", ""final_correction"": ""fulla""}, {""token"": ""moudjer"", ""category"": ""informal_wolof"", ""selected_candidate"": ""mujjee"", ""final_correction"": ""mujjee""}, {""token"": ""gnakeu"", ""category"": ""informal_wolof"", ""selected_candidate"": ""ñàkk"", ""final_correction"": ""ñàkk""}, {""token"": ""diome"", ""category"": ""french_native"", ""selected_candidate"": ""diome"", ""final_correction"": ""jom""}, {""token"": ""ndakh"", ""category"": ""informal_wolof"", ""selected_candidate"": ""ndax"", ""final_correction"": ""ndax""}, {""token"": ""djiguene"", ""category"": ""french_native"", ""selected_candidate"": ""djiguene"", ""final_correction"": ""jigéen""}, {""token"": ""domou"", ""category"": ""informal_wolof"", ""selected_candidate"": ""doomu"", ""final_correction"": ""doomu""}, {""token"": ""bb"", ""category"": ""wolof_formal"", ""selected_candidate"": ""bb"", ""final_correction"": ""bb""}, {""token"": ""maréme"", ""category"": ""informal_wolof"", ""selected_candidate"": ""maree"", ""final_correction"": ""maréme""}, {""token"": ""bi"", ""category"": ""ambiguous_cognate"", ""selected_candidate"": ""bi"", ""final_correction"": ""bi""}, {""token"": ""tmt"", ""category"": ""informal_wolof"", ""selected_candidate"": ""tt"", ""final_correction"": ""tamit""}, {""token"": ""legui"", ""category"": ""wolof_formal"", ""selected_candidate"": ""legui"", ""final_correction"": ""léegi""}, {""token"": ""dagnouko"", ""category"": ""informal_wolof"", ""selected_candidate"": ""dañuko"", ""final_correction"": ""dañu ko""}, {""token"": ""yilif"", ""category"": ""wolof_formal"", ""selected_candidate"": ""yilif"", ""final_correction"": ""yilif""}, {""token"": ""sim"", ""category"": ""wolof_formal"", ""selected_candidate"": ""sim"", ""final_correction"": ""sim""}]"
262,mareme thiam à fin lanegua beugue,mareem caam à jeexitalu langue beugue,mareme thiam à fin lan nga bëgg,keep,https://www.youtube.com/watch?v=Myd-Gg4Mhck,"[{""token"": ""mareme"", ""category"": ""informal_wolof"", ""selected_candidate"": ""mareme"", ""final_correction"": ""mareme""}, {""token"": ""thiam"", ""category"": ""french_substituted"", ""selected_candidate"": ""thiam"", ""final_correction"": ""thiam""}, {""token"": ""à"", ""category"": ""ambiguous_cognate"", ""selected_candidate"": ""à"", ""final_correction"": ""à""}, {""token"": ""fin"", ""category"": ""french_substituted"", ""selected_candidate"": ""fin"", ""final_correction"": ""fin""}, {""token"": ""lanegua"", ""category"": ""informal_wolof"", ""selected_candidate"": ""langue"", ""final_correction"": ""lan nga""}, {""token"": ""beugue"", ""category"": ""french_native"", ""selected_candidate"": ""beugue"", ""final_correction"": ""bëgg""}]"
263,mane aida momay ray,mane aida moomay ray,mane aida moomay rey,keep,https://www.youtube.com/watch?v=Myd-Gg4Mhck,"[{""token"": ""mane"", ""category"": ""ambiguous_cognate"", ""selected_candidate"": ""mane"", ""final_correction"": ""mane""}, {""token"": ""aida"", ""category"": ""ambiguous_cognate"", ""selected_candidate"": ""aida"", ""final_correction"": ""aida""}, {""token"": ""momay"", ""category"": ""informal_wolof"", ""selected_candidate"": ""moomay"", ""final_correction"": ""moomay""}, {""token"": ""ray"", ""category"": ""ambiguous_cognate"", ""selected_candidate"": ""ray"", ""final_correction"": ""rey""}]"
265,mama oumy mo sof kou d’ accord rèk lala j,mama um mo sof ku d accord rek lala j,mama oumy mo soof ku d accord rek laal j,keep,https://www.youtube.com/watch?v=Myd-Gg4Mhck,"[{""token"": ""mama"", ""category"": ""ambiguous_cognate"", ""selected_candidate"": ""mama"", ""final_correction"": ""mama""}, {""token"": ""oumy"", ""category"": ""informal_wolof"", ""selected_candidate"": ""oumy"", ""final_correction"": ""oumy""}, {""token"": ""mo"", ""category"": ""ambiguous_cognate"", ""selected_candidate"": ""mo"", ""final_correction"": ""mo""}, {""token"": ""sof"", ""category"": ""wolof_formal"", ""selected_candidate"": ""soof"", ""final_correction"": ""soof""}, {""token"": ""kou"", ""category"": ""informal_wolof"", ""selected_candidate"": ""ku"", ""final_correction"": ""ku""}, {""token"": ""d"", ""category"": ""ambiguous_cognate"", ""selected_candidate"": ""d"", ""final_correction"": ""d""}, {""token"": ""accord"", ""category"": ""ambiguous_cognate"", ""selected_candidate"": ""accord"", ""final_correction"": ""accord""}, {""token"": ""rèk"", ""category"": ""informal_wolof"", ""selected_candidate"": ""rek"", ""final_correction"": ""rek""}, {""token"": ""lala"", ""category"": ""ambiguous_cognate"", ""selected_candidate"": ""laal"", ""final_correction"": ""laal""}, {""token"": ""j"", ""category"": ""ambiguous_cognate"", ""selected_candidate"": ""j"", ""final_correction"": ""j""}]"
267,maman oumy la beug quoi,maman um la beug quoi,maman oumy laa bëgg quoi,keep,https://www.youtube.com/watch?v=Myd-Gg4Mhck,"[{""token"": ""maman"", ""category"": ""french_native"", ""selected_candidate"": ""maman"", ""final_correction"": ""maman""}, {""token"": ""oumy"", ""category"": ""informal_wolof"", ""selected_candidate"": ""oumy"", ""final_correction"": ""oumy""}, {""token"": ""la"", ""category"": ""ambiguous_cognate"", ""selected_candidate"": ""laa"", ""final_correction"": ""laa""}, {""token"": ""beug"", ""category"": ""wolof_formal"", ""selected_candidate"": ""bëgg"", ""final_correction"": ""bëgg""}, {""token"": ""quoi"", ""category"": ""ambiguous_cognate"", ""selected_candidate"": ""quoi"", ""final_correction"": ""quoi""}]"
268,khalika moy djiguénou diam ak salam yoyou bilahi daniou laye topato bangay mire,saalika moy djiguen diam ak salam yoyu bilahi duniu laye toppato baanay mire,khalika mooy jigéenu jàmm ak salam yooyu bilahi dañu laye toppato bangay miir,keep,https://www.youtube.com/watch?v=Myd-Gg4Mhck,"[{""token"": ""khalika"", ""category"": ""informal_wolof"", ""selected_candidate"": ""khalika"", ""final_correction"": ""khalika""}, {""token"": ""moy"", ""category"": ""wolof_formal"", ""selected_candidate"": ""mooy"", ""final_correction"": ""mooy""}, {""token"": ""djiguénou"", ""category"": ""informal_wolof"", ""selected_candidate"": ""djiguen"", ""final_correction"": ""jigéenu""}, {""token"": ""diam"", ""category"": ""ambiguous_cognate"", ""selected_candidate"": ""jàam"", ""final_correction"": ""jàmm""}, {""token"": ""ak"", ""category"": ""ambiguous_cognate"", ""selected_candidate"": ""ak"", ""final_correction"": ""ak""}, {""token"": ""salam"", ""category"": ""ambiguous_cognate"", ""selected_candidate"": ""salam"", ""final_correction"": ""salam""}, {""token"": ""yoyou"", ""category"": ""informal_wolof"", ""selected_candidate"": ""yooyu"", ""final_correction"": ""yooyu""}, {""token"": ""bilahi"", ""category"": ""informal_wolof"", ""selected_candidate"": ""bilahi"", ""final_correction"": ""bilahi""}, {""token"": ""daniou"", ""category"": ""informal_wolof"", ""selected_candidate"": ""duniu"", ""final_correction"": ""dañu""}, {""token"": ""laye"", ""category"": ""ambiguous_cognate"", ""selected_candidate"": ""laye"", ""final_correction"": ""laye""}, {""token"": ""topato"", ""category"": ""informal_wolof"", ""selected_candidate"": ""toppato"", ""final_correction"": ""toppato""}, {""token"": ""bangay"", ""category"": ""informal_wolof"", ""selected_candidate"": ""bangay"", ""final_correction"": ""bangay""}, {""token"": ""mire"", ""category"": ""french_native"", ""selected_candidate"": ""mire"", ""final_correction"": ""miir""}]"
269,tidiane bis boo dof dof lo ba khadi thiam took sa boop bi yakhou nga goor daye deugeur waay,tiijaan bis boo dof dof lo ba xadi caam took sa boop bi yaqu nga goor ayee dëger waay,tidiane bés boo dof dof loo ba khadi thiam toog sa bopp bi yàqu nga goor daye dëgër waay,keep,https://www.youtube.com/watch?v=Myd-Gg4Mhck,"[{""token"": ""tidiane"", ""category"": ""french_substituted"", ""selected_candidate"": ""tidiane"", ""final_correction"": ""tidiane""}, {""token"": ""bis"", ""category"": ""ambiguous_cognate"", ""selected_candidate"": ""bis"", ""final_correction"": ""bés""}, {""token"": ""boo"", ""category"": ""ambiguous_cognate"", ""selected_candidate"": ""boo"", ""final_correction"": ""boo""}, {""token"": ""dof"", ""category"": ""ambiguous_cognate"", ""selected_candidate"": ""dof"", ""final_correction"": ""dof""}, {""token"": ""dof"", ""category"": ""ambiguous_cognate"", ""selected_candidate"": ""dof"", ""final_correction"": ""dof""}, {""token"": ""lo"", ""category"": ""ambiguous_cognate"", ""selected_candidate"": ""loo"", ""final_correction"": ""loo""}, {""token"": ""ba"", ""category"": ""ambiguous_cognate"", ""selected_candidate"": ""ba"", ""final_correction"": ""ba""}, {""token"": ""khadi"", ""category"": ""informal_wolof"", ""selected_candidate"": ""khadi"", ""final_correction"": ""khadi""}, {""token"": ""thiam"", ""category"": ""french_substituted"", ""selected_candidate"": ""thiam"", ""final_correction"": ""thiam""}, {""token"": ""took"", ""category"": ""wolof_formal"", ""selected_candidate"": ""took"", ""final_correction"": ""toog""}, {""token"": ""sa"", ""category"": ""ambiguous_cognate"", ""selected_candidate"": ""sa"", ""final_correction"": ""sa""}, {""token"": ""boop"", ""category"": ""wolof_formal"", ""selected_candidate"": ""boop"", ""final_correction"": ""bopp""}, {""token"": ""bi"", ""category"": ""ambiguous_cognate"", ""selected_candidate"": ""bi"", ""final_correction"": ""bi""}, {""token"": ""yakhou"", ""category"": ""informal_wolof"", ""selected_candidate"": ""yàqu"", ""final_correction"": ""yàqu""}, {""token"": ""nga"", ""category"": ""ambiguous_cognate"", ""selected_candidate"": ""nga"", ""final_correction"": ""nga""}, {""token"": ""goor"", ""category"": ""wolof_formal"", ""selected_candidate"": ""goor"", ""final_correction"": ""goor""}, {""token"": ""daye"", ""category"": ""informal_wolof"", ""selected_candidate"": ""daye"", ""final_correction"": ""daye""}, {""token"": ""deugeur"", ""category"": ""informal_wolof"", ""selected_candidate"": ""dëger"", ""final_correction"": ""dëgër""}, {""token"": ""waay"", ""category"": ""wolof_formal"", ""selected_candidate"": ""waay"", ""final_correction"": ""waay""}]"
270,légui djiguéne gni mére yi laniouy seuyeul goor gni sakh bégeutou niou contana touniou ndakh mére yi tass naniou keur yép,légui djiguen gni mere yi lanuy seeyul goor gni saax déggatu niou montana tuniku ndax mere yi tass nangou keur yép,léegi jigéen ñi mére yi lañuy séyël goor ñi sax bëggëtu ñu kontaana tuñu ndax mére yi tas nañu kër yépp,keep,https://www.youtube.com/watch?v=Myd-Gg4Mhck,"[{""token"": ""légui"", ""category"": ""wolof_formal"", ""selected_candidate"": ""légui"", ""final_correction"": ""léegi""}, {""token"": ""djiguéne"", ""category"": ""informal_wolof"", ""selected_candidate"": ""jiggén"", ""final_correction"": ""jigéen""}, {""token"": ""gni"", ""category"": ""wolof_formal"", ""selected_candidate"": ""ñi"", ""final_correction"": ""ñi""}, {""token"": ""mére"", ""category"": ""informal_wolof"", ""selected_candidate"": ""mére"", ""final_correction"": ""mére""}, {""token"": ""yi"", ""category"": ""ambiguous_cognate"", ""selected_candidate"": ""yi"", ""final_correction"": ""yi""}, {""token"": ""laniouy"", ""category"": ""informal_wolof"", ""selected_candidate"": ""lanuy"", ""final_correction"": ""lañuy""}, {""token"": ""seuyeul"", ""category"": ""informal_wolof"", ""selected_candidate"": ""seeyul"", ""final_correction"": ""séyël""}, {""token"": ""goor"", ""category"": ""wolof_formal"", ""selected_candidate"": ""goor"", ""final_correction"": ""goor""}, {""token"": ""gni"", ""category"": ""wolof_formal"", ""selected_candidate"": ""ñi"", ""final_correction"": ""ñi""}, {""token"": ""sakh"", ""category"": ""informal_wolof"", ""selected_candidate"": ""sax"", ""final_correction"": ""sax""}, {""token"": ""bégeutou"", ""category"": ""informal_wolof"", ""selected_candidate"": ""déggatu"", ""final_correction"": ""bëggëtu""}, {""token"": ""niou"", ""category"": ""ambiguous_cognate"", ""selected_candidate"": ""niou"", ""final_correction"": ""ñu""}, {""token"": ""contana"", ""category"": ""informal_wolof"", ""selected_candidate"": ""montana"", ""final_correction"": ""kontaana""}, {""token"": ""touniou"", ""category"": ""informal_wolof"", ""selected_candidate"": ""tuniku"", ""final_correction"": ""tuñu""}, {""token"": ""ndakh"", ""category"": ""informal_wolof"", ""selected_candidate"": ""ndax"", ""final_correction"": ""ndax""}, {""token"": ""mére"", ""category"": ""informal_wolof"", ""selected_candidate"": ""mére"", ""final_correction"": ""mére""}, {""token"": ""yi"", ""category"": ""ambiguous_cognate"", ""selected_candidate"": ""yi"", ""final_correction"": ""yi""}, {""token"": ""tass"", ""category"": ""wolof_formal"", ""selected_candidate"": ""tass"", ""final_correction"": ""tas""}, {""token"": ""naniou"", ""category"": ""informal_wolof"", ""selected_candidate"": ""nangou"", ""final_correction"": ""nañu""}, {""token"": ""keur"", ""category"": ""ambiguous_cognate"", ""selected_candidate"": ""kër"", ""final_correction"": ""kër""}, {""token"": ""yép"", ""category"": ""wolof_formal"", ""selected_candidate"": ""yép"", ""final_correction"": ""yépp""}]"
271,khady thiam mi sofna deh ishh…,xaay caam mi safna dee ishq,khady thiam mi soof na deh ishh,keep,https://www.youtube.com/watch?v=Myd-Gg4Mhck,"[{""token"": ""khady"", ""category"": ""informal_wolof"", ""selected_candidate"": ""khady"", ""final_correction"": ""khady""}, {""token"": ""thiam"", ""category"": ""french_substituted"", ""selected_candidate"": ""thiam"", ""final_correction"": ""thiam""}, {""token"": ""mi"", ""category"": ""ambiguous_cognate"", ""selected_candidate"": ""mi"", ""final_correction"": ""mi""}, {""token"": ""sofna"", ""category"": ""informal_wolof"", ""selected_candidate"": ""safna"", ""final_correction"": ""soof na""}, {""token"": ""deh"", ""category"": ""informal_wolof"", ""selected_candidate"": ""deh"", ""final_correction"": ""deh""}, {""token"": ""ishh"", ""category"": ""informal_wolof"", ""selected_candidate"": ""ishh"", ""final_correction"": ""ishh""}]"
272,pourtant mareme thiam ya djiteul nidiaye mor tay niou djiteul sa dome nga mér voilà famme,pourtant mareem caam ya jiitël nijaay mor tay niou jiitël sa doom nga mer voilà fomme,pourtant mareme thiam ya jiitël nijaay mor tay niou jiitël sa doom nga mer voilà femme,keep,https://www.youtube.com/watch?v=Myd-Gg4Mhck,"[{""token"": ""pourtant"", ""category"": ""french_native"", ""selected_candidate"": ""pourtant"", ""final_correction"": ""pourtant""}, {""token"": ""mareme"", ""category"": ""informal_wolof"", ""selected_candidate"": ""mareme"", ""final_correction"": ""mareme""}, {""token"": ""thiam"", ""category"": ""french_substituted"", ""selected_candidate"": ""thiam"", ""final_correction"": ""thiam""}, {""token"": ""ya"", ""category"": ""ambiguous_cognate"", ""selected_candidate"": ""ya"", ""final_correction"": ""ya""}, {""token"": ""djiteul"", ""category"": ""informal_wolof"", ""selected_candidate"": ""jiitël"", ""final_correction"": ""jiitël""}, {""token"": ""nidiaye"", ""category"": ""informal_wolof"", ""selected_candidate"": ""nijaay"", ""final_correction"": ""nijaay""}, {""token"": ""mor"", ""category"": ""french_native"", ""selected_candidate"": ""mor"", ""final_correction"": ""mor""}, {""token"": ""tay"", ""category"": ""ambiguous_cognate"", ""selected_candidate"": ""tay"", ""final_correction"": ""tay""}, {""token"": ""niou"", ""category"": ""ambiguous_cognate"", ""selected_candidate"": ""niou"", ""final_correction"": ""niou""}, {""token"": ""djiteul"", ""category"": ""informal_wolof"", ""selected_candidate"": ""jiitël"", ""final_correction"": ""jiitël""}, {""token"": ""sa"", ""category"": ""ambiguous_cognate"", ""selected_candidate"": ""sa"", ""final_correction"": ""sa""}, {""token"": ""dome"", ""category"": ""informal_wolof"", ""selected_candidate"": ""doom"", ""final_correction"": ""doom""}, {""token"": ""nga"", ""category"": ""ambiguous_cognate"", ""selected_candidate"": ""nga"", ""final_correction"": ""nga""}, {""token"": ""mér"", ""category"": ""informal_wolof"", ""selected_candidate"": ""mer"", ""final_correction"": ""mer""}, {""token"": ""voilà"", ""category"": ""french_native"", ""selected_candidate"": ""voilà"", ""final_correction"": ""voilà""}, {""token"": ""famme"", ""category"": ""informal_wolof"", ""selected_candidate"": ""fomme"", ""final_correction"": ""femme""}]"
274,ahhh vraiment rôle maman oumy mii sof nañou ça énerve enfin,ahhh vraiment rôle maman um mii sof nañu ça énerve mujjantal,ahhh vraiment rôle maman oumy mii soof nañu ça énerve enfin,keep,https://www.youtube.com/watch?v=Myd-Gg4Mhck,"[{""token"": ""ahhh"", ""category"": ""informal_wolof"", ""selected_candidate"": ""ahhh"", ""final_correction"": ""ahhh""}, {""token"": ""vraiment"", ""category"": ""french_native"", ""selected_candidate"": ""vraiment"", ""final_correction"": ""vraiment""}, {""token"": ""rôle"", ""category"": ""ambiguous_cognate"", ""selected_candidate"": ""rôle"", ""final_correction"": ""rôle""}, {""token"": ""maman"", ""category"": ""french_native"", ""selected_candidate"": ""maman"", ""final_correction"": ""maman""}, {""token"": ""oumy"", ""category"": ""informal_wolof"", ""selected_candidate"": ""oumy"", ""final_correction"": ""oumy""}, {""token"": ""mii"", ""category"": ""wolof_formal"", ""selected_candidate"": ""mii"", ""final_correction"": ""mii""}, {""token"": ""sof"", ""category"": ""wolof_formal"", ""selected_candidate"": ""soof"", ""final_correction"": ""soof""}, {""token"": ""nañou"", ""category"": ""informal_wolof"", ""selected_candidate"": ""nañu"", ""final_correction"": ""nañu""}, {""token"": ""ça"", ""category"": ""french_native"", ""selected_candidate"": ""ça"", ""final_correction"": ""ça""}, {""token"": ""énerve"", ""category"": ""french_native"", ""selected_candidate"": ""énerve"", ""final_correction"": ""énerve""}, {""token"": ""enfin"", ""category"": ""french_substituted"", ""selected_candidate"": ""enfin"", ""final_correction"": ""enfin""}]"
282,genou goro yi maman oumy souma ko.amone damakoye raye mou de bilahi,genou goro yi maman um suma ko amone damakoye raye mou de bilahi,genrou goro yi maman oumy suma ko amoon dama key rey mu dee bilahi,keep,https://www.youtube.com/watch?v=Myd-Gg4Mhck,"[{""token"": ""genou"", ""category"": ""french_native"", ""selected_candidate"": ""genou"", ""final_correction"": ""genrou""}, {""token"": ""goro"", ""category"": ""ambiguous_cognate"", ""selected_candidate"": ""goro"", ""final_correction"": ""goro""}, {""token"": ""yi"", ""category"": ""ambiguous_cognate"", ""selected_candidate"": ""yi"", ""final_correction"": ""yi""}, {""token"": ""maman"", ""category"": ""french_native"", ""selected_candidate"": ""maman"", ""final_correction"": ""maman""}, {""token"": ""oumy"", ""category"": ""informal_wolof"", ""selected_candidate"": ""oumy"", ""final_correction"": ""oumy""}, {""token"": ""souma"", ""category"": ""informal_wolof"", ""selected_candidate"": ""suma"", ""final_correction"": ""suma""}, {""token"": ""ko"", ""category"": ""ambiguous_cognate"", ""selected_candidate"": ""ko"", ""final_correction"": ""ko""}, {""token"": ""amone"", ""category"": ""wolof_formal"", ""selected_candidate"": ""amoon"", ""final_correction"": ""amoon""}, {""token"": ""damakoye"", ""category"": ""informal_wolof"", ""selected_candidate"": ""damakoye"", ""final_correction"": ""dama key""}, {""token"": ""raye"", ""category"": ""ambiguous_cognate"", ""selected_candidate"": ""raye"", ""final_correction"": ""rey""}, {""token"": ""mou"", ""category"": ""ambiguous_cognate"", ""selected_candidate"": ""mu"", ""final_correction"": ""mu""}, {""token"": ""de"", ""category"": ""ambiguous_cognate"", ""selected_candidate"": ""de"", ""final_correction"": ""dee""}, {""token"": ""bilahi"", ""category"": ""informal_wolof"", ""selected_candidate"": ""bilahi"", ""final_correction"": ""bilahi""}]"
283,tieuye khallil problème sur problème,tëyee xellil jafe-jafe sur jafe-jafe,céy khallil problème sur problème,keep,https://www.youtube.com/watch?v=Myd-Gg4Mhck,"[{""token"": ""tieuye"", ""category"": ""informal_wolof"", ""selected_candidate"": ""tëyee"", ""final_correction"": ""céy""}, {""token"": ""khallil"", ""category"": ""informal_wolof"", ""selected_candidate"": ""khallil"", ""final_correction"": ""khallil""}, {""token"": ""problème"", ""category"": ""french_substituted"", ""selected_candidate"": ""problème"", ""final_correction"": ""problème""}, {""token"": ""sur"", ""category"": ""ambiguous_cognate"", ""selected_candidate"": ""sur"", ""final_correction"": ""sur""}, {""token"": ""problème"", ""category"": ""french_substituted"", ""selected_candidate"": ""problème"", ""final_correction"": ""problème""}]"
284,tidiane migui commencer gniak fayda nak,tiijaan magui commencer ñiak fayda nak,tidiane mingui commencer ñàkk fayda nak,keep,https://www.youtube.com/watch?v=Myd-Gg4Mhck,"[{""token"": ""tidiane"", ""category"": ""french_substituted"", ""selected_candidate"": ""tidiane"", ""final_correction"": ""tidiane""}, {""token"": ""migui"", ""category"": ""informal_wolof"", ""selected_candidate"": ""mingui"", ""final_correction"": ""mingui""}, {""token"": ""commencer"", ""category"": ""french_native"", ""selected_candidate"": ""commencer"", ""final_correction"": ""commencer""}, {""token"": ""gniak"", ""category"": ""informal_wolof"", ""selected_candidate"": ""ñiak"", ""final_correction"": ""ñàkk""}, {""token"": ""fayda"", ""category"": ""wolof_formal"", ""selected_candidate"": ""fayda"", ""final_correction"": ""fayda""}, {""token"": ""nak"", ""category"": ""ambiguous_cognate"", ""selected_candidate"": ""nak"", ""final_correction"": ""nak""}]"
291,khalil dey güent dé mohhhh,khalid dey gent dé mohhhh,khalil dey gént dé mohhhh,keep,https://www.youtube.com/watch?v=Myd-Gg4Mhck,"[{""token"": ""khalil"", ""category"": ""informal_wolof"", ""selected_candidate"": ""khalil"", ""final_correction"": ""khalil""}, {""token"": ""dey"", ""category"": ""ambiguous_cognate"", ""selected_candidate"": ""dey"", ""final_correction"": ""dey""}, {""token"": ""güent"", ""category"": ""informal_wolof"", ""selected_candidate"": ""gént"", ""final_correction"": ""gént""}, {""token"": ""dé"", ""category"": ""ambiguous_cognate"", ""selected_candidate"": ""dé"", ""final_correction"": ""dé""}, {""token"": ""mohhhh"", ""category"": ""informal_wolof"", ""selected_candidate"": ""mohhhh"", ""final_correction"": ""mohhhh""}]"
292,maman oumy dafa niaw pour nakharal nou,maman um dafa naaw pour naqaral nou,maman oumy dafa ñaaw pour naqaral ñu,keep,https://www.youtube.com/watch?v=Myd-Gg4Mhck,"[{""token"": ""maman"", ""category"": ""french_native"", ""selected_candidate"": ""maman"", ""final_correction"": ""maman""}, {""token"": ""oumy"", ""category"": ""informal_wolof"", ""selected_candidate"": ""oumy"", ""final_correction"": ""oumy""}, {""token"": ""dafa"", ""category"": ""ambiguous_cognate"", ""selected_candidate"": ""dafa"", ""final_correction"": ""dafa""}, {""token"": ""niaw"", ""category"": ""informal_wolof"", ""selected_candidate"": ""naaw"", ""final_correction"": ""ñaaw""}, {""token"": ""pour"", ""category"": ""ambiguous_cognate"", ""selected_candidate"": ""pour"", ""final_correction"": ""pour""}, {""token"": ""nakharal"", ""category"": ""informal_wolof"", ""selected_candidate"": ""naqaral"", ""final_correction"": ""naqaral""}, {""token"": ""nou"", ""category"": ""french_native"", ""selected_candidate"": ""nou"", ""final_correction"": ""ñu""}]"
293,"wah mére bi kagne la teudj gatam gui , marodi deff lén ko mou paralysé guir yallah",wàq mere bi kaañ la ténji gëtam gui saroja deff léñ ko mou paralysé gui yallah,wa mére bi kañ lay tëj gatam gui marodi def leen ko mou paralysé ngir yallah,keep,https://www.youtube.com/watch?v=Myd-Gg4Mhck,"[{""token"": ""wah"", ""category"": ""informal_wolof"", ""selected_candidate"": ""wàq"", ""final_correction"": ""wa""}, {""token"": ""mére"", ""category"": ""informal_wolof"", ""selected_candidate"": ""mére"", ""final_correction"": ""mére""}, {""token"": ""bi"", ""category"": ""ambiguous_cognate"", ""selected_candidate"": ""bi"", ""final_correction"": ""bi""}, {""token"": ""kagne"", ""category"": ""informal_wolof"", ""selected_candidate"": ""kañ"", ""final_correction"": ""kañ""}, {""token"": ""la"", ""category"": ""ambiguous_cognate"", ""selected_candidate"": ""la"", ""final_correction"": ""lay""}, {""token"": ""teudj"", ""category"": ""informal_wolof"", ""selected_candidate"": ""tëj"", ""final_correction"": ""tëj""}, {""token"": ""gatam"", ""category"": ""informal_wolof"", ""selected_candidate"": ""gatam"", ""final_correction"": ""gatam""}, {""token"": ""gui"", ""category"": ""ambiguous_cognate"", ""selected_candidate"": ""gui"", ""final_correction"": ""gui""}, {""token"": ""marodi"", ""category"": ""informal_wolof"", ""selected_candidate"": ""marodi"", ""final_correction"": ""marodi""}, {""token"": ""deff"", ""category"": ""ambiguous_cognate"", ""selected_candidate"": ""deff"", ""final_correction"": ""def""}, {""token"": ""lén"", ""category"": ""informal_wolof"", ""selected_candidate"": ""lén"", ""final_correction"": ""leen""}, {""token"": ""ko"", ""category"": ""ambiguous_cognate"", ""selected_candidate"": ""ko"", ""final_correction"": ""ko""}, {""token"": ""mou"", ""category"": ""ambiguous_cognate"", ""selected_candidate"": ""mou"", ""final_correction"": ""mou""}, {""token"": ""paralysé"", ""category"": ""french_native"", ""selected_candidate"": ""paralysé"", ""final_correction"": ""paralysé""}, {""token"": ""guir"", ""category"": ""informal_wolof"", ""selected_candidate"": ""gui"", ""final_correction"": ""ngir""}, {""token"": ""yallah"", ""category"": ""wolof_formal"", ""selected_candidate"": ""yallah"", ""final_correction"": ""yallah""}]"
300,marichou sonne gua menone na geuna simple,marinu sonne gaa mënoon na gëna simple,marichou sonn nga mënoon na gëna simple,keep,https://www.youtube.com/watch?v=Myd-Gg4Mhck,"[{""token"": ""marichou"", ""category"": ""informal_wolof"", ""selected_candidate"": ""marichou"", ""final_correction"": ""marichou""}, {""token"": ""sonne"", ""category"": ""french_native"", ""selected_candidate"": ""sonne"", ""final_correction"": ""sonn""}, {""token"": ""gua"", ""category"": ""informal_wolof"", ""selected_candidate"": ""gaa"", ""final_correction"": ""nga""}, {""token"": ""menone"", ""category"": ""informal_wolof"", ""selected_candidate"": ""mënoon"", ""final_correction"": ""mënoon""}, {""token"": ""na"", ""category"": ""ambiguous_cognate"", ""selected_candidate"": ""na"", ""final_correction"": ""na""}, {""token"": ""geuna"", ""category"": ""informal_wolof"", ""selected_candidate"": ""gëna"", ""final_correction"": ""gëna""}, {""token"": ""simple"", ""category"": ""french_native"", ""selected_candidate"": ""simple"", ""final_correction"": ""simple""}]"
303,sokhna djalika djabar la. gnikoy khasse fiire dongue moléne djape.ne soyez pas égoïstes à la fin,soxna saalika jibar la jikooy chasse fiire doonee moolén jaayee ne soyez pas égoïstes à la jeexitalu,soxna djalika jabar la ñi koy xas fiir dong moo leen jàpp ne soyez pas égoïstes à la fin,keep,https://www.youtube.com/watch?v=Myd-Gg4Mhck,"[{""token"": ""sokhna"", ""category"": ""french_substituted"", ""selected_candidate"": ""soxna"", ""final_correction"": ""soxna""}, {""token"": ""djalika"", ""category"": ""informal_wolof"", ""selected_candidate"": ""djalika"", ""final_correction"": ""djalika""}, {""token"": ""djabar"", ""category"": ""informal_wolof"", ""selected_candidate"": ""jabar"", ""final_correction"": ""jabar""}, {""token"": ""la"", ""category"": ""ambiguous_cognate"", ""selected_candidate"": ""la"", ""final_correction"": ""la""}, {""token"": ""gnikoy"", ""category"": ""informal_wolof"", ""selected_candidate"": ""jikooy"", ""final_correction"": ""ñi koy""}, {""token"": ""khasse"", ""category"": ""informal_wolof"", ""selected_candidate"": ""khasse"", ""final_correction"": ""xas""}, {""token"": ""fiire"", ""category"": ""wolof_formal"", ""selected_candidate"": ""fiire"", ""final_correction"": ""fiir""}, {""token"": ""dongue"", ""category"": ""informal_wolof"", ""selected_candidate"": ""doonee"", ""final_correction"": ""dong""}, {""token"": ""moléne"", ""category"": ""informal_wolof"", ""selected_candidate"": ""moolén"", ""final_correction"": ""moo leen""}, {""token"": ""djape"", ""category"": ""informal_wolof"", ""selected_candidate"": ""jaayee"", ""final_correction"": ""jàpp""}, {""token"": ""ne"", ""category"": ""ambiguous_cognate"", ""selected_candidate"": ""ne"", ""final_correction"": ""ne""}, {""token"": ""soyez"", ""category"": ""french_native"", ""selected_candidate"": ""soyez"", ""final_correction"": ""soyez""}, {""token"": ""pas"", ""category"": ""ambiguous_cognate"", ""selected_candidate"": ""pas"", ""final_correction"": ""pas""}, {""token"": ""égoïstes"", ""category"": ""french_native"", ""selected_candidate"": ""égoïstes"", ""final_correction"": ""égoïstes""}, {""token"": ""à"", ""category"": ""ambiguous_cognate"", ""selected_candidate"": ""à"", ""final_correction"": ""à""}, {""token"": ""la"", ""category"": ""ambiguous_cognate"", ""selected_candidate"": ""la"", ""final_correction"": ""la""}, {""token"": ""fin"", ""category"": ""french_substituted"", ""selected_candidate"": ""fin"", ""final_correction"": ""fin""}]"
305,khali yaw mom baby mounèla ne m'appelee pas baby ngay kotinè ay mo romantiques do nopi khamna di ngène wakhe barina wah mai deuk la wah,xaali yaw mom baby zoungla ne m'appelee pas baby ngay kontine ay mo romantiques do nopi xamna di ngen waxee barina wàq mai deuk la wàq,khali yow mom baby mu ne la ne m'appelee pas baby ngay kotinè ay mo romantiques do nopi xamna di ngeen wax bari na wax mais dëgg la wax,keep,https://www.youtube.com/watch?v=Myd-Gg4Mhck,"[{""token"": ""khali"", ""category"": ""informal_wolof"", ""selected_candidate"": ""khali"", ""final_correction"": ""khali""}, {""token"": ""yaw"", ""category"": ""ambiguous_cognate"", ""selected_candidate"": ""yaw"", ""final_correction"": ""yow""}, {""token"": ""mom"", ""category"": ""wolof_formal"", ""selected_candidate"": ""mom"", ""final_correction"": ""mom""}, {""token"": ""baby"", ""category"": ""ambiguous_cognate"", ""selected_candidate"": ""baby"", ""final_correction"": ""baby""}, {""token"": ""mounèla"", ""category"": ""informal_wolof"", ""selected_candidate"": ""zoungla"", ""final_correction"": ""mu ne la""}, {""token"": ""ne"", ""category"": ""ambiguous_cognate"", ""selected_candidate"": ""ne"", ""final_correction"": ""ne""}, {""token"": ""m'appelee"", ""category"": ""informal_wolof"", ""selected_candidate"": ""m'appelee"", ""final_correction"": ""m'appelee""}, {""token"": ""pas"", ""category"": ""ambiguous_cognate"", ""selected_candidate"": ""pas"", ""final_correction"": ""pas""}, {""token"": ""baby"", ""category"": ""ambiguous_cognate"", ""selected_candidate"": ""baby"", ""final_correction"": ""baby""}, {""token"": ""ngay"", ""category"": ""ambiguous_cognate"", ""selected_candidate"": ""ngay"", ""final_correction"": ""ngay""}, {""token"": ""kotinè"", ""category"": ""informal_wolof"", ""selected_candidate"": ""kotinè"", ""final_correction"": ""kotinè""}, {""token"": ""ay"", ""category"": ""ambiguous_cognate"", ""selected_candidate"": ""ay"", ""final_correction"": ""ay""}, {""token"": ""mo"", ""category"": ""ambiguous_cognate"", ""selected_candidate"": ""mo"", ""final_correction"": ""mo""}, {""token"": ""romantiques"", ""category"": ""french_native"", ""selected_candidate"": ""romantiques"", ""final_correction"": ""romantiques""}, {""token"": ""do"", ""category"": ""ambiguous_cognate"", ""selected_candidate"": ""do"", ""final_correction"": ""do""}, {""token"": ""nopi"", ""category"": ""wolof_formal"", ""selected_candidate"": ""nopi"", ""final_correction"": ""nopi""}, {""token"": ""khamna"", ""category"": ""informal_wolof"", ""selected_candidate"": ""xamna"", ""final_correction"": ""xamna""}, {""token"": ""di"", ""category"": ""ambiguous_cognate"", ""selected_candidate"": ""di"", ""final_correction"": ""di""}, {""token"": ""ngène"", ""category"": ""informal_wolof"", ""selected_candidate"": ""ngen"", ""final_correction"": ""ngeen""}, {""token"": ""wakhe"", ""category"": ""informal_wolof"", ""selected_candidate"": ""waxee"", ""final_correction"": ""wax""}, {""token"": ""barina"", ""category"": ""wolof_formal"", ""selected_candidate"": ""barina"", ""final_correction"": ""bari na""}, {""token"": ""wah"", ""category"": ""informal_wolof"", ""selected_candidate"": ""wàq"", ""final_correction"": ""wax""}, {""token"": ""mai"", ""category"": ""ambiguous_cognate"", ""selected_candidate"": ""mai"", ""final_correction"": ""mais""}, {""token"": ""deuk"", ""category"": ""ambiguous_cognate"", ""selected_candidate"": ""deuk"", ""final_correction"": ""dëgg""}, {""token"": ""la"", ""category"": ""ambiguous_cognate"", ""selected_candidate"": ""la"", ""final_correction"": ""la""}, {""token"": ""wah"", ""category"": ""informal_wolof"", ""selected_candidate"": ""wàq"", ""final_correction"": ""wax""}]"
306,weurseuk mon dieu marichou kagne gañou wath nak,weerseek sama dieu marinu kaañ gañu with nak,wërsëg mon dieu marichou kañ nga ñuy wàcc nak,keep,https://www.youtube.com/watch?v=Myd-Gg4Mhck,"[{""token"": ""weurseuk"", ""category"": ""informal_wolof"", ""selected_candidate"": ""weerseek"", ""final_correction"": ""wërsëg""}, {""token"": ""mon"", ""category"": ""french_substituted"", ""selected_candidate"": ""mon"", ""final_correction"": ""mon""}, {""token"": ""dieu"", ""category"": ""ambiguous_cognate"", ""selected_candidate"": ""dieu"", ""final_correction"": ""dieu""}, {""token"": ""marichou"", ""category"": ""informal_wolof"", ""selected_candidate"": ""marichou"", ""final_correction"": ""marichou""}, {""token"": ""kagne"", ""category"": ""informal_wolof"", ""selected_candidate"": ""kañ"", ""final_correction"": ""kañ""}, {""token"": ""gañou"", ""category"": ""informal_wolof"", ""selected_candidate"": ""gañu"", ""final_correction"": ""nga ñuy""}, {""token"": ""wath"", ""category"": ""informal_wolof"", ""selected_candidate"": ""with"", ""final_correction"": ""wàcc""}, {""token"": ""nak"", ""category"": ""ambiguous_cognate"", ""selected_candidate"": ""nak"", ""final_correction"": ""nak""}]"
307,"tidjane goor daye ame foula,boule nangue koula séparé ak yaye",tijaan goor ayee ame foula boule naangu koula séparé ak yaye,tidjane goor day am fulla bul nangu ku la séparé ak yaye,keep,https://www.youtube.com/watch?v=Myd-Gg4Mhck,"[{""token"": ""tidjane"", ""category"": ""informal_wolof"", ""selected_candidate"": ""tidjane"", ""final_correction"": ""tidjane""}, {""token"": ""goor"", ""category"": ""wolof_formal"", ""selected_candidate"": ""goor"", ""final_correction"": ""goor""}, {""token"": ""daye"", ""category"": ""informal_wolof"", ""selected_candidate"": ""day"", ""final_correction"": ""day""}, {""token"": ""ame"", ""category"": ""ambiguous_cognate"", ""selected_candidate"": ""ame"", ""final_correction"": ""am""}, {""token"": ""foula"", ""category"": ""french_native"", ""selected_candidate"": ""foula"", ""final_correction"": ""fulla""}, {""token"": ""boule"", ""category"": ""ambiguous_cognate"", ""selected_candidate"": ""boule"", ""final_correction"": ""bul""}, {""token"": ""nangue"", ""category"": ""informal_wolof"", ""selected_candidate"": ""nangu"", ""final_correction"": ""nangu""}, {""token"": ""koula"", ""category"": ""french_native"", ""selected_candidate"": ""koula"", ""final_correction"": ""ku la""}, {""token"": ""séparé"", ""category"": ""french_native"", ""selected_candidate"": ""séparé"", ""final_correction"": ""séparé""}, {""token"": ""ak"", ""category"": ""ambiguous_cognate"", ""selected_candidate"": ""ak"", ""final_correction"": ""ak""}, {""token"": ""yaye"", ""category"": ""wolof_formal"", ""selected_candidate"": ""yaye"", ""final_correction"": ""yaye""}]"
308,maman oumy mo sof rek ta bari wakh,maman um mo sof rek ta bari wakh,maman oumy moo sof rek te bari wax,keep,https://www.youtube.com/watch?v=Myd-Gg4Mhck,"[{""token"": ""maman"", ""category"": ""french_native"", ""selected_candidate"": ""maman"", ""final_correction"": ""maman""}, {""token"": ""oumy"", ""category"": ""informal_wolof"", ""selected_candidate"": ""oumy"", ""final_correction"": ""oumy""}, {""token"": ""mo"", ""category"": ""ambiguous_cognate"", ""selected_candidate"": ""moo"", ""final_correction"": ""moo""}, {""token"": ""sof"", ""category"": ""wolof_formal"", ""selected_candidate"": ""sof"", ""final_correction"": ""sof""}, {""token"": ""rek"", ""category"": ""ambiguous_cognate"", ""selected_candidate"": ""rek"", ""final_correction"": ""rek""}, {""token"": ""ta"", ""category"": ""ambiguous_cognate"", ""selected_candidate"": ""ta"", ""final_correction"": ""te""}, {""token"": ""bari"", ""category"": ""ambiguous_cognate"", ""selected_candidate"": ""bari"", ""final_correction"": ""bari""}, {""token"": ""wakh"", ""category"": ""french_native"", ""selected_candidate"": ""wakh"", ""final_correction"": ""wax""}]"
312,tidiane mii amoul bénne foulla bilahi,tiijaan mii amoul bénn fulla bilahi,tidiane mii amoul benn fulla bilahi,keep,https://www.youtube.com/watch?v=Myd-Gg4Mhck,"[{""token"": ""tidiane"", ""category"": ""french_substituted"", ""selected_candidate"": ""tidiane"", ""final_correction"": ""tidiane""}, {""token"": ""mii"", ""category"": ""wolof_formal"", ""selected_candidate"": ""mii"", ""final_correction"": ""mii""}, {""token"": ""amoul"", ""category"": ""ambiguous_cognate"", ""selected_candidate"": ""amoul"", ""final_correction"": ""amoul""}, {""token"": ""bénne"", ""category"": ""informal_wolof"", ""selected_candidate"": ""bénn"", ""final_correction"": ""benn""}, {""token"": ""foulla"", ""category"": ""informal_wolof"", ""selected_candidate"": ""fulla"", ""final_correction"": ""fulla""}, {""token"": ""bilahi"", ""category"": ""informal_wolof"", ""selected_candidate"": ""bilahi"", ""final_correction"": ""bilahi""}]"
314,khady thiam sofga bonega,xaay caam sooga onega,khady thiam soof nga bon nga,keep,https://www.youtube.com/watch?v=Myd-Gg4Mhck,"[{""token"": ""khady"", ""category"": ""informal_wolof"", ""selected_candidate"": ""khady"", ""final_correction"": ""khady""}, {""token"": ""thiam"", ""category"": ""french_substituted"", ""selected_candidate"": ""thiam"", ""final_correction"": ""thiam""}, {""token"": ""sofga"", ""category"": ""informal_wolof"", ""selected_candidate"": ""sooga"", ""final_correction"": ""soof nga""}, {""token"": ""bonega"", ""category"": ""informal_wolof"", ""selected_candidate"": ""onega"", ""final_correction"": ""bon nga""}]"
318,lékhou fékhal n'a sama khol bi,lexu féñaal n'a sama xool bi,lékhou féexal na sama xol bi,keep,https://www.youtube.com/watch?v=Myd-Gg4Mhck,"[{""token"": ""lékhou"", ""category"": ""informal_wolof"", ""selected_candidate"": ""lékhou"", ""final_correction"": ""lékhou""}, {""token"": ""fékhal"", ""category"": ""informal_wolof"", ""selected_candidate"": ""féñaal"", ""final_correction"": ""féexal""}, {""token"": ""n'a"", ""category"": ""french_native"", ""selected_candidate"": ""n'a"", ""final_correction"": ""na""}, {""token"": ""sama"", ""category"": ""ambiguous_cognate"", ""selected_candidate"": ""sama"", ""final_correction"": ""sama""}, {""token"": ""khol"", ""category"": ""informal_wolof"", ""selected_candidate"": ""xol"", ""final_correction"": ""xol""}, {""token"": ""bi"", ""category"": ""ambiguous_cognate"", ""selected_candidate"": ""bi"", ""final_correction"": ""bi""}]"
322,bilahi khady thiame dafa rew tidiane mom. amoul foula,bilahi xaay thiaabi dafa rew tiijaan mom amoul foula,bilahi khady thiame dafa reew tidiane mom amoul fulla,keep,https://www.youtube.com/watch?v=Myd-Gg4Mhck,"[{""token"": ""bilahi"", ""category"": ""informal_wolof"", ""selected_candidate"": ""bilahi"", ""final_correction"": ""bilahi""}, {""token"": ""khady"", ""category"": ""informal_wolof"", ""selected_candidate"": ""khady"", ""final_correction"": ""khady""}, {""token"": ""thiame"", ""category"": ""informal_wolof"", ""selected_candidate"": ""thiame"", ""final_correction"": ""thiame""}, {""token"": ""dafa"", ""category"": ""ambiguous_cognate"", ""selected_candidate"": ""dafa"", ""final_correction"": ""dafa""}, {""token"": ""rew"", ""category"": ""wolof_formal"", ""selected_candidate"": ""réw"", ""final_correction"": ""reew""}, {""token"": ""tidiane"", ""category"": ""french_substituted"", ""selected_candidate"": ""tidiane"", ""final_correction"": ""tidiane""}, {""token"": ""mom"", ""category"": ""wolof_formal"", ""selected_candidate"": ""mom"", ""final_correction"": ""mom""}, {""token"": ""amoul"", ""category"": ""ambiguous_cognate"", ""selected_candidate"": ""amoul"", ""final_correction"": ""amoul""}, {""token"": ""foula"", ""category"": ""french_native"", ""selected_candidate"": ""foula"", ""final_correction"": ""fulla""}]"
327,khady thiam sofna nk ahhhhh duull wayyy,xaay caam safna n ahhhhh duul wayyy,khady thiam soof na nak ah duul waay,keep,https://www.youtube.com/watch?v=Myd-Gg4Mhck,"[{""token"": ""khady"", ""category"": ""informal_wolof"", ""selected_candidate"": ""khady"", ""final_correction"": ""khady""}, {""token"": ""thiam"", ""category"": ""french_substituted"", ""selected_candidate"": ""thiam"", ""final_correction"": ""thiam""}, {""token"": ""sofna"", ""category"": ""informal_wolof"", ""selected_candidate"": ""safna"", ""final_correction"": ""soof na""}, {""token"": ""nk"", ""category"": ""informal_wolof"", ""selected_candidate"": ""n"", ""final_correction"": ""nak""}, {""token"": ""ahhhhh"", ""category"": ""informal_wolof"", ""selected_candidate"": ""ahhhhh"", ""final_correction"": ""ah""}, {""token"": ""duull"", ""category"": ""informal_wolof"", ""selected_candidate"": ""duul"", ""final_correction"": ""duul""}, {""token"": ""wayyy"", ""category"": ""informal_wolof"", ""selected_candidate"": ""wayyy"", ""final_correction"": ""waay""}]"
331,weurseuk mom moyi lane,weerseek mom mooy lane,wërsëg mom mooy lan,keep,https://www.youtube.com/watch?v=Myd-Gg4Mhck,"[{""token"": ""weurseuk"", ""category"": ""informal_wolof"", ""selected_candidate"": ""weerseek"", ""final_correction"": ""wërsëg""}, {""token"": ""mom"", ""category"": ""wolof_formal"", ""selected_candidate"": ""mom"", ""final_correction"": ""mom""}, {""token"": ""moyi"", ""category"": ""informal_wolof"", ""selected_candidate"": ""mooy"", ""final_correction"": ""mooy""}, {""token"": ""lane"", ""category"": ""wolof_formal"", ""selected_candidate"": ""lan"", ""final_correction"": ""lan""}]"
332,tidiane mbeuguéll kenn douko forcé,tiijaan mbëggeel kenn duko forcé,tidiane mbëggeel kenn du ko forcé,keep,https://www.youtube.com/watch?v=Myd-Gg4Mhck,"[{""token"": ""tidiane"", ""category"": ""french_substituted"", ""selected_candidate"": ""tidiane"", ""final_correction"": ""tidiane""}, {""token"": ""mbeuguéll"", ""category"": ""informal_wolof"", ""selected_candidate"": ""mbëggeel"", ""final_correction"": ""mbëggeel""}, {""token"": ""kenn"", ""category"": ""ambiguous_cognate"", ""selected_candidate"": ""kenn"", ""final_correction"": ""kenn""}, {""token"": ""douko"", ""category"": ""informal_wolof"", ""selected_candidate"": ""duko"", ""final_correction"": ""du ko""}, {""token"": ""forcé"", ""category"": ""french_native"", ""selected_candidate"": ""forcé"", ""final_correction"": ""forcé""}]"
335,niata diabar gua am,niàka jabar gaa am,ñaata jabar nga am,keep,https://www.youtube.com/watch?v=Myd-Gg4Mhck,"[{""token"": ""niata"", ""category"": ""informal_wolof"", ""selected_candidate"": ""ñaata"", ""final_correction"": ""ñaata""}, {""token"": ""diabar"", ""category"": ""informal_wolof"", ""selected_candidate"": ""jabar"", ""final_correction"": ""jabar""}, {""token"": ""gua"", ""category"": ""informal_wolof"", ""selected_candidate"": ""gaa"", ""final_correction"": ""nga""}, {""token"": ""am"", ""category"": ""ambiguous_cognate"", ""selected_candidate"": ""am"", ""final_correction"": ""am""}]"
336,lii dhé la wakhno vraiment maman oumy barina wax,lii dée la waxna vraiment maman um barina wax,li dé la waxone vraiment maman oumy bari na wax,keep,https://www.youtube.com/watch?v=Myd-Gg4Mhck,"[{""token"": ""lii"", ""category"": ""ambiguous_cognate"", ""selected_candidate"": ""lii"", ""final_correction"": ""li""}, {""token"": ""dhé"", ""category"": ""informal_wolof"", ""selected_candidate"": ""dé"", ""final_correction"": ""dé""}, {""token"": ""la"", ""category"": ""ambiguous_cognate"", ""selected_candidate"": ""la"", ""final_correction"": ""la""}, {""token"": ""wakhno"", ""category"": ""informal_wolof"", ""selected_candidate"": ""waxna"", ""final_correction"": ""waxone""}, {""token"": ""vraiment"", ""category"": ""french_native"", ""selected_candidate"": ""vraiment"", ""final_correction"": ""vraiment""}, {""token"": ""maman"", ""category"": ""french_native"", ""selected_candidate"": ""maman"", ""final_correction"": ""maman""}, {""token"": ""oumy"", ""category"": ""informal_wolof"", ""selected_candidate"": ""oumy"", ""final_correction"": ""oumy""}, {""token"": ""barina"", ""category"": ""wolof_formal"", ""selected_candidate"": ""barina"", ""final_correction"": ""bari na""}, {""token"": ""wax"", ""category"": ""ambiguous_cognate"", ""selected_candidate"": ""wax"", ""final_correction"": ""wax""}]"
338,juboo ak say goro nekhna deh. bravo sokhna djalika.,juboo ak say goro neexna dee bravo soxna saalika,juboo ak say goro neex na deh bravo sokhna djalika,keep,https://www.youtube.com/watch?v=Myd-Gg4Mhck,"[{""token"": ""juboo"", ""category"": ""wolof_formal"", ""selected_candidate"": ""juboo"", ""final_correction"": ""juboo""}, {""token"": ""ak"", ""category"": ""ambiguous_cognate"", ""selected_candidate"": ""ak"", ""final_correction"": ""ak""}, {""token"": ""say"", ""category"": ""ambiguous_cognate"", ""selected_candidate"": ""say"", ""final_correction"": ""say""}, {""token"": ""goro"", ""category"": ""ambiguous_cognate"", ""selected_candidate"": ""goro"", ""final_correction"": ""goro""}, {""token"": ""nekhna"", ""category"": ""informal_wolof"", ""selected_candidate"": ""neexna"", ""final_correction"": ""neex na""}, {""token"": ""deh"", ""category"": ""informal_wolof"", ""selected_candidate"": ""deh"", ""final_correction"": ""deh""}, {""token"": ""bravo"", ""category"": ""ambiguous_cognate"", ""selected_candidate"": ""bravo"", ""final_correction"": ""bravo""}, {""token"": ""sokhna"", ""category"": ""french_substituted"", ""selected_candidate"": ""sokhna"", ""final_correction"": ""sokhna""}, {""token"": ""djalika"", ""category"": ""informal_wolof"", ""selected_candidate"": ""djalika"", ""final_correction"": ""djalika""}]"
343,mere bii sof nama,mere bii sof nama,mere bii soof na ma,keep,https://www.youtube.com/watch?v=Myd-Gg4Mhck,"[{""token"": ""mere"", ""category"": ""ambiguous_cognate"", ""selected_candidate"": ""mere"", ""final_correction"": ""mere""}, {""token"": ""bii"", ""category"": ""ambiguous_cognate"", ""selected_candidate"": ""bii"", ""final_correction"": ""bii""}, {""token"": ""sof"", ""category"": ""wolof_formal"", ""selected_candidate"": ""soof"", ""final_correction"": ""soof""}, {""token"": ""nama"", ""category"": ""ambiguous_cognate"", ""selected_candidate"": ""nama"", ""final_correction"": ""na ma""}]"
344,thiey homme khalil dafay metti sama khol ou mane ma fiire,thiey homme khalid dafay metti sama xool ou mane ma fiire,céy homme khalil dafay metti sama xol ou man ma fiire,keep,https://www.youtube.com/watch?v=Myd-Gg4Mhck,"[{""token"": ""thiey"", ""category"": ""french_native"", ""selected_candidate"": ""thiey"", ""final_correction"": ""céy""}, {""token"": ""homme"", ""category"": ""ambiguous_cognate"", ""selected_candidate"": ""homme"", ""final_correction"": ""homme""}, {""token"": ""khalil"", ""category"": ""informal_wolof"", ""selected_candidate"": ""khalil"", ""final_correction"": ""khalil""}, {""token"": ""dafay"", ""category"": ""wolof_formal"", ""selected_candidate"": ""dafay"", ""final_correction"": ""dafay""}, {""token"": ""metti"", ""category"": ""ambiguous_cognate"", ""selected_candidate"": ""metti"", ""final_correction"": ""metti""}, {""token"": ""sama"", ""category"": ""ambiguous_cognate"", ""selected_candidate"": ""sama"", ""final_correction"": ""sama""}, {""token"": ""khol"", ""category"": ""informal_wolof"", ""selected_candidate"": ""xol"", ""final_correction"": ""xol""}, {""token"": ""ou"", ""category"": ""ambiguous_cognate"", ""selected_candidate"": ""ou"", ""final_correction"": ""ou""}, {""token"": ""mane"", ""category"": ""ambiguous_cognate"", ""selected_candidate"": ""mane"", ""final_correction"": ""man""}, {""token"": ""ma"", ""category"": ""ambiguous_cognate"", ""selected_candidate"": ""ma"", ""final_correction"": ""ma""}, {""token"": ""fiire"", ""category"": ""wolof_formal"", ""selected_candidate"": ""fiire"", ""final_correction"": ""fiire""}]"
345,wa goor niata khol la am,wa goor niàka xool la am,wa goor ñaata xol la am,keep,https://www.youtube.com/watch?v=Myd-Gg4Mhck,"[{""token"": ""wa"", ""category"": ""ambiguous_cognate"", ""selected_candidate"": ""wa"", ""final_correction"": ""wa""}, {""token"": ""goor"", ""category"": ""wolof_formal"", ""selected_candidate"": ""goor"", ""final_correction"": ""goor""}, {""token"": ""niata"", ""category"": ""informal_wolof"", ""selected_candidate"": ""ñaata"", ""final_correction"": ""ñaata""}, {""token"": ""khol"", ""category"": ""informal_wolof"", ""selected_candidate"": ""xol"", ""final_correction"": ""xol""}, {""token"": ""la"", ""category"": ""ambiguous_cognate"", ""selected_candidate"": ""la"", ""final_correction"": ""la""}, {""token"": ""am"", ""category"": ""ambiguous_cognate"", ""selected_candidate"": ""am"", ""final_correction"": ""am""}]"
346,maman oumy mi féthe ba paré tok ni day dioy,maman um mi féte ba paré tok ni day juy,maman oumy mi fecc ba pare toog ni day jooy,keep,https://www.youtube.com/watch?v=Myd-Gg4Mhck,"[{""token"": ""maman"", ""category"": ""french_native"", ""selected_candidate"": ""maman"", ""final_correction"": ""maman""}, {""token"": ""oumy"", ""category"": ""informal_wolof"", ""selected_candidate"": ""oumy"", ""final_correction"": ""oumy""}, {""token"": ""mi"", ""category"": ""ambiguous_cognate"", ""selected_candidate"": ""mi"", ""final_correction"": ""mi""}, {""token"": ""féthe"", ""category"": ""informal_wolof"", ""selected_candidate"": ""fecce"", ""final_correction"": ""fecc""}, {""token"": ""ba"", ""category"": ""ambiguous_cognate"", ""selected_candidate"": ""ba"", ""final_correction"": ""ba""}, {""token"": ""paré"", ""category"": ""ambiguous_cognate"", ""selected_candidate"": ""pare"", ""final_correction"": ""pare""}, {""token"": ""tok"", ""category"": ""ambiguous_cognate"", ""selected_candidate"": ""tok"", ""final_correction"": ""toog""}, {""token"": ""ni"", ""category"": ""ambiguous_cognate"", ""selected_candidate"": ""ni"", ""final_correction"": ""ni""}, {""token"": ""day"", ""category"": ""ambiguous_cognate"", ""selected_candidate"": ""day"", ""final_correction"": ""day""}, {""token"": ""dioy"", ""category"": ""informal_wolof"", ""selected_candidate"": ""jooy"", ""final_correction"": ""jooy""}]"
347,mo diarna lathe dal,mo jaarna layee dal,mo jar na laajte daal,keep,https://www.youtube.com/watch?v=Myd-Gg4Mhck,"[{""token"": ""mo"", ""category"": ""ambiguous_cognate"", ""selected_candidate"": ""mo"", ""final_correction"": ""mo""}, {""token"": ""diarna"", ""category"": ""informal_wolof"", ""selected_candidate"": ""jarna"", ""final_correction"": ""jar na""}, {""token"": ""lathe"", ""category"": ""informal_wolof"", ""selected_candidate"": ""làcc"", ""final_correction"": ""laajte""}, {""token"": ""dal"", ""category"": ""ambiguous_cognate"", ""selected_candidate"": ""daal"", ""final_correction"": ""daal""}]"
348,maman oumy mi yennneu warou wolen si mome,maman um mi yénne waru wooleen si momee,maman oumy mi yeen waaru woo leen si moom,keep,https://www.youtube.com/watch?v=Myd-Gg4Mhck,"[{""token"": ""maman"", ""category"": ""french_native"", ""selected_candidate"": ""maman"", ""final_correction"": ""maman""}, {""token"": ""oumy"", ""category"": ""informal_wolof"", ""selected_candidate"": ""oumy"", ""final_correction"": ""oumy""}, {""token"": ""mi"", ""category"": ""ambiguous_cognate"", ""selected_candidate"": ""mi"", ""final_correction"": ""mi""}, {""token"": ""yennneu"", ""category"": ""informal_wolof"", ""selected_candidate"": ""yénne"", ""final_correction"": ""yeen""}, {""token"": ""warou"", ""category"": ""informal_wolof"", ""selected_candidate"": ""waaru"", ""final_correction"": ""waaru""}, {""token"": ""wolen"", ""category"": ""informal_wolof"", ""selected_candidate"": ""wooleen"", ""final_correction"": ""woo leen""}, {""token"": ""si"", ""category"": ""ambiguous_cognate"", ""selected_candidate"": ""si"", ""final_correction"": ""si""}, {""token"": ""mome"", ""category"": ""informal_wolof"", ""selected_candidate"": ""momee"", ""final_correction"": ""moom""}]"
349,sama khôl bi jalika dinako guéné ak weursseuk tchimm,sama khôl bi malika dinako guéné ak weursseuk tchimm,sama xol bi jalika di naa ko génne ak wërsëg cim,keep,https://www.youtube.com/watch?v=Myd-Gg4Mhck,"[{""token"": ""sama"", ""category"": ""ambiguous_cognate"", ""selected_candidate"": ""sama"", ""final_correction"": ""sama""}, {""token"": ""khôl"", ""category"": ""french_native"", ""selected_candidate"": ""khôl"", ""final_correction"": ""xol""}, {""token"": ""bi"", ""category"": ""ambiguous_cognate"", ""selected_candidate"": ""bi"", ""final_correction"": ""bi""}, {""token"": ""jalika"", ""category"": ""informal_wolof"", ""selected_candidate"": ""jalika"", ""final_correction"": ""jalika""}, {""token"": ""dinako"", ""category"": ""wolof_formal"", ""selected_candidate"": ""dinako"", ""final_correction"": ""di naa ko""}, {""token"": ""guéné"", ""category"": ""wolof_formal"", ""selected_candidate"": ""guéné"", ""final_correction"": ""génne""}, {""token"": ""ak"", ""category"": ""ambiguous_cognate"", ""selected_candidate"": ""ak"", ""final_correction"": ""ak""}, {""token"": ""weursseuk"", ""category"": ""informal_wolof"", ""selected_candidate"": ""weursseuk"", ""final_correction"": ""wërsëg""}, {""token"": ""tchimm"", ""category"": ""informal_wolof"", ""selected_candidate"": ""tchimm"", ""final_correction"": ""cim""}]"
351,wa key sohna dialika nanga féhé ba linga commencer nga yéggali ko balaa mouy heuy béne jour nguen dioté moulay hass,wa key soxna saalika nanga féte ba linga commencer nga yeggali ko balaa muy hey bén bis ngeen joote muslaay tass,wa key sohna dialika na nga fexe ba li nga commencer nga yeggali ko bala muy xéy benn jour ngeen jote mu lay xas,keep,https://www.youtube.com/watch?v=Myd-Gg4Mhck,"[{""token"": ""wa"", ""category"": ""ambiguous_cognate"", ""selected_candidate"": ""wa"", ""final_correction"": ""wa""}, {""token"": ""key"", ""category"": ""wolof_formal"", ""selected_candidate"": ""key"", ""final_correction"": ""key""}, {""token"": ""sohna"", ""category"": ""informal_wolof"", ""selected_candidate"": ""sohna"", ""final_correction"": ""sohna""}, {""token"": ""dialika"", ""category"": ""informal_wolof"", ""selected_candidate"": ""dialika"", ""final_correction"": ""dialika""}, {""token"": ""nanga"", ""category"": ""wolof_formal"", ""selected_candidate"": ""nanga"", ""final_correction"": ""na nga""}, {""token"": ""féhé"", ""category"": ""informal_wolof"", ""selected_candidate"": ""féte"", ""final_correction"": ""fexe""}, {""token"": ""ba"", ""category"": ""ambiguous_cognate"", ""selected_candidate"": ""ba"", ""final_correction"": ""ba""}, {""token"": ""linga"", ""category"": ""ambiguous_cognate"", ""selected_candidate"": ""linga"", ""final_correction"": ""li nga""}, {""token"": ""commencer"", ""category"": ""french_native"", ""selected_candidate"": ""commencer"", ""final_correction"": ""commencer""}, {""token"": ""nga"", ""category"": ""ambiguous_cognate"", ""selected_candidate"": ""nga"", ""final_correction"": ""nga""}, {""token"": ""yéggali"", ""category"": ""informal_wolof"", ""selected_candidate"": ""yeggali"", ""final_correction"": ""yeggali""}, {""token"": ""ko"", ""category"": ""ambiguous_cognate"", ""selected_candidate"": ""ko"", ""final_correction"": ""ko""}, {""token"": ""balaa"", ""category"": ""wolof_formal"", ""selected_candidate"": ""balaa"", ""final_correction"": ""bala""}, {""token"": ""mouy"", ""category"": ""informal_wolof"", ""selected_candidate"": ""muy"", ""final_correction"": ""muy""}, {""token"": ""heuy"", ""category"": ""informal_wolof"", ""selected_candidate"": ""hey"", ""final_correction"": ""xéy""}, {""token"": ""béne"", ""category"": ""informal_wolof"", ""selected_candidate"": ""bene"", ""final_correction"": ""benn""}, {""token"": ""jour"", ""category"": ""french_substituted"", ""selected_candidate"": ""jour"", ""final_correction"": ""jour""}, {""token"": ""nguen"", ""category"": ""informal_wolof"", ""selected_candidate"": ""ngeen"", ""final_correction"": ""ngeen""}, {""token"": ""dioté"", ""category"": ""informal_wolof"", ""selected_candidate"": ""jote"", ""final_correction"": ""jote""}, {""token"": ""moulay"", ""category"": ""informal_wolof"", ""selected_candidate"": ""muslaay"", ""final_correction"": ""mu lay""}, {""token"": ""hass"", ""category"": ""informal_wolof"", ""selected_candidate"": ""tass"", ""final_correction"": ""xas""}]"
354,wooooouuuyaaayyyy yooooyyyy ndidiaye mor neina bbeiii mareme mangui dead,wooooouuuyaaayyyy yooooyyyy ndidiaye mor neena bbeiii mareem mangui dead,wuyyay yooy nijaay mor nee na bbeiii mareme ma ngi dead,keep,https://www.youtube.com/watch?v=Myd-Gg4Mhck,"[{""token"": ""wooooouuuyaaayyyy"", ""category"": ""informal_wolof"", ""selected_candidate"": ""wooooouuuyaaayyyy"", ""final_correction"": ""wuyyay""}, {""token"": ""yooooyyyy"", ""category"": ""informal_wolof"", ""selected_candidate"": ""yooooyyyy"", ""final_correction"": ""yooy""}, {""token"": ""ndidiaye"", ""category"": ""informal_wolof"", ""selected_candidate"": ""ndidiaye"", ""final_correction"": ""nijaay""}, {""token"": ""mor"", ""category"": ""french_native"", ""selected_candidate"": ""mor"", ""final_correction"": ""mor""}, {""token"": ""neina"", ""category"": ""informal_wolof"", ""selected_candidate"": ""neena"", ""final_correction"": ""nee na""}, {""token"": ""bbeiii"", ""category"": ""informal_wolof"", ""selected_candidate"": ""bbeiii"", ""final_correction"": ""bbeiii""}, {""token"": ""mareme"", ""category"": ""informal_wolof"", ""selected_candidate"": ""mareme"", ""final_correction"": ""mareme""}, {""token"": ""mangui"", ""category"": ""wolof_formal"", ""selected_candidate"": ""mangui"", ""final_correction"": ""ma ngi""}, {""token"": ""dead"", ""category"": ""ambiguous_cognate"", ""selected_candidate"": ""dead"", ""final_correction"": ""dead""}]"
355,maman oumy guis dognou maye diam sheuut akh sa model you gnaw,maman um guis dooñu maye diam sheuut ax sa model you gnaw,maman oumy gis doo ñu may jàmm séttétét ak sa model you ñaaw,keep,https://www.youtube.com/watch?v=Myd-Gg4Mhck,"[{""token"": ""maman"", ""category"": ""french_native"", ""selected_candidate"": ""maman"", ""final_correction"": ""maman""}, {""token"": ""oumy"", ""category"": ""informal_wolof"", ""selected_candidate"": ""oumy"", ""final_correction"": ""oumy""}, {""token"": ""guis"", ""category"": ""french_native"", ""selected_candidate"": ""guis"", ""final_correction"": ""gis""}, {""token"": ""dognou"", ""category"": ""informal_wolof"", ""selected_candidate"": ""dooñu"", ""final_correction"": ""doo ñu""}, {""token"": ""maye"", ""category"": ""ambiguous_cognate"", ""selected_candidate"": ""maye"", ""final_correction"": ""may""}, {""token"": ""diam"", ""category"": ""ambiguous_cognate"", ""selected_candidate"": ""jàam"", ""final_correction"": ""jàmm""}, {""token"": ""sheuut"", ""category"": ""informal_wolof"", ""selected_candidate"": ""sheuut"", ""final_correction"": ""séttétét""}, {""token"": ""akh"", ""category"": ""informal_wolof"", ""selected_candidate"": ""ak"", ""final_correction"": ""ak""}, {""token"": ""sa"", ""category"": ""ambiguous_cognate"", ""selected_candidate"": ""sa"", ""final_correction"": ""sa""}, {""token"": ""model"", ""category"": ""ambiguous_cognate"", ""selected_candidate"": ""model"", ""final_correction"": ""model""}, {""token"": ""you"", ""category"": ""ambiguous_cognate"", ""selected_candidate"": ""you"", ""final_correction"": ""you""}, {""token"": ""gnaw"", ""category"": ""wolof_formal"", ""selected_candidate"": ""ñaaw"", ""final_correction"": ""ñaaw""}]"
356,maman oumy mom wëroul wayei khady thiam yagui may beug soff nk ish,maman um mom werul waaye xaay caam magui may beug soof n sh,maman oumy mom wérul waaye khady thiam yaa ngi may bëgg soof nak ish,keep,https://www.youtube.com/watch?v=Myd-Gg4Mhck,"[{""token"": ""maman"", ""category"": ""french_native"", ""selected_candidate"": ""maman"", ""final_correction"": ""maman""}, {""token"": ""oumy"", ""category"": ""informal_wolof"", ""selected_candidate"": ""oumy"", ""final_correction"": ""oumy""}, {""token"": ""mom"", ""category"": ""wolof_formal"", ""selected_candidate"": ""mom"", ""final_correction"": ""mom""}, {""token"": ""wëroul"", ""category"": ""informal_wolof"", ""selected_candidate"": ""werul"", ""final_correction"": ""wérul""}, {""token"": ""wayei"", ""category"": ""informal_wolof"", ""selected_candidate"": ""waaye"", ""final_correction"": ""waaye""}, {""token"": ""khady"", ""category"": ""informal_wolof"", ""selected_candidate"": ""khady"", ""final_correction"": ""khady""}, {""token"": ""thiam"", ""category"": ""french_substituted"", ""selected_candidate"": ""thiam"", ""final_correction"": ""thiam""}, {""token"": ""yagui"", ""category"": ""informal_wolof"", ""selected_candidate"": ""magui"", ""final_correction"": ""yaa ngi""}, {""token"": ""may"", ""category"": ""ambiguous_cognate"", ""selected_candidate"": ""may"", ""final_correction"": ""may""}, {""token"": ""beug"", ""category"": ""wolof_formal"", ""selected_candidate"": ""bëgg"", ""final_correction"": ""bëgg""}, {""token"": ""soff"", ""category"": ""informal_wolof"", ""selected_candidate"": ""soof"", ""final_correction"": ""soof""}, {""token"": ""nk"", ""category"": ""informal_wolof"", ""selected_candidate"": ""n"", ""final_correction"": ""nak""}, {""token"": ""ish"", ""category"": ""informal_wolof"", ""selected_candidate"": ""ish"", ""final_correction"": ""ish""}]"
357,khady thiamm soff guama,xaay camm soof guma,khady thiamm soof nga ma,keep,https://www.youtube.com/watch?v=Myd-Gg4Mhck,"[{""token"": ""khady"", ""category"": ""informal_wolof"", ""selected_candidate"": ""khady"", ""final_correction"": ""khady""}, {""token"": ""thiamm"", ""category"": ""informal_wolof"", ""selected_candidate"": ""thiamm"", ""final_correction"": ""thiamm""}, {""token"": ""soff"", ""category"": ""informal_wolof"", ""selected_candidate"": ""soof"", ""final_correction"": ""soof""}, {""token"": ""guama"", ""category"": ""informal_wolof"", ""selected_candidate"": ""guma"", ""final_correction"": ""nga ma""}]"
363,mame oumy djiepy nako,maam um djiepy nako,mame oumy jéppi naa ko,keep,https://www.youtube.com/watch?v=Myd-Gg4Mhck,"[{""token"": ""mame"", ""category"": ""french_substituted"", ""selected_candidate"": ""mame"", ""final_correction"": ""mame""}, {""token"": ""oumy"", ""category"": ""informal_wolof"", ""selected_candidate"": ""oumy"", ""final_correction"": ""oumy""}, {""token"": ""djiepy"", ""category"": ""informal_wolof"", ""selected_candidate"": ""djiepy"", ""final_correction"": ""jéppi""}, {""token"": ""nako"", ""category"": ""wolof_formal"", ""selected_candidate"": ""nako"", ""final_correction"": ""naa ko""}]"
364,ndidiaye mor bb maréme la wakh wala ma dégoul,ndidiaye mor bb maree la wakh wala ma déggul,nijaay mor bb maréme la wax wala maa déggul,keep,https://www.youtube.com/watch?v=Myd-Gg4Mhck,"[{""token"": ""ndidiaye"", ""category"": ""informal_wolof"", ""selected_candidate"": ""ndidiaye"", ""final_correction"": ""nijaay""}, {""token"": ""mor"", ""category"": ""french_native"", ""selected_candidate"": ""mor"", ""final_correction"": ""mor""}, {""token"": ""bb"", ""category"": ""wolof_formal"", ""selected_candidate"": ""bb"", ""final_correction"": ""bb""}, {""token"": ""maréme"", ""category"": ""informal_wolof"", ""selected_candidate"": ""maréme"", ""final_correction"": ""maréme""}, {""token"": ""la"", ""category"": ""ambiguous_cognate"", ""selected_candidate"": ""la"", ""final_correction"": ""la""}, {""token"": ""wakh"", ""category"": ""french_native"", ""selected_candidate"": ""wakh"", ""final_correction"": ""wax""}, {""token"": ""wala"", ""category"": ""ambiguous_cognate"", ""selected_candidate"": ""wala"", ""final_correction"": ""wala""}, {""token"": ""ma"", ""category"": ""ambiguous_cognate"", ""selected_candidate"": ""maa"", ""final_correction"": ""maa""}, {""token"": ""dégoul"", ""category"": ""informal_wolof"", ""selected_candidate"": ""déggul"", ""final_correction"": ""déggul""}]"
365,wa mère bi daguene kofi bayi pour moumay metital wala,wa mère bi dangeen kofi bayi pour jumaay metital wala,wa mère bi dangeen ko fi bàyyi pour mu may mettital wala,keep,https://www.youtube.com/watch?v=Myd-Gg4Mhck,"[{""token"": ""wa"", ""category"": ""ambiguous_cognate"", ""selected_candidate"": ""wa"", ""final_correction"": ""wa""}, {""token"": ""mère"", ""category"": ""ambiguous_cognate"", ""selected_candidate"": ""mère"", ""final_correction"": ""mère""}, {""token"": ""bi"", ""category"": ""ambiguous_cognate"", ""selected_candidate"": ""bi"", ""final_correction"": ""bi""}, {""token"": ""daguene"", ""category"": ""informal_wolof"", ""selected_candidate"": ""dangeen"", ""final_correction"": ""dangeen""}, {""token"": ""kofi"", ""category"": ""ambiguous_cognate"", ""selected_candidate"": ""kofi"", ""final_correction"": ""ko fi""}, {""token"": ""bayi"", ""category"": ""wolof_formal"", ""selected_candidate"": ""bayi"", ""final_correction"": ""bàyyi""}, {""token"": ""pour"", ""category"": ""ambiguous_cognate"", ""selected_candidate"": ""pour"", ""final_correction"": ""pour""}, {""token"": ""moumay"", ""category"": ""informal_wolof"", ""selected_candidate"": ""jumaay"", ""final_correction"": ""mu may""}, {""token"": ""metital"", ""category"": ""wolof_formal"", ""selected_candidate"": ""metital"", ""final_correction"": ""mettital""}, {""token"": ""wala"", ""category"": ""ambiguous_cognate"", ""selected_candidate"": ""wala"", ""final_correction"": ""wala""}]"
368,khady thiam khamoul bopam,xaay caam xamul bopam,khady thiam xamul boppam,keep,https://www.youtube.com/watch?v=Myd-Gg4Mhck,"[{""token"": ""khady"", ""category"": ""informal_wolof"", ""selected_candidate"": ""khady"", ""final_correction"": ""khady""}, {""token"": ""thiam"", ""category"": ""french_substituted"", ""selected_candidate"": ""thiam"", ""final_correction"": ""thiam""}, {""token"": ""khamoul"", ""category"": ""informal_wolof"", ""selected_candidate"": ""xamul"", ""final_correction"": ""xamul""}, {""token"": ""bopam"", ""category"": ""wolof_formal"", ""selected_candidate"": ""boppam"", ""final_correction"": ""boppam""}]"
369,kham nga loutakh khaleyou djguen yi marichou nékhoulén dalén guina paré rek,xaam nga lutax xaléyi jigéen yi marché nékhoulén dilén gina pare rek,xam nga lu tax xalé yu jigéen yi marichou neexuleen da leen gëna pare rek,keep,https://www.youtube.com/watch?v=Myd-Gg4Mhck,"[{""token"": ""kham"", ""category"": ""informal_wolof"", ""selected_candidate"": ""xam"", ""final_correction"": ""xam""}, {""token"": ""nga"", ""category"": ""ambiguous_cognate"", ""selected_candidate"": ""nga"", ""final_correction"": ""nga""}, {""token"": ""loutakh"", ""category"": ""informal_wolof"", ""selected_candidate"": ""lutax"", ""final_correction"": ""lu tax""}, {""token"": ""khaleyou"", ""category"": ""informal_wolof"", ""selected_candidate"": ""xaléyi"", ""final_correction"": ""xalé yu""}, {""token"": ""djguen"", ""category"": ""informal_wolof"", ""selected_candidate"": ""jigéen"", ""final_correction"": ""jigéen""}, {""token"": ""yi"", ""category"": ""ambiguous_cognate"", ""selected_candidate"": ""yi"", ""final_correction"": ""yi""}, {""token"": ""marichou"", ""category"": ""informal_wolof"", ""selected_candidate"": ""marichou"", ""final_correction"": ""marichou""}, {""token"": ""nékhoulén"", ""category"": ""informal_wolof"", ""selected_candidate"": ""nékhoulén"", ""final_correction"": ""neexuleen""}, {""token"": ""dalén"", ""category"": ""informal_wolof"", ""selected_candidate"": ""dilén"", ""final_correction"": ""da leen""}, {""token"": ""guina"", ""category"": ""informal_wolof"", ""selected_candidate"": ""gina"", ""final_correction"": ""gëna""}, {""token"": ""paré"", ""category"": ""ambiguous_cognate"", ""selected_candidate"": ""pare"", ""final_correction"": ""pare""}, {""token"": ""rek"", ""category"": ""ambiguous_cognate"", ""selected_candidate"": ""rek"", ""final_correction"": ""rek""}]"
457,nidiaye mor neina bébé mareme wouy,nijaay mor nee na bébé maree wuy,nijaay mor nee na bébé mareme wuy,keep,https://www.youtube.com/watch?v=Myd-Gg4Mhck,"[{""token"": ""nidiaye"", ""category"": ""informal_wolof"", ""selected_candidate"": ""nijaay"", ""final_correction"": ""nijaay""}, {""token"": ""mor"", ""category"": ""french_native"", ""selected_candidate"": ""mor"", ""final_correction"": ""mor""}, {""token"": ""neina"", ""category"": ""informal_wolof"", ""selected_candidate"": ""nee na"", ""final_correction"": ""nee na""}, {""token"": ""bébé"", ""category"": ""french_native"", ""selected_candidate"": ""bébé"", ""final_correction"": ""bébé""}, {""token"": ""mareme"", ""category"": ""informal_wolof"", ""selected_candidate"": ""maree"", ""final_correction"": ""mareme""}, {""token"": ""wouy"", ""category"": ""informal_wolof"", ""selected_candidate"": ""wuy"", ""final_correction"": ""wuy""}]"
255,mbeuguel mo nekh cou d'accord lalalma,mbëggeel mo neex cou d'accord laalna,mbëggeel moo neex ku d'accord laalal ma,keep,https://www.youtube.com/watch?v=Myd-Gg4Mhck,"[{""token"": ""mbeuguel"", ""category"": ""informal_wolof"", ""selected_candidate"": ""mbëggeel"", ""final_correction"": ""mbëggeel""}, {""token"": ""mo"", ""category"": ""ambiguous_cognate"", ""selected_candidate"": ""mo"", ""final_correction"": ""moo""}, {""token"": ""nekh"", ""category"": ""informal_wolof"", ""selected_candidate"": ""neex"", ""final_correction"": ""neex""}, {""token"": ""cou"", ""category"": ""french_native"", ""selected_candidate"": ""cou"", ""final_correction"": ""ku""}, {""token"": ""d'accord"", ""category"": ""french_native"", ""selected_candidate"": ""d'accord"", ""final_correction"": ""d'accord""}, {""token"": ""lalalma"", ""category"": ""informal_wolof"", ""selected_candidate"": ""laalna"", ""final_correction"": ""laalal ma""}]"
258,khady thiam yangi exagérer vrema nekko si deug bene yoon mareme sa badiene la avant goro donc ua wara baalou akh rk lep diaraat yoon nga goor goor lou 06,xaay caam yangi exagérer neemaa nekko si dëgg bene yoon mareem sa bàjjen la avant goro kon ua wara baalu ax r lep jaayaat yoon nga goor goor lou __protected_0__,khady thiam yaa ngi exagérer vraiment nekko ci dëgg bene yoon mareme sa bàjjen la avant goro donc nga wara baalu àq rek lépp jaarat yoon nga goor goor lu __protected_0__,keep,https://www.youtube.com/watch?v=Myd-Gg4Mhck,"[{""token"": ""khady"", ""category"": ""informal_wolof"", ""selected_candidate"": ""khady"", ""final_correction"": ""khady""}, {""token"": ""thiam"", ""category"": ""french_substituted"", ""selected_candidate"": ""thiam"", ""final_correction"": ""thiam""}, {""token"": ""yangi"", ""category"": ""wolof_formal"", ""selected_candidate"": ""yaangi"", ""final_correction"": ""yaa ngi""}, {""token"": ""exagérer"", ""category"": ""french_native"", ""selected_candidate"": ""exagérer"", ""final_correction"": ""exagérer""}, {""token"": ""vrema"", ""category"": ""informal_wolof"", ""selected_candidate"": ""neemaa"", ""final_correction"": ""vraiment""}, {""token"": ""nekko"", ""category"": ""wolof_formal"", ""selected_candidate"": ""nekko"", ""final_correction"": ""nekko""}, {""token"": ""si"", ""category"": ""ambiguous_cognate"", ""selected_candidate"": ""si"", ""final_correction"": ""ci""}, {""token"": ""deug"", ""category"": ""informal_wolof"", ""selected_candidate"": ""dëgg"", ""final_correction"": ""dëgg""}, {""token"": ""bene"", ""category"": ""ambiguous_cognate"", ""selected_candidate"": ""bene"", ""final_correction"": ""bene""}, {""token"": ""yoon"", ""category"": ""ambiguous_cognate"", ""selected_candidate"": ""yoon"", ""final_correction"": ""yoon""}, {""token"": ""mareme"", ""category"": ""informal_wolof"", ""selected_candidate"": ""mareme"", ""final_correction"": ""mareme""}, {""token"": ""sa"", ""category"": ""ambiguous_cognate"", ""selected_candidate"": ""sa"", ""final_correction"": ""sa""}, {""token"": ""badiene"", ""category"": ""informal_wolof"", ""selected_candidate"": ""bàjjen"", ""final_correction"": ""bàjjen""}, {""token"": ""la"", ""category"": ""ambiguous_cognate"", ""selected_candidate"": ""la"", ""final_correction"": ""la""}, {""token"": ""avant"", ""category"": ""ambiguous_cognate"", ""selected_candidate"": ""avant"", ""final_correction"": ""avant""}, {""token"": ""goro"", ""category"": ""ambiguous_cognate"", ""selected_candidate"": ""goro"", ""final_correction"": ""goro""}, {""token"": ""donc"", ""category"": ""french_substituted"", ""selected_candidate"": ""donc"", ""final_correction"": ""donc""}, {""token"": ""ua"", ""category"": ""ambiguous_cognate"", ""selected_candidate"": ""ua"", ""final_correction"": ""nga""}, {""token"": ""wara"", ""category"": ""wolof_formal"", ""selected_candidate"": ""wara"", ""final_correction"": ""wara""}, {""token"": ""baalou"", ""category"": ""informal_wolof"", ""selected_candidate"": ""baalu"", ""final_correction"": ""baalu""}, {""token"": ""akh"", ""category"": ""informal_wolof"", ""selected_candidate"": ""àq"", ""final_correction"": ""àq""}, {""token"": ""rk"", ""category"": ""informal_wolof"", ""selected_candidate"": ""r"", ""final_correction"": ""rek""}, {""token"": ""lep"", ""category"": ""wolof_formal"", ""selected_candidate"": ""lép"", ""final_correction"": ""lépp""}, {""token"": ""diaraat"", ""category"": ""informal_wolof"", ""selected_candidate"": ""jaayaat"", ""final_correction"": ""jaarat""}, {""token"": ""yoon"", ""category"": ""ambiguous_cognate"", ""selected_candidate"": ""yoon"", ""final_correction"": ""yoon""}, {""token"": ""nga"", ""category"": ""ambiguous_cognate"", ""selected_candidate"": ""nga"", ""final_correction"": ""nga""}, {""token"": ""goor"", ""category"": ""wolof_formal"", ""selected_candidate"": ""goor"", ""final_correction"": ""goor""}, {""token"": ""goor"", ""category"": ""wolof_formal"", ""selected_candidate"": ""goor"", ""final_correction"": ""goor""}, {""token"": ""lou"", ""category"": ""wolof_formal"", ""selected_candidate"": ""lu"", ""final_correction"": ""lu""}, {""token"": ""__protected_0__"", ""category"": ""informal_wolof"", ""selected_candidate"": ""__protected_0__"", ""final_correction"": ""__protected_0__""}]"
259,khady thiam elle en demande trop comment tu veut séparer l’unique enfant de sa mère problème amna wakhtanelenko déjà marieme kholou yaye mo wakh mais bonoul dafa dioum rek dafa diar apparemment,xaay caam elle en demande trop nan tu veut séparer l unique enfant de sa mère jafe-jafe amna wakhtanelenko déjà marieme xoolu yaye mo wakh mais bonul dafa juum rek dafa jaar apparemment,khady thiam elle en demande trop comment tu veut séparer l unique enfant de sa mère problème am na waxtaan lene ko déjà marieme xolu yaye moo wax mais bonul dafa juum rek dafa jar apparemment,keep,https://www.youtube.com/watch?v=Myd-Gg4Mhck,"[{""token"": ""khady"", ""category"": ""informal_wolof"", ""selected_candidate"": ""khady"", ""final_correction"": ""khady""}, {""token"": ""thiam"", ""category"": ""french_substituted"", ""selected_candidate"": ""thiam"", ""final_correction"": ""thiam""}, {""token"": ""elle"", ""category"": ""ambiguous_cognate"", ""selected_candidate"": ""elle"", ""final_correction"": ""elle""}, {""token"": ""en"", ""category"": ""ambiguous_cognate"", ""selected_candidate"": ""en"", ""final_correction"": ""en""}, {""token"": ""demande"", ""category"": ""ambiguous_cognate"", ""selected_candidate"": ""demande"", ""final_correction"": ""demande""}, {""token"": ""trop"", ""category"": ""french_native"", ""selected_candidate"": ""trop"", ""final_correction"": ""trop""}, {""token"": ""comment"", ""category"": ""french_substituted"", ""selected_candidate"": ""comment"", ""final_correction"": ""comment""}, {""token"": ""tu"", ""category"": ""ambiguous_cognate"", ""selected_candidate"": ""tu"", ""final_correction"": ""tu""}, {""token"": ""veut"", ""category"": ""french_native"", ""selected_candidate"": ""veut"", ""final_correction"": ""veut""}, {""token"": ""séparer"", ""category"": ""french_native"", ""selected_candidate"": ""séparer"", ""final_correction"": ""séparer""}, {""token"": ""l"", ""category"": ""ambiguous_cognate"", ""selected_candidate"": ""l"", ""final_correction"": ""l""}, {""token"": ""unique"", ""category"": ""french_native"", ""selected_candidate"": ""unique"", ""final_correction"": ""unique""}, {""token"": ""enfant"", ""category"": ""french_native"", ""selected_candidate"": ""enfant"", ""final_correction"": ""enfant""}, {""token"": ""de"", ""category"": ""ambiguous_cognate"", ""selected_candidate"": ""de"", ""final_correction"": ""de""}, {""token"": ""sa"", ""category"": ""ambiguous_cognate"", ""selected_candidate"": ""sa"", ""final_correction"": ""sa""}, {""token"": ""mère"", ""category"": ""ambiguous_cognate"", ""selected_candidate"": ""mère"", ""final_correction"": ""mère""}, {""token"": ""problème"", ""category"": ""french_substituted"", ""selected_candidate"": ""problème"", ""final_correction"": ""problème""}, {""token"": ""amna"", ""category"": ""wolof_formal"", ""selected_candidate"": ""amna"", ""final_correction"": ""am na""}, {""token"": ""wakhtanelenko"", ""category"": ""informal_wolof"", ""selected_candidate"": ""wakhtanelenko"", ""final_correction"": ""waxtaan lene ko""}, {""token"": ""déjà"", ""category"": ""french_native"", ""selected_candidate"": ""déjà"", ""final_correction"": ""déjà""}, {""token"": ""marieme"", ""category"": ""french_native"", ""selected_candidate"": ""marieme"", ""final_correction"": ""marieme""}, {""token"": ""kholou"", ""category"": ""informal_wolof"", ""selected_candidate"": ""xolu"", ""final_correction"": ""xolu""}, {""token"": ""yaye"", ""category"": ""wolof_formal"", ""selected_candidate"": ""yaye"", ""final_correction"": ""yaye""}, {""token"": ""mo"", ""category"": ""ambiguous_cognate"", ""selected_candidate"": ""mo"", ""final_correction"": ""moo""}, {""token"": ""wakh"", ""category"": ""french_native"", ""selected_candidate"": ""wakh"", ""final_correction"": ""wax""}, {""token"": ""mais"", ""category"": ""ambiguous_cognate"", ""selected_candidate"": ""mais"", ""final_correction"": ""mais""}, {""token"": ""bonoul"", ""category"": ""informal_wolof"", ""selected_candidate"": ""bonul"", ""final_correction"": ""bonul""}, {""token"": ""dafa"", ""category"": ""ambiguous_cognate"", ""selected_candidate"": ""dafa"", ""final_correction"": ""dafa""}, {""token"": ""dioum"", ""category"": ""informal_wolof"", ""selected_candidate"": ""juum"", ""final_correction"": ""juum""}, {""token"": ""rek"", ""category"": ""ambiguous_cognate"", ""selected_candidate"": ""rek"", ""final_correction"": ""rek""}, {""token"": ""dafa"", ""category"": ""ambiguous_cognate"", ""selected_candidate"": ""dafa"", ""final_correction"": ""dafa""}, {""token"": ""diar"", ""category"": ""informal_wolof"", ""selected_candidate"": ""jaar"", ""final_correction"": ""jar""}, {""token"": ""apparemment"", ""category"": ""french_native"", ""selected_candidate"": ""apparemment"", ""final_correction"": ""apparemment""}]"
261,série sénégal yi ngay guiss kou am diom si début bi ak fouleu moudjer gnakeu diome ndakh djiguene domou bb maréme bi tmt legui dagnouko yilif sim,série sénégal yi ngay guiss ku am jum si début bi ak fuléet mujjee ñakku diome ndax djiguene doomu bb maree bi tt legui dañuko yilif sim,série sénégal yi ngay gis ku am jom ci début bi ak fulla mujje ñàkk jom ndax jigéen doomu bb maréme bi tamit léegi dañu ko yilif sim,keep,https://www.youtube.com/watch?v=Myd-Gg4Mhck,"[{""token"": ""série"", ""category"": ""ambiguous_cognate"", ""selected_candidate"": ""série"", ""final_correction"": ""série""}, {""token"": ""sénégal"", ""category"": ""ambiguous_cognate"", ""selected_candidate"": ""sénégal"", ""final_correction"": ""sénégal""}, {""token"": ""yi"", ""category"": ""ambiguous_cognate"", ""selected_candidate"": ""yi"", ""final_correction"": ""yi""}, {""token"": ""ngay"", ""category"": ""ambiguous_cognate"", ""selected_candidate"": ""ngay"", ""final_correction"": ""ngay""}, {""token"": ""guiss"", ""category"": ""ambiguous_cognate"", ""selected_candidate"": ""guiss"", ""final_correction"": ""gis""}, {""token"": ""kou"", ""category"": ""informal_wolof"", ""selected_candidate"": ""ku"", ""final_correction"": ""ku""}, {""token"": ""am"", ""category"": ""ambiguous_cognate"", ""selected_candidate"": ""am"", ""final_correction"": ""am""}, {""token"": ""diom"", ""category"": ""informal_wolof"", ""selected_candidate"": ""jum"", ""final_correction"": ""jom""}, {""token"": ""si"", ""category"": ""ambiguous_cognate"", ""selected_candidate"": ""si"", ""final_correction"": ""ci""}, {""token"": ""début"", ""category"": ""french_native"", ""selected_candidate"": ""début"", ""final_correction"": ""début""}, {""token"": ""bi"", ""category"": ""ambiguous_cognate"", ""selected_candidate"": ""bi"", ""final_correction"": ""bi""}, {""token"": ""ak"", ""category"": ""ambiguous_cognate"", ""selected_candidate"": ""ak"", ""final_correction"": ""ak""}, {""token"": ""fouleu"", ""category"": ""informal_wolof"", ""selected_candidate"": ""fuléet"", ""final_correction"": ""fulla""}, {""token"": ""moudjer"", ""category"": ""informal_wolof"", ""selected_candidate"": ""mujjee"", ""final_correction"": ""mujje""}, {""token"": ""gnakeu"", ""category"": ""informal_wolof"", ""selected_candidate"": ""ñàkk"", ""final_correction"": ""ñàkk""}, {""token"": ""diome"", ""category"": ""french_native"", ""selected_candidate"": ""diome"", ""final_correction"": ""jom""}, {""token"": ""ndakh"", ""category"": ""informal_wolof"", ""selected_candidate"": ""ndax"", ""final_correction"": ""ndax""}, {""token"": ""djiguene"", ""category"": ""french_native"", ""selected_candidate"": ""djiguene"", ""final_correction"": ""jigéen""}, {""token"": ""domou"", ""category"": ""informal_wolof"", ""selected_candidate"": ""doomu"", ""final_correction"": ""doomu""}, {""token"": ""bb"", ""category"": ""wolof_formal"", ""selected_candidate"": ""bb"", ""final_correction"": ""bb""}, {""token"": ""maréme"", ""category"": ""informal_wolof"", ""selected_candidate"": ""maree"", ""final_correction"": ""maréme""}, {""token"": ""bi"", ""category"": ""ambiguous_cognate"", ""selected_candidate"": ""bi"", ""final_correction"": ""bi""}, {""token"": ""tmt"", ""category"": ""informal_wolof"", ""selected_candidate"": ""tt"", ""final_correction"": ""tamit""}, {""token"": ""legui"", ""category"": ""wolof_formal"", ""selected_candidate"": ""legui"", ""final_correction"": ""léegi""}, {""token"": ""dagnouko"", ""category"": ""informal_wolof"", ""selected_candidate"": ""dañuko"", ""final_correction"": ""dañu ko""}, {""token"": ""yilif"", ""category"": ""wolof_formal"", ""selected_candidate"": ""yilif"", ""final_correction"": ""yilif""}, {""token"": ""sim"", ""category"": ""wolof_formal"", ""selected_candidate"": ""sim"", ""final_correction"": ""sim""}]"
265,mama oumy mo sof kou d’ accord rèk lala j,mama um mo sof ku d'accord rek lala j,mama oumy moo soof ku d'accord rek laal j,keep,https://www.youtube.com/watch?v=Myd-Gg4Mhck,"[{""token"": ""mama"", ""category"": ""ambiguous_cognate"", ""selected_candidate"": ""mama"", ""final_correction"": ""mama""}, {""token"": ""oumy"", ""category"": ""informal_wolof"", ""selected_candidate"": ""oumy"", ""final_correction"": ""oumy""}, {""token"": ""mo"", ""category"": ""ambiguous_cognate"", ""selected_candidate"": ""mo"", ""final_correction"": ""moo""}, {""token"": ""sof"", ""category"": ""wolof_formal"", ""selected_candidate"": ""soof"", ""final_correction"": ""soof""}, {""token"": ""kou"", ""category"": ""informal_wolof"", ""selected_candidate"": ""ku"", ""final_correction"": ""ku""},  {""token"": ""d'accord"", ""category"": ""ambiguous_cognate"", ""selected_candidate"": ""d'accord"", ""final_correction"": ""d'accord""}, {""token"": ""rèk"", ""category"": ""informal_wolof"", ""selected_candidate"": ""rek"", ""final_correction"": ""rek""}, {""token"": ""lala"", ""category"": ""ambiguous_cognate"", ""selected_candidate"": ""laal"", ""final_correction"": ""laal""}, {""token"": ""j"", ""category"": ""ambiguous_cognate"", ""selected_candidate"": ""j"", ""final_correction"": ""j""}]"
268,khalika moy djiguénou diam ak salam yoyou bilahi daniou laye topato bangay mire,saalika moy djiguen diam ak salam yoyu bilahi duniu laye toppato baanay mire,khalika mooy jigéenu jàmm ak salam yooyu bilahi dañu laye toppatoo ba ngay miir,keep,https://www.youtube.com/watch?v=Myd-Gg4Mhck,"[{""token"": ""khalika"", ""category"": ""informal_wolof"", ""selected_candidate"": ""khalika"", ""final_correction"": ""khalika""}, {""token"": ""moy"", ""category"": ""wolof_formal"", ""selected_candidate"": ""mooy"", ""final_correction"": ""mooy""}, {""token"": ""djiguénou"", ""category"": ""informal_wolof"", ""selected_candidate"": ""djiguen"", ""final_correction"": ""jigéenu""}, {""token"": ""diam"", ""category"": ""ambiguous_cognate"", ""selected_candidate"": ""jàam"", ""final_correction"": ""jàmm""}, {""token"": ""ak"", ""category"": ""ambiguous_cognate"", ""selected_candidate"": ""ak"", ""final_correction"": ""ak""}, {""token"": ""salam"", ""category"": ""ambiguous_cognate"", ""selected_candidate"": ""salam"", ""final_correction"": ""salam""}, {""token"": ""yoyou"", ""category"": ""informal_wolof"", ""selected_candidate"": ""yooyu"", ""final_correction"": ""yooyu""}, {""token"": ""bilahi"", ""category"": ""informal_wolof"", ""selected_candidate"": ""bilahi"", ""final_correction"": ""bilahi""}, {""token"": ""daniou"", ""category"": ""informal_wolof"", ""selected_candidate"": ""duniu"", ""final_correction"": ""dañu""}, {""token"": ""laye"", ""category"": ""ambiguous_cognate"", ""selected_candidate"": ""laye"", ""final_correction"": ""laye""}, {""token"": ""topato"", ""category"": ""informal_wolof"", ""selected_candidate"": ""toppato"", ""final_correction"": ""toppatoo""}, {""token"": ""bangay"", ""category"": ""informal_wolof"", ""selected_candidate"": ""bangay"", ""final_correction"": ""ba ngay""}, {""token"": ""mire"", ""category"": ""french_native"", ""selected_candidate"": ""mire"", ""final_correction"": ""miir""}]"
271,khady thiam mi sofna deh ishh…,xaay caam mi safna dee ishq,khady thiam mi soof na de ishh,keep,https://www.youtube.com/watch?v=Myd-Gg4Mhck,"[{""token"": ""khady"", ""category"": ""informal_wolof"", ""selected_candidate"": ""khady"", ""final_correction"": ""khady""}, {""token"": ""thiam"", ""category"": ""french_substituted"", ""selected_candidate"": ""thiam"", ""final_correction"": ""thiam""}, {""token"": ""mi"", ""category"": ""ambiguous_cognate"", ""selected_candidate"": ""mi"", ""final_correction"": ""mi""}, {""token"": ""sofna"", ""category"": ""informal_wolof"", ""selected_candidate"": ""safna"", ""final_correction"": ""soof na""}, {""token"": ""deh"", ""category"": ""informal_wolof"", ""selected_candidate"": ""deh"", ""final_correction"": ""de""}, {""token"": ""ishh"", ""category"": ""informal_wolof"", ""selected_candidate"": ""ishh"", ""final_correction"": ""ishh""}]"
272,pourtant mareme thiam ya djiteul nidiaye mor tay niou djiteul sa dome nga mér voilà famme,pourtant mareem caam ya jiitël nijaay mor tay niou jiitël sa doom nga mer voilà fomme,pourtant mareme thiam ya jiital nijaay mor tay ñu jiital sa doom nga mer voilà femme,keep,https://www.youtube.com/watch?v=Myd-Gg4Mhck,"[{""token"": ""pourtant"", ""category"": ""french_native"", ""selected_candidate"": ""pourtant"", ""final_correction"": ""pourtant""}, {""token"": ""mareme"", ""category"": ""informal_wolof"", ""selected_candidate"": ""mareme"", ""final_correction"": ""mareme""}, {""token"": ""thiam"", ""category"": ""french_substituted"", ""selected_candidate"": ""thiam"", ""final_correction"": ""thiam""}, {""token"": ""ya"", ""category"": ""ambiguous_cognate"", ""selected_candidate"": ""ya"", ""final_correction"": ""ya""}, {""token"": ""djiteul"", ""category"": ""informal_wolof"", ""selected_candidate"": ""jiitël"", ""final_correction"": ""jiital""}, {""token"": ""nidiaye"", ""category"": ""informal_wolof"", ""selected_candidate"": ""nijaay"", ""final_correction"": ""nijaay""}, {""token"": ""mor"", ""category"": ""french_native"", ""selected_candidate"": ""mor"", ""final_correction"": ""mor""}, {""token"": ""tay"", ""category"": ""ambiguous_cognate"", ""selected_candidate"": ""tay"", ""final_correction"": ""tay""}, {""token"": ""niou"", ""category"": ""ambiguous_cognate"", ""selected_candidate"": ""niou"", ""final_correction"": ""ñu""}, {""token"": ""djiteul"", ""category"": ""informal_wolof"", ""selected_candidate"": ""jiitël"", ""final_correction"": ""jiital""}, {""token"": ""sa"", ""category"": ""ambiguous_cognate"", ""selected_candidate"": ""sa"", ""final_correction"": ""sa""}, {""token"": ""dome"", ""category"": ""informal_wolof"", ""selected_candidate"": ""doom"", ""final_correction"": ""doom""}, {""token"": ""nga"", ""category"": ""ambiguous_cognate"", ""selected_candidate"": ""nga"", ""final_correction"": ""nga""}, {""token"": ""mér"", ""category"": ""informal_wolof"", ""selected_candidate"": ""mer"", ""final_correction"": ""mer""}, {""token"": ""voilà"", ""category"": ""french_native"", ""selected_candidate"": ""voilà"", ""final_correction"": ""voilà""}, {""token"": ""famme"", ""category"": ""informal_wolof"", ""selected_candidate"": ""fomme"", ""final_correction"": ""femme""}]"
282,genou goro yi maman oumy souma ko.amone damakoye raye mou de bilahi,genou goro yi maman um suma ko amone damakoye raye mou de bilahi,genrou goro yi maman oumy su ma ko amoon dama key rey mu dee bilahi,keep,https://www.youtube.com/watch?v=Myd-Gg4Mhck,"[{""token"": ""genou"", ""category"": ""french_native"", ""selected_candidate"": ""genou"", ""final_correction"": ""genrou""}, {""token"": ""goro"", ""category"": ""ambiguous_cognate"", ""selected_candidate"": ""goro"", ""final_correction"": ""goro""}, {""token"": ""yi"", ""category"": ""ambiguous_cognate"", ""selected_candidate"": ""yi"", ""final_correction"": ""yi""}, {""token"": ""maman"", ""category"": ""french_native"", ""selected_candidate"": ""maman"", ""final_correction"": ""maman""}, {""token"": ""oumy"", ""category"": ""informal_wolof"", ""selected_candidate"": ""oumy"", ""final_correction"": ""oumy""}, {""token"": ""souma"", ""category"": ""informal_wolof"", ""selected_candidate"": ""suma"", ""final_correction"": ""su ma""}, {""token"": ""ko"", ""category"": ""ambiguous_cognate"", ""selected_candidate"": ""ko"", ""final_correction"": ""ko""}, {""token"": ""amone"", ""category"": ""wolof_formal"", ""selected_candidate"": ""amoon"", ""final_correction"": ""amoon""}, {""token"": ""damakoye"", ""category"": ""informal_wolof"", ""selected_candidate"": ""damakoye"", ""final_correction"": ""dama key""}, {""token"": ""raye"", ""category"": ""ambiguous_cognate"", ""selected_candidate"": ""raye"", ""final_correction"": ""rey""}, {""token"": ""mou"", ""category"": ""ambiguous_cognate"", ""selected_candidate"": ""mu"", ""final_correction"": ""mu""}, {""token"": ""de"", ""category"": ""ambiguous_cognate"", ""selected_candidate"": ""de"", ""final_correction"": ""dee""}, {""token"": ""bilahi"", ""category"": ""informal_wolof"", ""selected_candidate"": ""bilahi"", ""final_correction"": ""bilahi""}]"
284,tidiane migui commencer gniak fayda nak,tiijaan magui commencer ñiak fayda nak,tidiane mi ngi commencer ñàkk fayda nak,keep,https://www.youtube.com/watch?v=Myd-Gg4Mhck,"[{""token"": ""tidiane"", ""category"": ""french_substituted"", ""selected_candidate"": ""tidiane"", ""final_correction"": ""tidiane""}, {""token"": ""migui"", ""category"": ""informal_wolof"", ""selected_candidate"": ""mingui"", ""final_correction"": ""mi ngi""}, {""token"": ""commencer"", ""category"": ""french_native"", ""selected_candidate"": ""commencer"", ""final_correction"": ""commencer""}, {""token"": ""gniak"", ""category"": ""informal_wolof"", ""selected_candidate"": ""ñiak"", ""final_correction"": ""ñàkk""}, {""token"": ""fayda"", ""category"": ""wolof_formal"", ""selected_candidate"": ""fayda"", ""final_correction"": ""fayda""}, {""token"": ""nak"", ""category"": ""ambiguous_cognate"", ""selected_candidate"": ""nak"", ""final_correction"": ""nak""}]"
293,"wah mére bi kagne la teudj gatam gui , marodi deff lén ko mou paralysé guir yallah",wàq mere bi kaañ la ténji gëtam gui saroja deff léñ ko mou paralysé gui yallah,wa mére bi kañ lay téj gatam gui marodi def leen ko mu paralysé ngir yallah,keep,https://www.youtube.com/watch?v=Myd-Gg4Mhck,"[{""token"": ""wah"", ""category"": ""informal_wolof"", ""selected_candidate"": ""wàq"", ""final_correction"": ""wa""}, {""token"": ""mére"", ""category"": ""informal_wolof"", ""selected_candidate"": ""mére"", ""final_correction"": ""mére""}, {""token"": ""bi"", ""category"": ""ambiguous_cognate"", ""selected_candidate"": ""bi"", ""final_correction"": ""bi""}, {""token"": ""kagne"", ""category"": ""informal_wolof"", ""selected_candidate"": ""kañ"", ""final_correction"": ""kañ""}, {""token"": ""la"", ""category"": ""ambiguous_cognate"", ""selected_candidate"": ""la"", ""final_correction"": ""lay""}, {""token"": ""teudj"", ""category"": ""informal_wolof"", ""selected_candidate"": ""tëj"", ""final_correction"": ""téj""}, {""token"": ""gatam"", ""category"": ""informal_wolof"", ""selected_candidate"": ""gatam"", ""final_correction"": ""gatam""}, {""token"": ""gui"", ""category"": ""ambiguous_cognate"", ""selected_candidate"": ""gui"", ""final_correction"": ""gui""}, {""token"": ""marodi"", ""category"": ""informal_wolof"", ""selected_candidate"": ""marodi"", ""final_correction"": ""marodi""}, {""token"": ""deff"", ""category"": ""ambiguous_cognate"", ""selected_candidate"": ""deff"", ""final_correction"": ""def""}, {""token"": ""lén"", ""category"": ""informal_wolof"", ""selected_candidate"": ""lén"", ""final_correction"": ""leen""}, {""token"": ""ko"", ""category"": ""ambiguous_cognate"", ""selected_candidate"": ""ko"", ""final_correction"": ""ko""}, {""token"": ""mou"", ""category"": ""ambiguous_cognate"", ""selected_candidate"": ""mou"", ""final_correction"": ""mu""}, {""token"": ""paralysé"", ""category"": ""french_native"", ""selected_candidate"": ""paralysé"", ""final_correction"": ""paralysé""}, {""token"": ""guir"", ""category"": ""informal_wolof"", ""selected_candidate"": ""gui"", ""final_correction"": ""ngir""}, {""token"": ""yallah"", ""category"": ""wolof_formal"", ""selected_candidate"": ""yallah"", ""final_correction"": ""yallah""}]"
303,sokhna djalika djabar la. gnikoy khasse fiire dongue moléne djape.ne soyez pas égoïstes à la fin,soxna saalika jibar la jikooy chasse fiire doonee moolén jaayee ne soyez pas égoïstes à la jeexitalu,sokhna djalika jabar la ñi koy xas fiir dong moo leen jàpp ne soyez pas égoïstes à la fin,keep,https://www.youtube.com/watch?v=Myd-Gg4Mhck,"[{""token"": ""sokhna"", ""category"": ""french_substituted"", ""selected_candidate"": ""soxna"", ""final_correction"": ""sokhna""}, {""token"": ""djalika"", ""category"": ""informal_wolof"", ""selected_candidate"": ""djalika"", ""final_correction"": ""djalika""}, {""token"": ""djabar"", ""category"": ""informal_wolof"", ""selected_candidate"": ""jabar"", ""final_correction"": ""jabar""}, {""token"": ""la"", ""category"": ""ambiguous_cognate"", ""selected_candidate"": ""la"", ""final_correction"": ""la""}, {""token"": ""gnikoy"", ""category"": ""informal_wolof"", ""selected_candidate"": ""jikooy"", ""final_correction"": ""ñi koy""}, {""token"": ""khasse"", ""category"": ""informal_wolof"", ""selected_candidate"": ""khasse"", ""final_correction"": ""xas""}, {""token"": ""fiire"", ""category"": ""wolof_formal"", ""selected_candidate"": ""fiire"", ""final_correction"": ""fiir""}, {""token"": ""dongue"", ""category"": ""informal_wolof"", ""selected_candidate"": ""doonee"", ""final_correction"": ""dong""}, {""token"": ""moléne"", ""category"": ""informal_wolof"", ""selected_candidate"": ""moolén"", ""final_correction"": ""moo leen""}, {""token"": ""djape"", ""category"": ""informal_wolof"", ""selected_candidate"": ""jaayee"", ""final_correction"": ""jàpp""}, {""token"": ""ne"", ""category"": ""ambiguous_cognate"", ""selected_candidate"": ""ne"", ""final_correction"": ""ne""}, {""token"": ""soyez"", ""category"": ""french_native"", ""selected_candidate"": ""soyez"", ""final_correction"": ""soyez""}, {""token"": ""pas"", ""category"": ""ambiguous_cognate"", ""selected_candidate"": ""pas"", ""final_correction"": ""pas""}, {""token"": ""égoïstes"", ""category"": ""french_native"", ""selected_candidate"": ""égoïstes"", ""final_correction"": ""égoïstes""}, {""token"": ""à"", ""category"": ""ambiguous_cognate"", ""selected_candidate"": ""à"", ""final_correction"": ""à""}, {""token"": ""la"", ""category"": ""ambiguous_cognate"", ""selected_candidate"": ""la"", ""final_correction"": ""la""}, {""token"": ""fin"", ""category"": ""french_substituted"", ""selected_candidate"": ""fin"", ""final_correction"": ""fin""}]"
305,khali yaw mom baby mounèla ne m'appelee pas baby ngay kotinè ay mo romantiques do nopi khamna di ngène wakhe barina wah mai deuk la wah,xaali yaw mom baby zoungla ne m'appelee pas baby ngay kontine ay mo romantiques do nopi xamna di ngen waxee barina wàq mai deuk la wàq,khali yow mom baby mu ne la ne m'appelle pas baby ngay continuer ay mots romantiques do noppi xam na di ngeen wax bari naa wax mais dëgg la wax,keep,https://www.youtube.com/watch?v=Myd-Gg4Mhck,"[{""token"": ""khali"", ""category"": ""informal_wolof"", ""selected_candidate"": ""khalil"", ""final_correction"": ""khali""}, {""token"": ""yaw"", ""category"": ""ambiguous_cognate"", ""selected_candidate"": ""yaw"", ""final_correction"": ""yow""}, {""token"": ""mom"", ""category"": ""wolof_formal"", ""selected_candidate"": ""mom"", ""final_correction"": ""mom""}, {""token"": ""baby"", ""category"": ""ambiguous_cognate"", ""selected_candidate"": ""baby"", ""final_correction"": ""baby""}, {""token"": ""mounèla"", ""category"": ""informal_wolof"", ""selected_candidate"": ""zoungla"", ""final_correction"": ""mu ne la""}, {""token"": ""ne"", ""category"": ""ambiguous_cognate"", ""selected_candidate"": ""ne"", ""final_correction"": ""ne""}, {""token"": ""m'appelee"", ""category"": ""informal_wolof"", ""selected_candidate"": ""m'appelee"", ""final_correction"": ""m'appelle""}, {""token"": ""pas"", ""category"": ""ambiguous_cognate"", ""selected_candidate"": ""pas"", ""final_correction"": ""pas""}, {""token"": ""baby"", ""category"": ""ambiguous_cognate"", ""selected_candidate"": ""baby"", ""final_correction"": ""baby""}, {""token"": ""ngay"", ""category"": ""ambiguous_cognate"", ""selected_candidate"": ""ngay"", ""final_correction"": ""ngay""}, {""token"": ""kotinè"", ""category"": ""informal_wolof"", ""selected_candidate"": ""kotinè"", ""final_correction"": ""continuer""}, {""token"": ""ay"", ""category"": ""ambiguous_cognate"", ""selected_candidate"": ""ay"", ""final_correction"": ""ay""}, {""token"": ""mo"", ""category"": ""ambiguous_cognate"", ""selected_candidate"": ""mo"", ""final_correction"": ""mots""}, {""token"": ""romantiques"", ""category"": ""french_native"", ""selected_candidate"": ""romantiques"", ""final_correction"": ""romantiques""}, {""token"": ""do"", ""category"": ""ambiguous_cognate"", ""selected_candidate"": ""do"", ""final_correction"": ""do""}, {""token"": ""nopi"", ""category"": ""wolof_formal"", ""selected_candidate"": ""nopi"", ""final_correction"": ""noppi""}, {""token"": ""khamna"", ""category"": ""informal_wolof"", ""selected_candidate"": ""xamna"", ""final_correction"": ""xam na""}, {""token"": ""di"", ""category"": ""ambiguous_cognate"", ""selected_candidate"": ""di"", ""final_correction"": ""di""}, {""token"": ""ngène"", ""category"": ""informal_wolof"", ""selected_candidate"": ""ngen"", ""final_correction"": ""ngeen""}, {""token"": ""wakhe"", ""category"": ""informal_wolof"", ""selected_candidate"": ""waxee"", ""final_correction"": ""wax""}, {""token"": ""barina"", ""category"": ""wolof_formal"", ""selected_candidate"": ""barina"", ""final_correction"": ""bari naa""}, {""token"": ""wah"", ""category"": ""informal_wolof"", ""selected_candidate"": ""wàq"", ""final_correction"": ""wax""}, {""token"": ""mai"", ""category"": ""ambiguous_cognate"", ""selected_candidate"": ""mai"", ""final_correction"": ""mais""}, {""token"": ""deuk"", ""category"": ""ambiguous_cognate"", ""selected_candidate"": ""deuk"", ""final_correction"": ""dëgg""}, {""token"": ""la"", ""category"": ""ambiguous_cognate"", ""selected_candidate"": ""la"", ""final_correction"": ""la""}, {""token"": ""wah"", ""category"": ""informal_wolof"", ""selected_candidate"": ""wàq"", ""final_correction"": ""wax""}]"
312,tidiane mii amoul bénne foulla bilahi,tiijaan mii amoul bénn fulla bilahi,tidiane mii amul benn fulla bilahi,keep,https://www.youtube.com/watch?v=Myd-Gg4Mhck,"[{""token"": ""tidiane"", ""category"": ""french_substituted"", ""selected_candidate"": ""tidiane"", ""final_correction"": ""tidiane""}, {""token"": ""mii"", ""category"": ""wolof_formal"", ""selected_candidate"": ""mii"", ""final_correction"": ""mii""}, {""token"": ""amoul"", ""category"": ""ambiguous_cognate"", ""selected_candidate"": ""amoul"", ""final_correction"": ""amul""}, {""token"": ""bénne"", ""category"": ""informal_wolof"", ""selected_candidate"": ""bénn"", ""final_correction"": ""benn""}, {""token"": ""foulla"", ""category"": ""informal_wolof"", ""selected_candidate"": ""fulla"", ""final_correction"": ""fulla""}, {""token"": ""bilahi"", ""category"": ""informal_wolof"", ""selected_candidate"": ""bilahi"", ""final_correction"": ""bilahi""}]"
322,bilahi khady thiame dafa rew tidiane mom. amoul foula,bilahi xaay thiaabi dafa rew tiijaan mom amoul foula,bilahi khady thiame dafa reew tidiane mom amul fulla,keep,https://www.youtube.com/watch?v=Myd-Gg4Mhck,"[{""token"": ""bilahi"", ""category"": ""informal_wolof"", ""selected_candidate"": ""bilahi"", ""final_correction"": ""bilahi""}, {""token"": ""khady"", ""category"": ""informal_wolof"", ""selected_candidate"": ""khady"", ""final_correction"": ""khady""}, {""token"": ""thiame"", ""category"": ""informal_wolof"", ""selected_candidate"": ""thiame"", ""final_correction"": ""thiame""}, {""token"": ""dafa"", ""category"": ""ambiguous_cognate"", ""selected_candidate"": ""dafa"", ""final_correction"": ""dafa""}, {""token"": ""rew"", ""category"": ""wolof_formal"", ""selected_candidate"": ""réw"", ""final_correction"": ""reew""}, {""token"": ""tidiane"", ""category"": ""french_substituted"", ""selected_candidate"": ""tidiane"", ""final_correction"": ""tidiane""}, {""token"": ""mom"", ""category"": ""wolof_formal"", ""selected_candidate"": ""mom"", ""final_correction"": ""mom""}, {""token"": ""amoul"", ""category"": ""ambiguous_cognate"", ""selected_candidate"": ""amoul"", ""final_correction"": ""amul""}, {""token"": ""foula"", ""category"": ""french_native"", ""selected_candidate"": ""foula"", ""final_correction"": ""fulla""}]"
336,lii dhé la wakhno vraiment maman oumy barina wax,lii dée la waxna vraiment maman um barina wax,lii de la waxon vraiment maman oumy bari na wax,keep,https://www.youtube.com/watch?v=Myd-Gg4Mhck,"[{""token"": ""lii"", ""category"": ""ambiguous_cognate"", ""selected_candidate"": ""lii"", ""final_correction"": ""lii""}, {""token"": ""dhé"", ""category"": ""informal_wolof"", ""selected_candidate"": ""dé"", ""final_correction"": ""de""}, {""token"": ""la"", ""category"": ""ambiguous_cognate"", ""selected_candidate"": ""la"", ""final_correction"": ""la""}, {""token"": ""wakhno"", ""category"": ""informal_wolof"", ""selected_candidate"": ""waxna"", ""final_correction"": ""waxon""}, {""token"": ""vraiment"", ""category"": ""french_native"", ""selected_candidate"": ""vraiment"", ""final_correction"": ""vraiment""}, {""token"": ""maman"", ""category"": ""french_native"", ""selected_candidate"": ""maman"", ""final_correction"": ""maman""}, {""token"": ""oumy"", ""category"": ""informal_wolof"", ""selected_candidate"": ""oumy"", ""final_correction"": ""oumy""}, {""token"": ""barina"", ""category"": ""wolof_formal"", ""selected_candidate"": ""barina"", ""final_correction"": ""bari na""}, {""token"": ""wax"", ""category"": ""ambiguous_cognate"", ""selected_candidate"": ""wax"", ""final_correction"": ""wax""}]"
338,juboo ak say goro nekhna deh. bravo sokhna djalika.,juboo ak say goro neexna dee bravo soxna saalika,juboo ak say goro neex na de bravo sokhna djalika,keep,https://www.youtube.com/watch?v=Myd-Gg4Mhck,"[{""token"": ""juboo"", ""category"": ""wolof_formal"", ""selected_candidate"": ""juboo"", ""final_correction"": ""juboo""}, {""token"": ""ak"", ""category"": ""ambiguous_cognate"", ""selected_candidate"": ""ak"", ""final_correction"": ""ak""}, {""token"": ""say"", ""category"": ""ambiguous_cognate"", ""selected_candidate"": ""say"", ""final_correction"": ""say""}, {""token"": ""goro"", ""category"": ""ambiguous_cognate"", ""selected_candidate"": ""goro"", ""final_correction"": ""goro""}, {""token"": ""nekhna"", ""category"": ""informal_wolof"", ""selected_candidate"": ""neexna"", ""final_correction"": ""neex na""}, {""token"": ""deh"", ""category"": ""informal_wolof"", ""selected_candidate"": ""deh"", ""final_correction"": ""de""}, {""token"": ""bravo"", ""category"": ""ambiguous_cognate"", ""selected_candidate"": ""bravo"", ""final_correction"": ""bravo""}, {""token"": ""sokhna"", ""category"": ""french_substituted"", ""selected_candidate"": ""sokhna"", ""final_correction"": ""sokhna""}, {""token"": ""djalika"", ""category"": ""informal_wolof"", ""selected_candidate"": ""djalika"", ""final_correction"": ""djalika""}]"
343,mere bii sof nama,mere bii sof nama,mère bii soof na ma,keep,https://www.youtube.com/watch?v=Myd-Gg4Mhck,"[{""token"": ""mere"", ""category"": ""ambiguous_cognate"", ""selected_candidate"": ""mere"", ""final_correction"": ""mère""}, {""token"": ""bii"", ""category"": ""ambiguous_cognate"", ""selected_candidate"": ""bii"", ""final_correction"": ""bii""}, {""token"": ""sof"", ""category"": ""wolof_formal"", ""selected_candidate"": ""soof"", ""final_correction"": ""soof""}, {""token"": ""nama"", ""category"": ""ambiguous_cognate"", ""selected_candidate"": ""nama"", ""final_correction"": ""na ma""}]"
346,maman oumy mi féthe ba paré tok ni day dioy,maman um mi féte ba paré tok ni day juy,maman oumy mi fecc ba pare toog ne day jooy,keep,https://www.youtube.com/watch?v=Myd-Gg4Mhck,"[{""token"": ""maman"", ""category"": ""french_native"", ""selected_candidate"": ""maman"", ""final_correction"": ""maman""}, {""token"": ""oumy"", ""category"": ""informal_wolof"", ""selected_candidate"": ""oumy"", ""final_correction"": ""oumy""}, {""token"": ""mi"", ""category"": ""ambiguous_cognate"", ""selected_candidate"": ""mi"", ""final_correction"": ""mi""}, {""token"": ""féthe"", ""category"": ""informal_wolof"", ""selected_candidate"": ""fecce"", ""final_correction"": ""fecc""}, {""token"": ""ba"", ""category"": ""ambiguous_cognate"", ""selected_candidate"": ""ba"", ""final_correction"": ""ba""}, {""token"": ""paré"", ""category"": ""ambiguous_cognate"", ""selected_candidate"": ""pare"", ""final_correction"": ""pare""}, {""token"": ""tok"", ""category"": ""ambiguous_cognate"", ""selected_candidate"": ""tok"", ""final_correction"": ""toog""}, {""token"": ""ni"", ""category"": ""ambiguous_cognate"", ""selected_candidate"": ""ni"", ""final_correction"": ""ne""}, {""token"": ""day"", ""category"": ""ambiguous_cognate"", ""selected_candidate"": ""day"", ""final_correction"": ""day""}, {""token"": ""dioy"", ""category"": ""informal_wolof"", ""selected_candidate"": ""jooy"", ""final_correction"": ""jooy""}]"
355,maman oumy guis dognou maye diam sheuut akh sa model you gnaw,maman um guis dooñu maye diam sheuut ax sa model you gnaw,maman oumy gis doo ñu may jàmm séttétét ak sa model yu ñaaw,keep,https://www.youtube.com/watch?v=Myd-Gg4Mhck,"[{""token"": ""maman"", ""category"": ""french_native"", ""selected_candidate"": ""maman"", ""final_correction"": ""maman""}, {""token"": ""oumy"", ""category"": ""informal_wolof"", ""selected_candidate"": ""oumy"", ""final_correction"": ""oumy""}, {""token"": ""guis"", ""category"": ""french_native"", ""selected_candidate"": ""guis"", ""final_correction"": ""gis""}, {""token"": ""dognou"", ""category"": ""informal_wolof"", ""selected_candidate"": ""dooñu"", ""final_correction"": ""doo ñu""}, {""token"": ""maye"", ""category"": ""ambiguous_cognate"", ""selected_candidate"": ""maye"", ""final_correction"": ""may""}, {""token"": ""diam"", ""category"": ""ambiguous_cognate"", ""selected_candidate"": ""jàam"", ""final_correction"": ""jàmm""}, {""token"": ""sheuut"", ""category"": ""informal_wolof"", ""selected_candidate"": ""sheuut"", ""final_correction"": ""séttétét""}, {""token"": ""akh"", ""category"": ""informal_wolof"", ""selected_candidate"": ""ak"", ""final_correction"": ""ak""}, {""token"": ""sa"", ""category"": ""ambiguous_cognate"", ""selected_candidate"": ""sa"", ""final_correction"": ""sa""}, {""token"": ""model"", ""category"": ""ambiguous_cognate"", ""selected_candidate"": ""model"", ""final_correction"": ""model""}, {""token"": ""you"", ""category"": ""ambiguous_cognate"", ""selected_candidate"": ""you"", ""final_correction"": ""yu""}, {""token"": ""gnaw"", ""category"": ""wolof_formal"", ""selected_candidate"": ""ñaaw"", ""final_correction"": ""ñaaw""}]"
370,sama khôl bi métina si maman oumy,sama xol bi métina ci maman oumy,sama xol bi metti na si maman oumy,keep,https://www.youtube.com/watch?v=Myd-Gg4Mhck,"[{""token"": ""sama"", ""category"": ""ambiguous_cognate"", ""selected_candidate"": ""sama"", ""final_correction"": ""sama""}, {""token"": ""khôl"", ""category"": ""french_native"", ""selected_candidate"": ""xol"", ""final_correction"": ""xol""}, {""token"": ""bi"", ""category"": ""ambiguous_cognate"", ""selected_candidate"": ""bi"", ""final_correction"": ""bi""}, {""token"": ""métina"", ""category"": ""french_native"", ""selected_candidate"": ""métina"", ""final_correction"": ""metti na""}, {""token"": ""si"", ""category"": ""ambiguous_cognate"", ""selected_candidate"": ""ci"", ""final_correction"": ""si""}, {""token"": ""maman"", ""category"": ""french_native"", ""selected_candidate"": ""maman"", ""final_correction"": ""maman""}, {""token"": ""oumy"", ""category"": ""informal_wolof"", ""selected_candidate"": ""oumy"", ""final_correction"": ""oumy""}]"
379,"casting si maman oumy kane moko def, dinako porté plainte m ki sofna elle interprète mal son rôle qu'à même ?",casting ci maman oumy kane moko def di na ko porté plainte m ki soof na elle interprète metitu son rôle qu'à donte,casting si maman oumy kan moko def di naa ko porté plainte m ki soof na elle interprète mal son rôle quand même,keep,https://www.youtube.com/watch?v=Myd-Gg4Mhck,"[{""token"": ""casting"", ""category"": ""french_native"", ""selected_candidate"": ""casting"", ""final_correction"": ""casting""}, {""token"": ""si"", ""category"": ""ambiguous_cognate"", ""selected_candidate"": ""ci"", ""final_correction"": ""si""}, {""token"": ""maman"", ""category"": ""french_native"", ""selected_candidate"": ""maman"", ""final_correction"": ""maman""}, {""token"": ""oumy"", ""category"": ""informal_wolof"", ""selected_candidate"": ""oumy"", ""final_correction"": ""oumy""}, {""token"": ""kane"", ""category"": ""ambiguous_cognate"", ""selected_candidate"": ""kane"", ""final_correction"": ""kan""}, {""token"": ""moko"", ""category"": ""ambiguous_cognate"", ""selected_candidate"": ""moko"", ""final_correction"": ""moko""}, {""token"": ""def"", ""category"": ""ambiguous_cognate"", ""selected_candidate"": ""def"", ""final_correction"": ""def""}, {""token"": ""dinako"", ""category"": ""wolof_formal"", ""selected_candidate"": ""di na ko"", ""final_correction"": ""di naa ko""}, {""token"": ""porté"", ""category"": ""french_native"", ""selected_candidate"": ""porté"", ""final_correction"": ""porté""}, {""token"": ""plainte"", ""category"": ""ambiguous_cognate"", ""selected_candidate"": ""plainte"", ""final_correction"": ""plainte""}, {""token"": ""m"", ""category"": ""ambiguous_cognate"", ""selected_candidate"": ""m"", ""final_correction"": ""m""}, {""token"": ""ki"", ""category"": ""ambiguous_cognate"", ""selected_candidate"": ""ki"", ""final_correction"": ""ki""}, {""token"": ""sofna"", ""category"": ""informal_wolof"", ""selected_candidate"": ""soof na"", ""final_correction"": ""soof na""}, {""token"": ""elle"", ""category"": ""ambiguous_cognate"", ""selected_candidate"": ""elle"", ""final_correction"": ""elle""}, {""token"": ""interprète"", ""category"": ""french_native"", ""selected_candidate"": ""interprète"", ""final_correction"": ""interprète""}, {""token"": ""mal"", ""category"": ""french_substituted"", ""selected_candidate"": ""mal"", ""final_correction"": ""mal""}, {""token"": ""son"", ""category"": ""ambiguous_cognate"", ""selected_candidate"": ""son"", ""final_correction"": ""son""}, {""token"": ""rôle"", ""category"": ""ambiguous_cognate"", ""selected_candidate"": ""rôle"", ""final_correction"": ""rôle""}, {""token"": ""qu'à"", ""category"": ""french_native"", ""selected_candidate"": ""qu'à"", ""final_correction"": ""quand""}, {""token"": ""même"", ""category"": ""french_substituted"", ""selected_candidate"": ""même"", ""final_correction"": ""même""}]"
380,yalna nek guent,yalna nek gnent,yalna nekk gént,keep,https://www.youtube.com/watch?v=Myd-Gg4Mhck,"[{""token"": ""yalna"", ""category"": ""wolof_formal"", ""selected_candidate"": ""yalna"", ""final_correction"": ""yalna""}, {""token"": ""nek"", ""category"": ""wolof_formal"", ""selected_candidate"": ""nek"", ""final_correction"": ""nekk""}, {""token"": ""guent"", ""category"": ""informal_wolof"", ""selected_candidate"": ""gent"", ""final_correction"": ""gént""}]"
382,khadi thiame sofena té tidiane amoul foula ni yayame soné si mome béne dome mouy khalate bayikofi ndakhe diabarame,xadi thrace sowena té tiijaan amoul fulla ni layale sone ci moom benn doom muy kalaté bayikofi ndawee diabarame,khadi thiame soof na te tidiane amul fulla ni yaayam sonnee si moom benn doom muy xalaat bàyyi ko fi ndax jabaram,keep,https://www.youtube.com/watch?v=Myd-Gg4Mhck,"[{""token"": ""khadi"", ""category"": ""informal_wolof"", ""selected_candidate"": ""khadi"", ""final_correction"": ""khadi""}, {""token"": ""thiame"", ""category"": ""informal_wolof"", ""selected_candidate"": ""thiame"", ""final_correction"": ""thiame""}, {""token"": ""sofena"", ""category"": ""informal_wolof"", ""selected_candidate"": ""sowena"", ""final_correction"": ""soof na""}, {""token"": ""té"", ""category"": ""ambiguous_cognate"", ""selected_candidate"": ""té"", ""final_correction"": ""te""}, {""token"": ""tidiane"", ""category"": ""french_substituted"", ""selected_candidate"": ""tidiane"", ""final_correction"": ""tidiane""}, {""token"": ""amoul"", ""category"": ""ambiguous_cognate"", ""selected_candidate"": ""amoul"", ""final_correction"": ""amul""}, {""token"": ""foula"", ""category"": ""french_native"", ""selected_candidate"": ""fulla"", ""final_correction"": ""fulla""}, {""token"": ""ni"", ""category"": ""ambiguous_cognate"", ""selected_candidate"": ""ni"", ""final_correction"": ""ni""}, {""token"": ""yayame"", ""category"": ""informal_wolof"", ""selected_candidate"": ""layale"", ""final_correction"": ""yaayam""}, {""token"": ""soné"", ""category"": ""informal_wolof"", ""selected_candidate"": ""sone"", ""final_correction"": ""sonnee""}, {""token"": ""si"", ""category"": ""ambiguous_cognate"", ""selected_candidate"": ""ci"", ""final_correction"": ""si""}, {""token"": ""mome"", ""category"": ""informal_wolof"", ""selected_candidate"": ""moom"", ""final_correction"": ""moom""}, {""token"": ""béne"", ""category"": ""informal_wolof"", ""selected_candidate"": ""benn"", ""final_correction"": ""benn""}, {""token"": ""dome"", ""category"": ""informal_wolof"", ""selected_candidate"": ""doom"", ""final_correction"": ""doom""}, {""token"": ""mouy"", ""category"": ""informal_wolof"", ""selected_candidate"": ""muy"", ""final_correction"": ""muy""}, {""token"": ""khalate"", ""category"": ""informal_wolof"", ""selected_candidate"": ""kalaté"", ""final_correction"": ""xalaat""}, {""token"": ""bayikofi"", ""category"": ""informal_wolof"", ""selected_candidate"": ""bayikofi"", ""final_correction"": ""bàyyi ko fi""}, {""token"": ""ndakhe"", ""category"": ""informal_wolof"", ""selected_candidate"": ""ndawee"", ""final_correction"": ""ndax""}, {""token"": ""diabarame"", ""category"": ""informal_wolof"", ""selected_candidate"": ""diabarame"", ""final_correction"": ""jabaram""}]"
384,tidiane amale foula khady mongui laye traverser nekhale khilifa yayou khady mongui seuye si keur famille bo ammei nga wouti appartement,tiijaan amale fulla khady mangui laye traverser dekkale kilifa yaayu khady mangui seeye ci kër famille bo ammei nga touti appartement,tidiane amal fulla khady moo ngi lay traverser neexal kilifa yaayu khady moo ngi séy si kër famille boo ame nga wuti appartement,keep,https://www.youtube.com/watch?v=Myd-Gg4Mhck,"[{""token"": ""tidiane"", ""category"": ""french_substituted"", ""selected_candidate"": ""tidiane"", ""final_correction"": ""tidiane""}, {""token"": ""amale"", ""category"": ""wolof_formal"", ""selected_candidate"": ""amale"", ""final_correction"": ""amal""}, {""token"": ""foula"", ""category"": ""french_native"", ""selected_candidate"": ""fulla"", ""final_correction"": ""fulla""}, {""token"": ""khady"", ""category"": ""informal_wolof"", ""selected_candidate"": ""khady"", ""final_correction"": ""khady""}, {""token"": ""mongui"", ""category"": ""informal_wolof"", ""selected_candidate"": ""mangui"", ""final_correction"": ""moo ngi""}, {""token"": ""laye"", ""category"": ""ambiguous_cognate"", ""selected_candidate"": ""laye"", ""final_correction"": ""lay""}, {""token"": ""traverser"", ""category"": ""french_native"", ""selected_candidate"": ""traverser"", ""final_correction"": ""traverser""}, {""token"": ""nekhale"", ""category"": ""informal_wolof"", ""selected_candidate"": ""dekkale"", ""final_correction"": ""neexal""}, {""token"": ""khilifa"", ""category"": ""informal_wolof"", ""selected_candidate"": ""kilifa"", ""final_correction"": ""kilifa""}, {""token"": ""yayou"", ""category"": ""informal_wolof"", ""selected_candidate"": ""yaayu"", ""final_correction"": ""yaayu""}, {""token"": ""khady"", ""category"": ""informal_wolof"", ""selected_candidate"": ""khady"", ""final_correction"": ""khady""}, {""token"": ""mongui"", ""category"": ""informal_wolof"", ""selected_candidate"": ""mangui"", ""final_correction"": ""moo ngi""}, {""token"": ""seuye"", ""category"": ""informal_wolof"", ""selected_candidate"": ""seeye"", ""final_correction"": ""séy""}, {""token"": ""si"", ""category"": ""ambiguous_cognate"", ""selected_candidate"": ""ci"", ""final_correction"": ""si""}, {""token"": ""keur"", ""category"": ""ambiguous_cognate"", ""selected_candidate"": ""kër"", ""final_correction"": ""kër""}, {""token"": ""famille"", ""category"": ""ambiguous_cognate"", ""selected_candidate"": ""famille"", ""final_correction"": ""famille""}, {""token"": ""bo"", ""category"": ""wolof_formal"", ""selected_candidate"": ""bo"", ""final_correction"": ""boo""}, {""token"": ""ammei"", ""category"": ""informal_wolof"", ""selected_candidate"": ""ammei"", ""final_correction"": ""ame""}, {""token"": ""nga"", ""category"": ""ambiguous_cognate"", ""selected_candidate"": ""nga"", ""final_correction"": ""nga""}, {""token"": ""wouti"", ""category"": ""informal_wolof"", ""selected_candidate"": ""wuti"", ""final_correction"": ""wuti""}, {""token"": ""appartement"", ""category"": ""ambiguous_cognate"", ""selected_candidate"": ""appartement"", ""final_correction"": ""appartement""}]"
391,yalla nalènne yalla douggeul adjana,yalla baleine yalla douggeul aljana,yalla na leen yalla dugal aljanna,keep,https://www.youtube.com/watch?v=Myd-Gg4Mhck,"[{""token"": ""yalla"", ""category"": ""ambiguous_cognate"", ""selected_candidate"": ""yalla"", ""final_correction"": ""yalla""}, {""token"": ""nalènne"", ""category"": ""informal_wolof"", ""selected_candidate"": ""baleine"", ""final_correction"": ""na leen""}, {""token"": ""yalla"", ""category"": ""ambiguous_cognate"", ""selected_candidate"": ""yalla"", ""final_correction"": ""yalla""}, {""token"": ""douggeul"", ""category"": ""informal_wolof"", ""selected_candidate"": ""douggeul"", ""final_correction"": ""dugal""}, {""token"": ""adjana"", ""category"": ""informal_wolof"", ""selected_candidate"": ""aljana"", ""final_correction"": ""aljanna""}]"
394,maman oumi fialika mon waron nk woudiou diam,maman jumi saalika sama aaron nak woudiou jàmm,maman oumi fialika moo waroon nekk wujj jàmm,keep,https://www.youtube.com/watch?v=Myd-Gg4Mhck,"[{""token"": ""maman"", ""category"": ""french_native"", ""selected_candidate"": ""maman"", ""final_correction"": ""maman""}, {""token"": ""oumi"", ""category"": ""informal_wolof"", ""selected_candidate"": ""oumi"", ""final_correction"": ""oumi""}, {""token"": ""fialika"", ""category"": ""informal_wolof"", ""selected_candidate"": ""fialika"", ""final_correction"": ""fialika""}, {""token"": ""mon"", ""category"": ""french_substituted"", ""selected_candidate"": ""sama"", ""final_correction"": ""moo""}, {""token"": ""waron"", ""category"": ""informal_wolof"", ""selected_candidate"": ""waroon"", ""final_correction"": ""waroon""}, {""token"": ""nk"", ""category"": ""informal_wolof"", ""selected_candidate"": ""nak"", ""final_correction"": ""nekk""}, {""token"": ""woudiou"", ""category"": ""informal_wolof"", ""selected_candidate"": ""woudiou"", ""final_correction"": ""wujj""}, {""token"": ""diam"", ""category"": ""ambiguous_cognate"", ""selected_candidate"": ""jàmm"", ""final_correction"": ""jàmm""}]"
397,weurseuk damay d ma oumy sincèrement weroul elle assure son rôle,wërsëg damay d maa oumy sincèrement werul elle assure son rôle,wërsëg damay dee ma oumy sincèrement wérul elle assure son rôle,keep,https://www.youtube.com/watch?v=Myd-Gg4Mhck,"[{""token"": ""weurseuk"", ""category"": ""informal_wolof"", ""selected_candidate"": ""wërsëg"", ""final_correction"": ""wërsëg""}, {""token"": ""damay"", ""category"": ""ambiguous_cognate"", ""selected_candidate"": ""damay"", ""final_correction"": ""damay""}, {""token"": ""d"", ""category"": ""ambiguous_cognate"", ""selected_candidate"": ""d"", ""final_correction"": ""dee""}, {""token"": ""ma"", ""category"": ""ambiguous_cognate"", ""selected_candidate"": ""maa"", ""final_correction"": ""ma""}, {""token"": ""oumy"", ""category"": ""informal_wolof"", ""selected_candidate"": ""oumy"", ""final_correction"": ""oumy""}, {""token"": ""sincèrement"", ""category"": ""french_native"", ""selected_candidate"": ""sincèrement"", ""final_correction"": ""sincèrement""}, {""token"": ""weroul"", ""category"": ""informal_wolof"", ""selected_candidate"": ""wérul"", ""final_correction"": ""wérul""}, {""token"": ""elle"", ""category"": ""ambiguous_cognate"", ""selected_candidate"": ""elle"", ""final_correction"": ""elle""}, {""token"": ""assure"", ""category"": ""french_native"", ""selected_candidate"": ""assure"", ""final_correction"": ""assure""}, {""token"": ""son"", ""category"": ""ambiguous_cognate"", ""selected_candidate"": ""son"", ""final_correction"": ""son""}, {""token"": ""rôle"", ""category"": ""ambiguous_cognate"", ""selected_candidate"": ""rôle"", ""final_correction"": ""rôle""}]"
398,maman oumy motakhe dotouma sétane babel ndakh bari wakhe,maman oumy motakhe doonuma sétan babel ndax bari wax,maman oumy moo tax dootu ma seetaan babel ndax bari wax,keep,https://www.youtube.com/watch?v=Myd-Gg4Mhck,"[{""token"": ""maman"", ""category"": ""french_native"", ""selected_candidate"": ""maman"", ""final_correction"": ""maman""}, {""token"": ""oumy"", ""category"": ""informal_wolof"", ""selected_candidate"": ""oumy"", ""final_correction"": ""oumy""}, {""token"": ""motakhe"", ""category"": ""informal_wolof"", ""selected_candidate"": ""motakhe"", ""final_correction"": ""moo tax""}, {""token"": ""dotouma"", ""category"": ""informal_wolof"", ""selected_candidate"": ""dootuma"", ""final_correction"": ""dootu ma""}, {""token"": ""sétane"", ""category"": ""informal_wolof"", ""selected_candidate"": ""sétan"", ""final_correction"": ""seetaan""}, {""token"": ""babel"", ""category"": ""french_native"", ""selected_candidate"": ""babel"", ""final_correction"": ""babel""}, {""token"": ""ndakh"", ""category"": ""informal_wolof"", ""selected_candidate"": ""ndax"", ""final_correction"": ""ndax""}, {""token"": ""bari"", ""category"": ""ambiguous_cognate"", ""selected_candidate"": ""bari"", ""final_correction"": ""bari""}, {""token"": ""wakhe"", ""category"": ""informal_wolof"", ""selected_candidate"": ""wax"", ""final_correction"": ""wax""}]"
400,mane ma degoul wala nidiay mor bb la wowé maréme,man maa degul wala nijaay mor bb lay wowe maree,man maa déggul wala nijaay mor bb la woowe maréme,keep,https://www.youtube.com/watch?v=Myd-Gg4Mhck,"[{""token"": ""mane"", ""category"": ""ambiguous_cognate"", ""selected_candidate"": ""man"", ""final_correction"": ""man""}, {""token"": ""ma"", ""category"": ""ambiguous_cognate"", ""selected_candidate"": ""maa"", ""final_correction"": ""maa""}, {""token"": ""degoul"", ""category"": ""informal_wolof"", ""selected_candidate"": ""déggul"", ""final_correction"": ""déggul""}, {""token"": ""wala"", ""category"": ""ambiguous_cognate"", ""selected_candidate"": ""wala"", ""final_correction"": ""wala""}, {""token"": ""nidiay"", ""category"": ""informal_wolof"", ""selected_candidate"": ""nijaay"", ""final_correction"": ""nijaay""}, {""token"": ""mor"", ""category"": ""french_native"", ""selected_candidate"": ""mor"", ""final_correction"": ""mor""}, {""token"": ""bb"", ""category"": ""wolof_formal"", ""selected_candidate"": ""bb"", ""final_correction"": ""bb""}, {""token"": ""la"", ""category"": ""ambiguous_cognate"", ""selected_candidate"": ""la"", ""final_correction"": ""la""}, {""token"": ""wowé"", ""category"": ""informal_wolof"", ""selected_candidate"": ""wowe"", ""final_correction"": ""woowe""}, {""token"": ""maréme"", ""category"": ""informal_wolof"", ""selected_candidate"": ""maréme"", ""final_correction"": ""maréme""}]"
402,bb marém key wa dialy ka sa fourno keurigne lay dieul,bb maree key waa dialy ka sa furno këriñ lay dieul,bb marém key waa dialy ka sa furno këriñ lay jél,keep,https://www.youtube.com/watch?v=Myd-Gg4Mhck,"[{""token"": ""bb"", ""category"": ""wolof_formal"", ""selected_candidate"": ""bb"", ""final_correction"": ""bb""}, {""token"": ""marém"", ""category"": ""informal_wolof"", ""selected_candidate"": ""marém"", ""final_correction"": ""marém""}, {""token"": ""key"", ""category"": ""wolof_formal"", ""selected_candidate"": ""key"", ""final_correction"": ""key""}, {""token"": ""wa"", ""category"": ""ambiguous_cognate"", ""selected_candidate"": ""waa"", ""final_correction"": ""waa""}, {""token"": ""dialy"", ""category"": ""informal_wolof"", ""selected_candidate"": ""dialy"", ""final_correction"": ""dialy""}, {""token"": ""ka"", ""category"": ""ambiguous_cognate"", ""selected_candidate"": ""ka"", ""final_correction"": ""ka""}, {""token"": ""sa"", ""category"": ""ambiguous_cognate"", ""selected_candidate"": ""sa"", ""final_correction"": ""sa""}, {""token"": ""fourno"", ""category"": ""informal_wolof"", ""selected_candidate"": ""furno"", ""final_correction"": ""furno""}, {""token"": ""keurigne"", ""category"": ""informal_wolof"", ""selected_candidate"": ""këriñ"", ""final_correction"": ""këriñ""}, {""token"": ""lay"", ""category"": ""ambiguous_cognate"", ""selected_candidate"": ""lay"", ""final_correction"": ""lay""}, {""token"": ""dieul"", ""category"": ""wolof_formal"", ""selected_candidate"": ""dieul"", ""final_correction"": ""jél""}]"
403,"waa yen degue nguen ""bb mary"" bou nidiay mor, mdr",waa yen degre ngeen bb mary bou nijaay mor mdr,waa yeen dégg ngeen bb mary bu nijaay mor mdr,keep,https://www.youtube.com/watch?v=Myd-Gg4Mhck,"[{""token"": ""waa"", ""category"": ""ambiguous_cognate"", ""selected_candidate"": ""waa"", ""final_correction"": ""waa""}, {""token"": ""yen"", ""category"": ""ambiguous_cognate"", ""selected_candidate"": ""yen"", ""final_correction"": ""yeen""}, {""token"": ""degue"", ""category"": ""informal_wolof"", ""selected_candidate"": ""dégge"", ""final_correction"": ""dégg""}, {""token"": ""nguen"", ""category"": ""informal_wolof"", ""selected_candidate"": ""ngeen"", ""final_correction"": ""ngeen""}, {""token"": ""bb"", ""category"": ""wolof_formal"", ""selected_candidate"": ""bb"", ""final_correction"": ""bb""}, {""token"": ""mary"", ""category"": ""ambiguous_cognate"", ""selected_candidate"": ""mary"", ""final_correction"": ""mary""}, {""token"": ""bou"", ""category"": ""ambiguous_cognate"", ""selected_candidate"": ""bou"", ""final_correction"": ""bu""}, {""token"": ""nidiay"", ""category"": ""informal_wolof"", ""selected_candidate"": ""nijaay"", ""final_correction"": ""nijaay""}, {""token"": ""mor"", ""category"": ""french_native"", ""selected_candidate"": ""mor"", ""final_correction"": ""mor""}, {""token"": ""mdr"", ""category"": ""ambiguous_cognate"", ""selected_candidate"": ""mdr"", ""final_correction"": ""mdr""}]"
409,marichou yaw mome boumala diapé dotoko defaty ngay layam layami ni sim,marichou yow moom boumala dippe dooko defati ngay layam laayami ni sim,marichou yow moom bu ma la jàppe doo too ko defati ngay layam layami ni sim,keep,https://www.youtube.com/watch?v=Myd-Gg4Mhck,"[{""token"": ""marichou"", ""category"": ""informal_wolof"", ""selected_candidate"": ""marichou"", ""final_correction"": ""marichou""}, {""token"": ""yaw"", ""category"": ""ambiguous_cognate"", ""selected_candidate"": ""yaw"", ""final_correction"": ""yow""}, {""token"": ""mome"", ""category"": ""informal_wolof"", ""selected_candidate"": ""moom"", ""final_correction"": ""moom""}, {""token"": ""boumala"", ""category"": ""informal_wolof"", ""selected_candidate"": ""boumala"", ""final_correction"": ""bu ma la""}, {""token"": ""diapé"", ""category"": ""informal_wolof"", ""selected_candidate"": ""dippe"", ""final_correction"": ""jàppe""}, {""token"": ""dotoko"", ""category"": ""informal_wolof"", ""selected_candidate"": ""dooko"", ""final_correction"": ""doo too ko""}, {""token"": ""defaty"", ""category"": ""informal_wolof"", ""selected_candidate"": ""defati"", ""final_correction"": ""defati""}, {""token"": ""ngay"", ""category"": ""ambiguous_cognate"", ""selected_candidate"": ""ngay"", ""final_correction"": ""ngay""}, {""token"": ""layam"", ""category"": ""wolof_formal"", ""selected_candidate"": ""layam"", ""final_correction"": ""layam""}, {""token"": ""layami"", ""category"": ""informal_wolof"", ""selected_candidate"": ""laayami"", ""final_correction"": ""layami""}, {""token"": ""ni"", ""category"": ""ambiguous_cognate"", ""selected_candidate"": ""ni"", ""final_correction"": ""ni""}, {""token"": ""sim"", ""category"": ""wolof_formal"", ""selected_candidate"": ""sim"", ""final_correction"": ""sim""}]"
424,maréme thiam nak béteu nama bayil khalé seuy tamite pourquoi mère yi beugue di initié wou de trop thi seneu seuyou doom yi tamite c'est trop waay,maree caam nak béteu na ma bayil hale seey tamit tax mère yi bëgg di initié bou dee trop ci sentu soukou doom yi tamit c'est trop waay,maréme thiam nak bett na ma bàyyil xale séy tamit pourquoi mère yi bëgg di initié wu de trop ci seen séyu doom yi tamit c'est trop waay,keep,https://www.youtube.com/watch?v=Myd-Gg4Mhck,"[{""token"": ""maréme"", ""category"": ""informal_wolof"", ""selected_candidate"": ""maréme"", ""final_correction"": ""maréme""}, {""token"": ""thiam"", ""category"": ""french_substituted"", ""selected_candidate"": ""thiam"", ""final_correction"": ""thiam""}, {""token"": ""nak"", ""category"": ""ambiguous_cognate"", ""selected_candidate"": ""nak"", ""final_correction"": ""nak""}, {""token"": ""béteu"", ""category"": ""informal_wolof"", ""selected_candidate"": ""béteu"", ""final_correction"": ""bett""}, {""token"": ""nama"", ""category"": ""ambiguous_cognate"", ""selected_candidate"": ""na ma"", ""final_correction"": ""na ma""}, {""token"": ""bayil"", ""category"": ""wolof_formal"", ""selected_candidate"": ""bayil"", ""final_correction"": ""bàyyil""}, {""token"": ""khalé"", ""category"": ""informal_wolof"", ""selected_candidate"": ""xale"", ""final_correction"": ""xale""}, {""token"": ""seuy"", ""category"": ""informal_wolof"", ""selected_candidate"": ""seey"", ""final_correction"": ""séy""}, {""token"": ""tamite"", ""category"": ""informal_wolof"", ""selected_candidate"": ""tamit"", ""final_correction"": ""tamit""}, {""token"": ""pourquoi"", ""category"": ""french_substituted"", ""selected_candidate"": ""pourquoi"", ""final_correction"": ""pourquoi""}, {""token"": ""mère"", ""category"": ""ambiguous_cognate"", ""selected_candidate"": ""mère"", ""final_correction"": ""mère""}, {""token"": ""yi"", ""category"": ""ambiguous_cognate"", ""selected_candidate"": ""yi"", ""final_correction"": ""yi""}, {""token"": ""beugue"", ""category"": ""french_native"", ""selected_candidate"": ""bëgg"", ""final_correction"": ""bëgg""}, {""token"": ""di"", ""category"": ""ambiguous_cognate"", ""selected_candidate"": ""di"", ""final_correction"": ""di""}, {""token"": ""initié"", ""category"": ""french_native"", ""selected_candidate"": ""initié"", ""final_correction"": ""initié""}, {""token"": ""wou"", ""category"": ""informal_wolof"", ""selected_candidate"": ""wou"", ""final_correction"": ""wu""}, {""token"": ""de"", ""category"": ""ambiguous_cognate"", ""selected_candidate"": ""de"", ""final_correction"": ""de""}, {""token"": ""trop"", ""category"": ""french_native"", ""selected_candidate"": ""trop"", ""final_correction"": ""trop""}, {""token"": ""thi"", ""category"": ""french_native"", ""selected_candidate"": ""ci"", ""final_correction"": ""ci""}, {""token"": ""seneu"", ""category"": ""informal_wolof"", ""selected_candidate"": ""sentu"", ""final_correction"": ""seen""}, {""token"": ""seuyou"", ""category"": ""informal_wolof"", ""selected_candidate"": ""soukou"", ""final_correction"": ""séyu""}, {""token"": ""doom"", ""category"": ""ambiguous_cognate"", ""selected_candidate"": ""doom"", ""final_correction"": ""doom""}, {""token"": ""yi"", ""category"": ""ambiguous_cognate"", ""selected_candidate"": ""yi"", ""final_correction"": ""yi""}, {""token"": ""tamite"", ""category"": ""informal_wolof"", ""selected_candidate"": ""tamit"", ""final_correction"": ""tamit""}, {""token"": ""c'est"", ""category"": ""french_native"", ""selected_candidate"": ""c'est"", ""final_correction"": ""c'est""}, {""token"": ""trop"", ""category"": ""french_native"", ""selected_candidate"": ""trop"", ""final_correction"": ""trop""}, {""token"": ""waay"", ""category"": ""wolof_formal"", ""selected_candidate"": ""waay"", ""final_correction"": ""waay""}]"
437,sokhna dialika inaf waay lane moy yalla na rees ak diam té ga reesalko mome miko lekk bouko reessaloul koukoy reessal,soxna saalika inaf waay lan mooy yalla na rees ak jàmm té ga reesalko moom biko lekk booko reessaloul kukoy reesal,sokhna dialika inaf waay lan mooy yalla na rees ak jàmm te nga reesal ko moom mii ko lekk bu ko reesalul ku koy reesal,keep,https://www.youtube.com/watch?v=Myd-Gg4Mhck,"[{""token"": ""sokhna"", ""category"": ""french_substituted"", ""selected_candidate"": ""sokhna"", ""final_correction"": ""sokhna""}, {""token"": ""dialika"", ""category"": ""informal_wolof"", ""selected_candidate"": ""dialika"", ""final_correction"": ""dialika""}, {""token"": ""inaf"", ""category"": ""informal_wolof"", ""selected_candidate"": ""inaf"", ""final_correction"": ""inaf""}, {""token"": ""waay"", ""category"": ""wolof_formal"", ""selected_candidate"": ""waay"", ""final_correction"": ""waay""}, {""token"": ""lane"", ""category"": ""wolof_formal"", ""selected_candidate"": ""lan"", ""final_correction"": ""lan""}, {""token"": ""moy"", ""category"": ""wolof_formal"", ""selected_candidate"": ""mooy"", ""final_correction"": ""mooy""}, {""token"": ""yalla"", ""category"": ""ambiguous_cognate"", ""selected_candidate"": ""yalla"", ""final_correction"": ""yalla""}, {""token"": ""na"", ""category"": ""ambiguous_cognate"", ""selected_candidate"": ""na"", ""final_correction"": ""na""}, {""token"": ""rees"", ""category"": ""wolof_formal"", ""selected_candidate"": ""rees"", ""final_correction"": ""rees""}, {""token"": ""ak"", ""category"": ""ambiguous_cognate"", ""selected_candidate"": ""ak"", ""final_correction"": ""ak""}, {""token"": ""diam"", ""category"": ""ambiguous_cognate"", ""selected_candidate"": ""jàmm"", ""final_correction"": ""jàmm""}, {""token"": ""té"", ""category"": ""ambiguous_cognate"", ""selected_candidate"": ""té"", ""final_correction"": ""te""}, {""token"": ""ga"", ""category"": ""ambiguous_cognate"", ""selected_candidate"": ""ga"", ""final_correction"": ""nga""}, {""token"": ""reesalko"", ""category"": ""informal_wolof"", ""selected_candidate"": ""reesalko"", ""final_correction"": ""reesal ko""}, {""token"": ""mome"", ""category"": ""informal_wolof"", ""selected_candidate"": ""moom"", ""final_correction"": ""moom""}, {""token"": ""miko"", ""category"": ""informal_wolof"", ""selected_candidate"": ""biko"", ""final_correction"": ""mii ko""}, {""token"": ""lekk"", ""category"": ""wolof_formal"", ""selected_candidate"": ""lekk"", ""final_correction"": ""lekk""}, {""token"": ""bouko"", ""category"": ""informal_wolof"", ""selected_candidate"": ""booko"", ""final_correction"": ""bu ko""}, {""token"": ""reessaloul"", ""category"": ""informal_wolof"", ""selected_candidate"": ""reessaloul"", ""final_correction"": ""reesalul""}, {""token"": ""koukoy"", ""category"": ""informal_wolof"", ""selected_candidate"": ""kukoy"", ""final_correction"": ""ku koy""}, {""token"": ""reessal"", ""category"": ""informal_wolof"", ""selected_candidate"": ""reesal"", ""final_correction"": ""reesal""}]"
452,nn li yalla nk ay guent wy,an li yalla nek ay gént ay,nn li yalla nekk ay gént waay,keep,https://www.youtube.com/watch?v=Myd-Gg4Mhck,"[{""token"": ""nn"", ""category"": ""informal_wolof"", ""selected_candidate"": ""nn"", ""final_correction"": ""nn""}, {""token"": ""li"", ""category"": ""ambiguous_cognate"", ""selected_candidate"": ""li"", ""final_correction"": ""li""}, {""token"": ""yalla"", ""category"": ""ambiguous_cognate"", ""selected_candidate"": ""yalla"", ""final_correction"": ""yalla""}, {""token"": ""nk"", ""category"": ""informal_wolof"", ""selected_candidate"": ""nek"", ""final_correction"": ""nekk""}, {""token"": ""ay"", ""category"": ""ambiguous_cognate"", ""selected_candidate"": ""ay"", ""final_correction"": ""ay""}, {""token"": ""guent"", ""category"": ""informal_wolof"", ""selected_candidate"": ""gént"", ""final_correction"": ""gént""}, {""token"": ""wy"", ""category"": ""informal_wolof"", ""selected_candidate"": ""ay"", ""final_correction"": ""waay""}]"
458,bb mareme bi nak kene dou si wakh magui deh,bb maree bi nak bene dou ci wax magui de,bb mareme bi nak kenn du si wax ma ngi dee,keep,https://www.youtube.com/watch?v=Myd-Gg4Mhck,"[{""token"": ""bb"", ""category"": ""wolof_formal"", ""selected_candidate"": ""bb"", ""final_correction"": ""bb""}, {""token"": ""mareme"", ""category"": ""informal_wolof"", ""selected_candidate"": ""mareme"", ""final_correction"": ""mareme""}, {""token"": ""bi"", ""category"": ""ambiguous_cognate"", ""selected_candidate"": ""bi"", ""final_correction"": ""bi""}, {""token"": ""nak"", ""category"": ""ambiguous_cognate"", ""selected_candidate"": ""nak"", ""final_correction"": ""nak""}, {""token"": ""kene"", ""category"": ""informal_wolof"", ""selected_candidate"": ""kene"", ""final_correction"": ""kenn""}, {""token"": ""dou"", ""category"": ""french_native"", ""selected_candidate"": ""dou"", ""final_correction"": ""du""}, {""token"": ""si"", ""category"": ""ambiguous_cognate"", ""selected_candidate"": ""ci"", ""final_correction"": ""si""}, {""token"": ""wakh"", ""category"": ""french_native"", ""selected_candidate"": ""wax"", ""final_correction"": ""wax""}, {""token"": ""magui"", ""category"": ""wolof_formal"", ""selected_candidate"": ""magui"", ""final_correction"": ""ma ngi""}, {""token"": ""deh"", ""category"": ""informal_wolof"", ""selected_candidate"": ""de"", ""final_correction"": ""dee""}]"
471,dangay sett li rek li yallz boumou diekh way,dangay bett li rek li yalla dougou jeex waay,da ngay seet li rek li yalla bu mu jeex waay,keep,https://www.youtube.com/watch?v=Myd-Gg4Mhck,"[{""token"": ""dangay"", ""category"": ""ambiguous_cognate"", ""selected_candidate"": ""dangay"", ""final_correction"": ""da ngay""}, {""token"": ""sett"", ""category"": ""informal_wolof"", ""selected_candidate"": ""bett"", ""final_correction"": ""seet""}, {""token"": ""li"", ""category"": ""ambiguous_cognate"", ""selected_candidate"": ""li"", ""final_correction"": ""li""}, {""token"": ""rek"", ""category"": ""ambiguous_cognate"", ""selected_candidate"": ""rek"", ""final_correction"": ""rek""}, {""token"": ""li"", ""category"": ""ambiguous_cognate"", ""selected_candidate"": ""li"", ""final_correction"": ""li""}, {""token"": ""yallz"", ""category"": ""informal_wolof"", ""selected_candidate"": ""yalla"", ""final_correction"": ""yalla""}, {""token"": ""boumou"", ""category"": ""informal_wolof"", ""selected_candidate"": ""dougou"", ""final_correction"": ""bu mu""}, {""token"": ""diekh"", ""category"": ""informal_wolof"", ""selected_candidate"": ""jeex"", ""final_correction"": ""jeex""}, {""token"": ""way"", ""category"": ""wolof_formal"", ""selected_candidate"": ""waay"", ""final_correction"": ""waay""}]"
476,diguéne fékhé ba forcer gnou sokhna dialika,diglena fekke ba forcer gnou soxna saalika,di ngeen fexe ba forcer ñu sokhna dialika,keep,https://www.youtube.com/watch?v=Myd-Gg4Mhck,"[{""token"": ""diguéne"", ""category"": ""informal_wolof"", ""selected_candidate"": ""diglena"", ""final_correction"": ""di ngeen""}, {""token"": ""fékhé"", ""category"": ""informal_wolof"", ""selected_candidate"": ""fekke"", ""final_correction"": ""fexe""}, {""token"": ""ba"", ""category"": ""ambiguous_cognate"", ""selected_candidate"": ""ba"", ""final_correction"": ""ba""}, {""token"": ""forcer"", ""category"": ""french_native"", ""selected_candidate"": ""forcer"", ""final_correction"": ""forcer""}, {""token"": ""gnou"", ""category"": ""french_native"", ""selected_candidate"": ""gnou"", ""final_correction"": ""ñu""}, {""token"": ""sokhna"", ""category"": ""french_substituted"", ""selected_candidate"": ""soxna"", ""final_correction"": ""sokhna""}, {""token"": ""dialika"", ""category"": ""informal_wolof"", ""selected_candidate"": ""dialika"", ""final_correction"": ""dialika""}]"
487,pour la premiére fois ma bagne marichou si serié,mu may lay première fois maa bagne marichou ci série,pour la première fois ma bañ marichou si série,keep,https://www.youtube.com/watch?v=Myd-Gg4Mhck,"[{""token"": ""pour"", ""category"": ""ambiguous_cognate"", ""selected_candidate"": ""pour"", ""final_correction"": ""pour""}, {""token"": ""la"", ""category"": ""ambiguous_cognate"", ""selected_candidate"": ""la"", ""final_correction"": ""la""}, {""token"": ""premiére"", ""category"": ""informal_wolof"", ""selected_candidate"": ""première"", ""final_correction"": ""première""}, {""token"": ""fois"", ""category"": ""french_native"", ""selected_candidate"": ""fois"", ""final_correction"": ""fois""}, {""token"": ""ma"", ""category"": ""ambiguous_cognate"", ""selected_candidate"": ""ma"", ""final_correction"": ""ma""}, {""token"": ""bagne"", ""category"": ""french_native"", ""selected_candidate"": ""bagne"", ""final_correction"": ""bañ""}, {""token"": ""marichou"", ""category"": ""informal_wolof"", ""selected_candidate"": ""marichou"", ""final_correction"": ""marichou""}, {""token"": ""si"", ""category"": ""ambiguous_cognate"", ""selected_candidate"": ""ci"", ""final_correction"": ""si""}, {""token"": ""serié"", ""category"": ""informal_wolof"", ""selected_candidate"": ""série"", ""final_correction"": ""série""}]"
3521,mais song bi kouko way li nekh na,mais song bi kokko waay lii neex na,mais song bi ku ko way li neex na,keep,https://www.youtube.com/watch?v=8CAy6LdHR4M,"[{""token"": ""mais"", ""category"": ""ambiguous_cognate"", ""selected_candidate"": ""mais"", ""final_correction"": ""mais""}, {""token"": ""song"", ""category"": ""ambiguous_cognate"", ""selected_candidate"": ""song"", ""final_correction"": ""song""}, {""token"": ""bi"", ""category"": ""ambiguous_cognate"", ""selected_candidate"": ""bi"", ""final_correction"": ""bi""}, {""token"": ""kouko"", ""category"": ""informal_wolof"", ""selected_candidate"": ""kokko"", ""final_correction"": ""ku ko""}, {""token"": ""way"", ""category"": ""wolof_formal"", ""selected_candidate"": ""way"", ""final_correction"": ""way""}, {""token"": ""li"", ""category"": ""ambiguous_cognate"", ""selected_candidate"": ""lii"", ""final_correction"": ""li""}, {""token"": ""nekh"", ""category"": ""informal_wolof"", ""selected_candidate"": ""neex"", ""final_correction"": ""neex""}, {""token"": ""na"", ""category"": ""ambiguous_cognate"", ""selected_candidate"": ""na"", ""final_correction"": ""na""}]"
3564,li nékh na ma maman ndiouga,lii neex na maa maman ndiouga,li neex na ma maman ndiouga,keep,https://www.youtube.com/watch?v=8CAy6LdHR4M,"[{""token"": ""li"", ""category"": ""ambiguous_cognate"", ""selected_candidate"": ""lii"", ""final_correction"": ""li""}, {""token"": ""nékh"", ""category"": ""informal_wolof"", ""selected_candidate"": ""neex"", ""final_correction"": ""neex""}, {""token"": ""na"", ""category"": ""ambiguous_cognate"", ""selected_candidate"": ""na"", ""final_correction"": ""na""}, {""token"": ""ma"", ""category"": ""ambiguous_cognate"", ""selected_candidate"": ""ma"", ""final_correction"": ""ma""}, {""token"": ""maman"", ""category"": ""french_native"", ""selected_candidate"": ""maman"", ""final_correction"": ""maman""}, {""token"": ""ndiouga"", ""category"": ""informal_wolof"", ""selected_candidate"": ""ndiouga"", ""final_correction"": ""ndiouga""}]"
3565,taximan bi autom bi néna vert bi dou yégue,taximan bi atom bi néna vert bi du yégee,taximan bi wotom bi ne na vert bi du yéeg,keep,https://www.youtube.com/watch?v=8CAy6LdHR4M,"[{""token"": ""taximan"", ""category"": ""french_native"", ""selected_candidate"": ""taximan"", ""final_correction"": ""taximan""}, {""token"": ""bi"", ""category"": ""ambiguous_cognate"", ""selected_candidate"": ""bi"", ""final_correction"": ""bi""}, {""token"": ""autom"", ""category"": ""informal_wolof"", ""selected_candidate"": ""atom"", ""final_correction"": ""wotom""}, {""token"": ""bi"", ""category"": ""ambiguous_cognate"", ""selected_candidate"": ""bi"", ""final_correction"": ""bi""}, {""token"": ""néna"", ""category"": ""wolof_formal"", ""selected_candidate"": ""néna"", ""final_correction"": ""ne na""}, {""token"": ""vert"", ""category"": ""french_native"", ""selected_candidate"": ""vert"", ""final_correction"": ""vert""}, {""token"": ""bi"", ""category"": ""ambiguous_cognate"", ""selected_candidate"": ""bi"", ""final_correction"": ""bi""}, {""token"": ""dou"", ""category"": ""french_native"", ""selected_candidate"": ""du"", ""final_correction"": ""du""}, {""token"": ""yégue"", ""category"": ""informal_wolof"", ""selected_candidate"": ""yégee"", ""final_correction"": ""yéeg""}]"
3567,li amna vitamine,lii am na vitamine,li am na vitamine,keep,https://www.youtube.com/watch?v=8CAy6LdHR4M,"[{""token"": ""li"", ""category"": ""ambiguous_cognate"", ""selected_candidate"": ""lii"", ""final_correction"": ""li""}, {""token"": ""amna"", ""category"": ""wolof_formal"", ""selected_candidate"": ""am na"", ""final_correction"": ""am na""}, {""token"": ""vitamine"", ""category"": ""ambiguous_cognate"", ""selected_candidate"": ""vitamine"", ""final_correction"": ""vitamine""}]"
3569,ibrahim khalil amount morome,ibrahim khalid mount moromi,ibrahim khalil amul morom,keep,https://www.youtube.com/watch?v=8CAy6LdHR4M,"[{""token"": ""ibrahim"", ""category"": ""french_native"", ""selected_candidate"": ""ibrahim"", ""final_correction"": ""ibrahim""}, {""token"": ""khalil"", ""category"": ""informal_wolof"", ""selected_candidate"": ""khalil"", ""final_correction"": ""khalil""}, {""token"": ""amount"", ""category"": ""informal_wolof"", ""selected_candidate"": ""mount"", ""final_correction"": ""amul""}, {""token"": ""morome"", ""category"": ""informal_wolof"", ""selected_candidate"": ""morom"", ""final_correction"": ""morom""}]"
3570,lou bonne amoul mouthieu bilay li gnawna,lu bon amoul mouthieu bilay lii gaawna,lu bon amul mucc bilay li ñaaw na,keep,https://www.youtube.com/watch?v=8CAy6LdHR4M,"[{""token"": ""lou"", ""category"": ""wolof_formal"", ""selected_candidate"": ""lu"", ""final_correction"": ""lu""}, {""token"": ""bonne"", ""category"": ""french_native"", ""selected_candidate"": ""bon"", ""final_correction"": ""bon""}, {""token"": ""amoul"", ""category"": ""ambiguous_cognate"", ""selected_candidate"": ""amoul"", ""final_correction"": ""amul""}, {""token"": ""mouthieu"", ""category"": ""informal_wolof"", ""selected_candidate"": ""mouthieu"", ""final_correction"": ""mucc""}, {""token"": ""bilay"", ""category"": ""wolof_formal"", ""selected_candidate"": ""bilay"", ""final_correction"": ""bilay""}, {""token"": ""li"", ""category"": ""ambiguous_cognate"", ""selected_candidate"": ""lii"", ""final_correction"": ""li""}, {""token"": ""gnawna"", ""category"": ""informal_wolof"", ""selected_candidate"": ""gaawna"", ""final_correction"": ""ñaaw na""}]"
3575,thiapp la si fourchette sandi la si al bi,thiapp lay ci fourchette mandi lay ci al bi,capp la si fourchette sànni la si àll bi,keep,https://www.youtube.com/watch?v=8CAy6LdHR4M,"[{""token"": ""thiapp"", ""category"": ""informal_wolof"", ""selected_candidate"": ""thiapp"", ""final_correction"": ""capp""}, {""token"": ""la"", ""category"": ""ambiguous_cognate"", ""selected_candidate"": ""la"", ""final_correction"": ""la""}, {""token"": ""si"", ""category"": ""ambiguous_cognate"", ""selected_candidate"": ""ci"", ""final_correction"": ""si""}, {""token"": ""fourchette"", ""category"": ""french_native"", ""selected_candidate"": ""fourchette"", ""final_correction"": ""fourchette""}, {""token"": ""sandi"", ""category"": ""informal_wolof"", ""selected_candidate"": ""mandi"", ""final_correction"": ""sànni""}, {""token"": ""la"", ""category"": ""ambiguous_cognate"", ""selected_candidate"": ""la"", ""final_correction"": ""la""}, {""token"": ""si"", ""category"": ""ambiguous_cognate"", ""selected_candidate"": ""ci"", ""final_correction"": ""si""}, {""token"": ""al"", ""category"": ""ambiguous_cognate"", ""selected_candidate"": ""al"", ""final_correction"": ""àll""}, {""token"": ""bi"", ""category"": ""ambiguous_cognate"", ""selected_candidate"": ""bi"", ""final_correction"": ""bi""}]"
3576,"ngaka comme un ado de 15 ans qui se cherche ‍️…. da gueye rousse sakh! fethieul président, imiter dip … on ne le reconnaît plus! ‍️",ngako comme un ado dee __protected_0__ att qui se cherche da géy rousse sax fethieul peresidaŋ imiter dib on ne les reconnaît plus,ngaka comme un ado de __protected_0__ ans qui se cherche da ngay rus sax feccal président imiter dip on ne le reconnaît plus,keep,https://www.youtube.com/watch?v=8CAy6LdHR4M,"[{""token"": ""ngaka"", ""category"": ""informal_wolof"", ""selected_candidate"": ""ngaka"", ""final_correction"": ""ngaka""}, {""token"": ""comme"", ""category"": ""ambiguous_cognate"", ""selected_candidate"": ""comme"", ""final_correction"": ""comme""}, {""token"": ""un"", ""category"": ""ambiguous_cognate"", ""selected_candidate"": ""un"", ""final_correction"": ""un""}, {""token"": ""ado"", ""category"": ""ambiguous_cognate"", ""selected_candidate"": ""ado"", ""final_correction"": ""ado""}, {""token"": ""de"", ""category"": ""ambiguous_cognate"", ""selected_candidate"": ""dee"", ""final_correction"": ""de""}, {""token"": ""__protected_0__"", ""category"": ""informal_wolof"", ""selected_candidate"": ""__protected_0__"", ""final_correction"": ""__protected_0__""}, {""token"": ""ans"", ""category"": ""french_substituted"", ""selected_candidate"": ""att"", ""final_correction"": ""ans""}, {""token"": ""qui"", ""category"": ""ambiguous_cognate"", ""selected_candidate"": ""qui"", ""final_correction"": ""qui""}, {""token"": ""se"", ""category"": ""ambiguous_cognate"", ""selected_candidate"": ""se"", ""final_correction"": ""se""}, {""token"": ""cherche"", ""category"": ""french_native"", ""selected_candidate"": ""cherche"", ""final_correction"": ""cherche""}, {""token"": ""da"", ""category"": ""ambiguous_cognate"", ""selected_candidate"": ""da"", ""final_correction"": ""da""}, {""token"": ""gueye"", ""category"": ""french_substituted"", ""selected_candidate"": ""géy"", ""final_correction"": ""ngay""}, {""token"": ""rousse"", ""category"": ""french_native"", ""selected_candidate"": ""rousse"", ""final_correction"": ""rus""}, {""token"": ""sakh"", ""category"": ""informal_wolof"", ""selected_candidate"": ""sax"", ""final_correction"": ""sax""}, {""token"": ""fethieul"", ""category"": ""informal_wolof"", ""selected_candidate"": ""fethieul"", ""final_correction"": ""feccal""}, {""token"": ""président"", ""category"": ""french_substituted"", ""selected_candidate"": ""président"", ""final_correction"": ""président""}, {""token"": ""imiter"", ""category"": ""french_native"", ""selected_candidate"": ""imiter"", ""final_correction"": ""imiter""}, {""token"": ""dip"", ""category"": ""informal_wolof"", ""selected_candidate"": ""dip"", ""final_correction"": ""dip""}, {""token"": ""on"", ""category"": ""ambiguous_cognate"", ""selected_candidate"": ""on"", ""final_correction"": ""on""}, {""token"": ""ne"", ""category"": ""ambiguous_cognate"", ""selected_candidate"": ""ne"", ""final_correction"": ""ne""}, {""token"": ""le"", ""category"": ""ambiguous_cognate"", ""selected_candidate"": ""le"", ""final_correction"": ""le""}, {""token"": ""reconnaît"", ""category"": ""french_native"", ""selected_candidate"": ""reconnaît"", ""final_correction"": ""reconnaît""}, {""token"": ""plus"", ""category"": ""ambiguous_cognate"", ""selected_candidate"": ""plus"", ""final_correction"": ""plus""}]"
3596,wa li nex na déh enfin maman oumy fégne na sama khol bi,waa lii nex na dée mujjantal maman oumy feeñ na sama xol bi,waa li neex na de enfin maman oumy feeñ na sama xol bi,keep,https://www.youtube.com/watch?v=8CAy6LdHR4M,"[{""token"": ""wa"", ""category"": ""ambiguous_cognate"", ""selected_candidate"": ""waa"", ""final_correction"": ""waa""}, {""token"": ""li"", ""category"": ""ambiguous_cognate"", ""selected_candidate"": ""lii"", ""final_correction"": ""li""}, {""token"": ""nex"", ""category"": ""wolof_formal"", ""selected_candidate"": ""nex"", ""final_correction"": ""neex""}, {""token"": ""na"", ""category"": ""ambiguous_cognate"", ""selected_candidate"": ""na"", ""final_correction"": ""na""}, {""token"": ""déh"", ""category"": ""informal_wolof"", ""selected_candidate"": ""dée"", ""final_correction"": ""de""}, {""token"": ""enfin"", ""category"": ""french_substituted"", ""selected_candidate"": ""enfin"", ""final_correction"": ""enfin""}, {""token"": ""maman"", ""category"": ""french_native"", ""selected_candidate"": ""maman"", ""final_correction"": ""maman""}, {""token"": ""oumy"", ""category"": ""informal_wolof"", ""selected_candidate"": ""oumy"", ""final_correction"": ""oumy""}, {""token"": ""fégne"", ""category"": ""informal_wolof"", ""selected_candidate"": ""feeñ"", ""final_correction"": ""feeñ""}, {""token"": ""na"", ""category"": ""ambiguous_cognate"", ""selected_candidate"": ""na"", ""final_correction"": ""na""}, {""token"": ""sama"", ""category"": ""ambiguous_cognate"", ""selected_candidate"": ""sama"", ""final_correction"": ""sama""}, {""token"": ""khol"", ""category"": ""informal_wolof"", ""selected_candidate"": ""xol"", ""final_correction"": ""xol""}, {""token"": ""bi"", ""category"": ""ambiguous_cognate"", ""selected_candidate"": ""bi"", ""final_correction"": ""bi""}]"
5877,awa cheikh nekoul si benn yoon,awa seex nekkul ci benn yoon,awa cheikh nekkul si benn yoon,keep,https://www.youtube.com/watch?v=wMOsSBNV-iI,"[{""token"": ""awa"", ""category"": ""ambiguous_cognate"", ""selected_candidate"": ""awa"", ""final_correction"": ""awa""}, {""token"": ""cheikh"", ""category"": ""french_substituted"", ""selected_candidate"": ""cheikh"", ""final_correction"": ""cheikh""}, {""token"": ""nekoul"", ""category"": ""informal_wolof"", ""selected_candidate"": ""nekkul"", ""final_correction"": ""nekkul""}, {""token"": ""si"", ""category"": ""ambiguous_cognate"", ""selected_candidate"": ""ci"", ""final_correction"": ""si""}, {""token"": ""benn"", ""category"": ""ambiguous_cognate"", ""selected_candidate"": ""benn"", ""final_correction"": ""benn""}, {""token"": ""yoon"", ""category"": ""ambiguous_cognate"", ""selected_candidate"": ""yoon"", ""final_correction"": ""yoon""}]"
5901,pourtant nīarél yi dagno ame ay waye you bonne rékh mé dagno bakh té nak khame lén ni ame na awo you hypocrite bilahi,pourtant ñaarel yi dagno am ay waye you bonne rékk mé dagno bakk té nak xam leen ni am na ado you hypocrite bilici,pourtant ñaareel yi da ñoo am ay waay yu bon rek mais da ñoo baax te nak xam leen ni am na aawo yu hypocrite bilahi,keep,https://www.youtube.com/watch?v=wMOsSBNV-iI,"[{""token"": ""pourtant"", ""category"": ""french_native"", ""selected_candidate"": ""pourtant"", ""final_correction"": ""pourtant""}, {""token"": ""nīarél"", ""category"": ""informal_wolof"", ""selected_candidate"": ""ñaarel"", ""final_correction"": ""ñaareel""}, {""token"": ""yi"", ""category"": ""ambiguous_cognate"", ""selected_candidate"": ""yi"", ""final_correction"": ""yi""}, {""token"": ""dagno"", ""category"": ""wolof_formal"", ""selected_candidate"": ""dagno"", ""final_correction"": ""da ñoo""}, {""token"": ""ame"", ""category"": ""ambiguous_cognate"", ""selected_candidate"": ""am"", ""final_correction"": ""am""}, {""token"": ""ay"", ""category"": ""ambiguous_cognate"", ""selected_candidate"": ""ay"", ""final_correction"": ""ay""}, {""token"": ""waye"", ""category"": ""wolof_formal"", ""selected_candidate"": ""waye"", ""final_correction"": ""waay""}, {""token"": ""you"", ""category"": ""ambiguous_cognate"", ""selected_candidate"": ""you"", ""final_correction"": ""yu""}, {""token"": ""bonne"", ""category"": ""french_native"", ""selected_candidate"": ""bonne"", ""final_correction"": ""bon""}, {""token"": ""rékh"", ""category"": ""informal_wolof"", ""selected_candidate"": ""rek"", ""final_correction"": ""rek""}, {""token"": ""mé"", ""category"": ""wolof_formal"", ""selected_candidate"": ""mé"", ""final_correction"": ""mais""}, {""token"": ""dagno"", ""category"": ""wolof_formal"", ""selected_candidate"": ""dagno"", ""final_correction"": ""da ñoo""}, {""token"": ""bakh"", ""category"": ""informal_wolof"", ""selected_candidate"": ""baax"", ""final_correction"": ""baax""}, {""token"": ""té"", ""category"": ""ambiguous_cognate"", ""selected_candidate"": ""té"", ""final_correction"": ""te""}, {""token"": ""nak"", ""category"": ""ambiguous_cognate"", ""selected_candidate"": ""nak"", ""final_correction"": ""nak""}, {""token"": ""khame"", ""category"": ""informal_wolof"", ""selected_candidate"": ""xam"", ""final_correction"": ""xam""}, {""token"": ""lén"", ""category"": ""informal_wolof"", ""selected_candidate"": ""leen"", ""final_correction"": ""leen""}, {""token"": ""ni"", ""category"": ""ambiguous_cognate"", ""selected_candidate"": ""ni"", ""final_correction"": ""ni""}, {""token"": ""ame"", ""category"": ""ambiguous_cognate"", ""selected_candidate"": ""am"", ""final_correction"": ""am""}, {""token"": ""na"", ""category"": ""ambiguous_cognate"", ""selected_candidate"": ""na"", ""final_correction"": ""na""}, {""token"": ""awo"", ""category"": ""informal_wolof"", ""selected_candidate"": ""ado"", ""final_correction"": ""aawo""}, {""token"": ""you"", ""category"": ""ambiguous_cognate"", ""selected_candidate"": ""you"", ""final_correction"": ""yu""}, {""token"": ""hypocrite"", ""category"": ""french_native"", ""selected_candidate"": ""hypocrite"", ""final_correction"": ""hypocrite""}, {""token"": ""bilahi"", ""category"": ""informal_wolof"", ""selected_candidate"": ""bilahi"", ""final_correction"": ""bilahi""}]"
5909,kou guem ni chiekh tidaiane ak aicha dane beuguate rek lalale j'aime,ku geem ni chiekh tidaiane ak aicha dabe beuguate rek dalale j'aime,ku gëm ni chiekh tidaiane ak aicha dañ bëggante rek laalal j'aime,keep,https://www.youtube.com/watch?v=wMOsSBNV-iI,"[{""token"": ""kou"", ""category"": ""informal_wolof"", ""selected_candidate"": ""ku"", ""final_correction"": ""ku""}, {""token"": ""guem"", ""category"": ""informal_wolof"", ""selected_candidate"": ""gëm"", ""final_correction"": ""gëm""}, {""token"": ""ni"", ""category"": ""ambiguous_cognate"", ""selected_candidate"": ""ni"", ""final_correction"": ""ni""}, {""token"": ""chiekh"", ""category"": ""informal_wolof"", ""selected_candidate"": ""chiekh"", ""final_correction"": ""chiekh""}, {""token"": ""tidaiane"", ""category"": ""informal_wolof"", ""selected_candidate"": ""tidaiane"", ""final_correction"": ""tidaiane""}, {""token"": ""ak"", ""category"": ""ambiguous_cognate"", ""selected_candidate"": ""ak"", ""final_correction"": ""ak""}, {""token"": ""aicha"", ""category"": ""informal_wolof"", ""selected_candidate"": ""aicha"", ""final_correction"": ""aicha""}, {""token"": ""dane"", ""category"": ""informal_wolof"", ""selected_candidate"": ""dane"", ""final_correction"": ""dañ""}, {""token"": ""beuguate"", ""category"": ""informal_wolof"", ""selected_candidate"": ""beuguate"", ""final_correction"": ""bëggante""}, {""token"": ""rek"", ""category"": ""ambiguous_cognate"", ""selected_candidate"": ""rek"", ""final_correction"": ""rek""}, {""token"": ""lalale"", ""category"": ""informal_wolof"", ""selected_candidate"": ""dalale"", ""final_correction"": ""laalal""}, {""token"": ""j'aime"", ""category"": ""french_native"", ""selected_candidate"": ""j'aime"", ""final_correction"": ""j'aime""}]"
5911,salimate gorr la,salemata goor lay,salimate góor la,keep,https://www.youtube.com/watch?v=wMOsSBNV-iI,"[{""token"": ""salimate"", ""category"": ""informal_wolof"", ""selected_candidate"": ""salimate"", ""final_correction"": ""salimate""}, {""token"": ""gorr"", ""category"": ""informal_wolof"", ""selected_candidate"": ""goor"", ""final_correction"": ""góor""}, {""token"": ""la"", ""category"": ""ambiguous_cognate"", ""selected_candidate"": ""la"", ""final_correction"": ""la""}]"
5920,ohh tidiane khadim thiam lii gněni doundnou insbi nékh na trop machalla diamou nèkh na,oha tiijaan khalid caam li gněni doundnou insbi někh na trop mashalla damon nekk na,ohh tidiane khadim thiam lii ngeen di dund ins bi neex na trop machalla jàmm neex na,keep,https://www.youtube.com/watch?v=wMOsSBNV-iI,"[{""token"": ""ohh"", ""category"": ""informal_wolof"", ""selected_candidate"": ""ohh"", ""final_correction"": ""ohh""}, {""token"": ""tidiane"", ""category"": ""french_substituted"", ""selected_candidate"": ""tidiane"", ""final_correction"": ""tidiane""}, {""token"": ""khadim"", ""category"": ""informal_wolof"", ""selected_candidate"": ""khadim"", ""final_correction"": ""khadim""}, {""token"": ""thiam"", ""category"": ""french_substituted"", ""selected_candidate"": ""thiam"", ""final_correction"": ""thiam""}, {""token"": ""lii"", ""category"": ""ambiguous_cognate"", ""selected_candidate"": ""lii"", ""final_correction"": ""lii""}, {""token"": ""gněni"", ""category"": ""informal_wolof"", ""selected_candidate"": ""gněni"", ""final_correction"": ""ngeen di""}, {""token"": ""doundnou"", ""category"": ""informal_wolof"", ""selected_candidate"": ""doundnou"", ""final_correction"": ""dund""}, {""token"": ""insbi"", ""category"": ""informal_wolof"", ""selected_candidate"": ""insbi"", ""final_correction"": ""ins bi""}, {""token"": ""nékh"", ""category"": ""informal_wolof"", ""selected_candidate"": ""někh"", ""final_correction"": ""neex""}, {""token"": ""na"", ""category"": ""ambiguous_cognate"", ""selected_candidate"": ""na"", ""final_correction"": ""na""}, {""token"": ""trop"", ""category"": ""french_native"", ""selected_candidate"": ""trop"", ""final_correction"": ""trop""}, {""token"": ""machalla"", ""category"": ""informal_wolof"", ""selected_candidate"": ""machalla"", ""final_correction"": ""machalla""}, {""token"": ""diamou"", ""category"": ""informal_wolof"", ""selected_candidate"": ""damon"", ""final_correction"": ""jàmm""}, {""token"": ""nèkh"", ""category"": ""informal_wolof"", ""selected_candidate"": ""nekk"", ""final_correction"": ""neex""}, {""token"": ""na"", ""category"": ""ambiguous_cognate"", ""selected_candidate"": ""na"", ""final_correction"": ""na""}]"
5926,café touba xelcom moy bou bakha bi,café tuubaa meloom mooy bu baaxa bi,café touba xelcom mooy bu baax bi,keep,https://www.youtube.com/watch?v=wMOsSBNV-iI,"[{""token"": ""café"", ""category"": ""ambiguous_cognate"", ""selected_candidate"": ""café"", ""final_correction"": ""café""}, {""token"": ""touba"", ""category"": ""french_substituted"", ""selected_candidate"": ""touba"", ""final_correction"": ""touba""}, {""token"": ""xelcom"", ""category"": ""informal_wolof"", ""selected_candidate"": ""xelcom"", ""final_correction"": ""xelcom""}, {""token"": ""moy"", ""category"": ""wolof_formal"", ""selected_candidate"": ""mooy"", ""final_correction"": ""mooy""}, {""token"": ""bou"", ""category"": ""ambiguous_cognate"", ""selected_candidate"": ""bu"", ""final_correction"": ""bu""}, {""token"": ""bakha"", ""category"": ""informal_wolof"", ""selected_candidate"": ""baaxa"", ""final_correction"": ""baax""}, {""token"": ""bi"", ""category"": ""ambiguous_cognate"", ""selected_candidate"": ""bi"", ""final_correction"": ""bi""}]"
5931,ibnou thiam t mom khamakoul sakh né oumy moko doflo,ibnou caam te moom khamakoul sax né oumy moko doflu,ibnou thiam te moom xamagul sax ne oumy moo ko dofloo,keep,https://www.youtube.com/watch?v=wMOsSBNV-iI,"[{""token"": ""ibnou"", ""category"": ""french_native"", ""selected_candidate"": ""ibnou"", ""final_correction"": ""ibnou""}, {""token"": ""thiam"", ""category"": ""french_substituted"", ""selected_candidate"": ""caam"", ""final_correction"": ""thiam""}, {""token"": ""t"", ""category"": ""ambiguous_cognate"", ""selected_candidate"": ""te"", ""final_correction"": ""te""}, {""token"": ""mom"", ""category"": ""wolof_formal"", ""selected_candidate"": ""moom"", ""final_correction"": ""moom""}, {""token"": ""khamakoul"", ""category"": ""informal_wolof"", ""selected_candidate"": ""khamakoul"", ""final_correction"": ""xamagul""}, {""token"": ""sakh"", ""category"": ""informal_wolof"", ""selected_candidate"": ""sax"", ""final_correction"": ""sax""}, {""token"": ""né"", ""category"": ""ambiguous_cognate"", ""selected_candidate"": ""né"", ""final_correction"": ""ne""}, {""token"": ""oumy"", ""category"": ""informal_wolof"", ""selected_candidate"": ""oumy"", ""final_correction"": ""oumy""}, {""token"": ""moko"", ""category"": ""ambiguous_cognate"", ""selected_candidate"": ""moko"", ""final_correction"": ""moo ko""}, {""token"": ""doflo"", ""category"": ""informal_wolof"", ""selected_candidate"": ""doflu"", ""final_correction"": ""dofloo""}]"
5933,kanla yalla di tagou di diell yayam,kan la yalla di tàggu di diehl fayam,kan la yalla di tàggu di jél yayam,keep,https://www.youtube.com/watch?v=wMOsSBNV-iI,"[{""token"": ""kanla"", ""category"": ""informal_wolof"", ""selected_candidate"": ""kan la"", ""final_correction"": ""kan la""}, {""token"": ""yalla"", ""category"": ""ambiguous_cognate"", ""selected_candidate"": ""yalla"", ""final_correction"": ""yalla""}, {""token"": ""di"", ""category"": ""ambiguous_cognate"", ""selected_candidate"": ""di"", ""final_correction"": ""di""}, {""token"": ""tagou"", ""category"": ""informal_wolof"", ""selected_candidate"": ""tàggu"", ""final_correction"": ""tàggu""}, {""token"": ""di"", ""category"": ""ambiguous_cognate"", ""selected_candidate"": ""di"", ""final_correction"": ""di""}, {""token"": ""diell"", ""category"": ""informal_wolof"", ""selected_candidate"": ""diehl"", ""final_correction"": ""jél""}, {""token"": ""yayam"", ""category"": ""informal_wolof"", ""selected_candidate"": ""yayam"", ""final_correction"": ""yayam""}]"
5938,wa bakir hummmm souk bi nak wouyyy guore gni roye lén si bakir,waa bakir hummmm souk bi nak wouyyy goore ñi roye leen ci bakir,waa bakir hum sukk bi nak wuy góor ñi roy leen si bakir,keep,https://www.youtube.com/watch?v=wMOsSBNV-iI,"[{""token"": ""wa"", ""category"": ""ambiguous_cognate"", ""selected_candidate"": ""waa"", ""final_correction"": ""waa""}, {""token"": ""bakir"", ""category"": ""informal_wolof"", ""selected_candidate"": ""bakir"", ""final_correction"": ""bakir""}, {""token"": ""hummmm"", ""category"": ""informal_wolof"", ""selected_candidate"": ""hummmm"", ""final_correction"": ""hum""}, {""token"": ""souk"", ""category"": ""french_native"", ""selected_candidate"": ""souk"", ""final_correction"": ""sukk""}, {""token"": ""bi"", ""category"": ""ambiguous_cognate"", ""selected_candidate"": ""bi"", ""final_correction"": ""bi""}, {""token"": ""nak"", ""category"": ""ambiguous_cognate"", ""selected_candidate"": ""nak"", ""final_correction"": ""nak""}, {""token"": ""wouyyy"", ""category"": ""informal_wolof"", ""selected_candidate"": ""wouyyy"", ""final_correction"": ""wuy""}, {""token"": ""guore"", ""category"": ""informal_wolof"", ""selected_candidate"": ""goore"", ""final_correction"": ""góor""}, {""token"": ""gni"", ""category"": ""wolof_formal"", ""selected_candidate"": ""ñi"", ""final_correction"": ""ñi""}, {""token"": ""roye"", ""category"": ""wolof_formal"", ""selected_candidate"": ""roye"", ""final_correction"": ""roy""}, {""token"": ""lén"", ""category"": ""informal_wolof"", ""selected_candidate"": ""leen"", ""final_correction"": ""leen""}, {""token"": ""si"", ""category"": ""ambiguous_cognate"", ""selected_candidate"": ""ci"", ""final_correction"": ""si""}, {""token"": ""bakir"", ""category"": ""informal_wolof"", ""selected_candidate"": ""bakir"", ""final_correction"": ""bakir""}]"
3377,mareme sofna nekhouma darra,maree soof na nekkuma darra,mareme soof na neexu ma dara,keep,https://www.youtube.com/watch?v=l6b5aJIqeNo,"[{""token"": ""mareme"", ""category"": ""informal_wolof"", ""selected_candidate"": ""mareme"", ""final_correction"": ""mareme""}, {""token"": ""sofna"", ""category"": ""informal_wolof"", ""selected_candidate"": ""soof na"", ""final_correction"": ""soof na""}, {""token"": ""nekhouma"", ""category"": ""informal_wolof"", ""selected_candidate"": ""nekkuma"", ""final_correction"": ""neexu ma""}, {""token"": ""darra"", ""category"": ""wolof_formal"", ""selected_candidate"": ""darra"", ""final_correction"": ""dara""}]"
