occurrence_id,source_index,token_position,informal_token,formal_token,lemma,pos,source_language,target_language,entity_type,protected,error_type,error_types_json,transformation_steps_json,review_status,notes,lexical_reusable,lookup_source,saved_utc
250:0,250,0,mann,man,man,PRON,wo,wo,UNKNOWN,no,repetition,"[""repetition"", ""insertion""]","[{""operation"": ""insert"", ""formal_text"": """", ""informal_text"": ""n"", ""formal_start"": 3, ""formal_end"": 3, ""informal_start"": 3, ""informal_end"": 4}]",reviewed,,true,seed_lookup,2026-08-08T16:56:41.567444+00:00
250:1,250,1,buneh,bu ne,,UNKNOWN,unknown,wo,UNKNOWN,no,spacing_merge,"[""spacing_merge"", ""insertion""]","[{""operation"": ""delete"", ""formal_text"": "" "", ""informal_text"": """", ""formal_start"": 2, ""formal_end"": 3, ""informal_start"": 2, ""informal_end"": 2}, {""operation"": ""insert"", ""formal_text"": """", ""informal_text"": ""h"", ""formal_start"": 5, ""formal_end"": 5, ""informal_start"": 4, ""informal_end"": 5}]",reviewed,,true,none,2026-08-08T16:58:06.573105+00:00
250:2,250,2,weurseuk,wërsëg,wërsëg,NOUN,wo,wo,UNKNOWN,no,diacritic,"[""diacritic"", ""substitution""]","[{""operation"": ""replace"", ""formal_text"": ""ë"", ""informal_text"": ""eu"", ""formal_start"": 1, ""formal_end"": 2, ""informal_start"": 1, ""informal_end"": 3}, {""operation"": ""replace"", ""formal_text"": ""ëg"", ""informal_text"": ""euk"", ""formal_start"": 4, ""formal_end"": 6, ""informal_start"": 5, ""informal_end"": 8}]",reviewed,,false,seed_lookup,2026-08-08T17:18:45.956287+00:00
250:3,250,3,rek,rek,rek,UNKNOWN,wo,wo,UNKNOWN,no,identity,"[""identity""]",[],reviewed,,true,manual,2026-08-08T17:19:34.610948+00:00
250:4,250,4,sama,sama,sama,DET,wo,wo,UNKNOWN,no,identity,"[""identity""]",[],reviewed,,false,seed_lookup,2026-08-08T17:19:42.925615+00:00
253:2,253,2,wayadi,wayadi,wayadi,VERB,wo,wo,UNKNOWN,no,identity,"[""identity""]",[],reviewed,AUTO_IDENTITY_LOOKUP,false,seed_lookup,2026-08-08T17:28:13.528221+00:00
258:9,258,9,yoon,yoon,yoon,NOUN,wo,wo,UNKNOWN,no,identity,"[""identity""]",[],reviewed,AUTO_IDENTITY_LOOKUP,false,seed_lookup,2026-08-08T17:28:13.529220+00:00
258:15,258,15,goro,goro,goro,NOUN,wo,wo,UNKNOWN,no,identity,"[""identity""]",[],reviewed,AUTO_IDENTITY_LOOKUP,false,seed_lookup,2026-08-08T17:28:13.529220+00:00
258:24,258,24,yoon,yoon,yoon,NOUN,wo,wo,UNKNOWN,no,identity,"[""identity""]",[],reviewed,AUTO_IDENTITY_LOOKUP,false,seed_lookup,2026-08-08T17:28:13.530220+00:00
258:25,258,25,nga,nga,nga,PRON,wo,wo,UNKNOWN,no,identity,"[""identity""]",[],reviewed,AUTO_IDENTITY_LOOKUP,false,seed_lookup,2026-08-08T17:28:13.530220+00:00
258:26,258,26,goor,goor,goor,VERB,wo,wo,UNKNOWN,no,identity,"[""identity""]",[],reviewed,AUTO_IDENTITY_LOOKUP,false,seed_lookup,2026-08-08T17:28:13.530220+00:00
258:27,258,27,goor,goor,goor,VERB,wo,wo,UNKNOWN,no,identity,"[""identity""]",[],reviewed,AUTO_IDENTITY_LOOKUP,false,seed_lookup,2026-08-08T17:28:13.531219+00:00
268:9,268,9,laye,laye,laye,VERB,wo,wo,UNKNOWN,no,identity,"[""identity""]",[],reviewed,AUTO_IDENTITY_LOOKUP,false,seed_lookup,2026-08-08T17:28:13.531219+00:00
269:14,269,14,nga,nga,nga,PRON,wo,wo,UNKNOWN,no,identity,"[""identity""]",[],reviewed,AUTO_IDENTITY_LOOKUP,false,seed_lookup,2026-08-08T17:28:13.532220+00:00
269:15,269,15,goor,goor,goor,VERB,wo,wo,UNKNOWN,no,identity,"[""identity""]",[],reviewed,AUTO_IDENTITY_LOOKUP,false,seed_lookup,2026-08-08T17:28:13.532220+00:00
270:7,270,7,goor,goor,goor,VERB,wo,wo,UNKNOWN,no,identity,"[""identity""]",[],reviewed,AUTO_IDENTITY_LOOKUP,false,seed_lookup,2026-08-08T17:28:13.533221+00:00
272:12,272,12,nga,nga,nga,PRON,wo,wo,UNKNOWN,no,identity,"[""identity""]",[],reviewed,AUTO_IDENTITY_LOOKUP,false,seed_lookup,2026-08-08T17:28:13.534219+00:00
274:5,274,5,mii,mii,mii,PUNCT,wo,wo,UNKNOWN,no,identity,"[""identity""]",[],reviewed,AUTO_IDENTITY_LOOKUP,false,seed_lookup,2026-08-08T17:28:13.534219+00:00
282:1,282,1,goro,goro,goro,NOUN,wo,wo,UNKNOWN,no,identity,"[""identity""]",[],reviewed,AUTO_IDENTITY_LOOKUP,false,seed_lookup,2026-08-08T17:28:13.535220+00:00
284:4,284,4,fayda,fayda,fayda,NOUN,wo,wo,UNKNOWN,no,identity,"[""identity""]",[],reviewed,AUTO_IDENTITY_LOOKUP,false,seed_lookup,2026-08-08T17:28:13.536220+00:00
307:1,307,1,goor,goor,goor,VERB,wo,wo,UNKNOWN,no,identity,"[""identity""]",[],reviewed,AUTO_IDENTITY_LOOKUP,false,seed_lookup,2026-08-08T17:28:13.537744+00:00
308:3,308,3,sof,sof,sof,VERB,wo,wo,UNKNOWN,no,identity,"[""identity""]",[],reviewed,AUTO_IDENTITY_LOOKUP,false,seed_lookup,2026-08-08T17:28:13.538743+00:00
312:1,312,1,mii,mii,mii,PUNCT,wo,wo,UNKNOWN,no,identity,"[""identity""]",[],reviewed,AUTO_IDENTITY_LOOKUP,false,seed_lookup,2026-08-08T17:28:13.538743+00:00
318:3,318,3,sama,sama,sama,DET,wo,wo,UNKNOWN,no,identity,"[""identity""]",[],reviewed,AUTO_IDENTITY_LOOKUP,false,seed_lookup,2026-08-08T17:28:13.539743+00:00
332:2,332,2,kenn,kenn,kenn,NOUN,wo,wo,UNKNOWN,no,identity,"[""identity""]",[],reviewed,AUTO_IDENTITY_LOOKUP,false,seed_lookup,2026-08-08T17:28:13.539743+00:00
338:3,338,3,goro,goro,goro,NOUN,wo,wo,UNKNOWN,no,identity,"[""identity""]",[],reviewed,AUTO_IDENTITY_LOOKUP,false,seed_lookup,2026-08-08T17:28:13.540742+00:00
343:1,343,1,bii,bii,bii,PUNCT,wo,wo,UNKNOWN,no,identity,"[""identity""]",[],reviewed,AUTO_IDENTITY_LOOKUP,false,seed_lookup,2026-08-08T17:28:13.541743+00:00
344:3,344,3,dafay,dafay,dafay,VERB,wo,wo,UNKNOWN,no,identity,"[""identity""]",[],reviewed,AUTO_IDENTITY_LOOKUP,false,seed_lookup,2026-08-08T17:28:13.541743+00:00
344:4,344,4,metti,metti,metti,VERB,wo,wo,UNKNOWN,no,identity,"[""identity""]",[],reviewed,AUTO_IDENTITY_LOOKUP,false,seed_lookup,2026-08-08T17:28:13.541743+00:00
344:5,344,5,sama,sama,sama,DET,wo,wo,UNKNOWN,no,identity,"[""identity""]",[],reviewed,AUTO_IDENTITY_LOOKUP,false,seed_lookup,2026-08-08T17:28:13.542809+00:00
344:10,344,10,fiire,fiire,fiire,VERB,wo,wo,UNKNOWN,no,identity,"[""identity""]",[],reviewed,AUTO_IDENTITY_LOOKUP,false,seed_lookup,2026-08-08T17:28:13.542809+00:00
345:1,345,1,goor,goor,goor,VERB,wo,wo,UNKNOWN,no,identity,"[""identity""]",[],reviewed,AUTO_IDENTITY_LOOKUP,false,seed_lookup,2026-08-08T17:28:13.542809+00:00
349:0,349,0,sama,sama,sama,DET,wo,wo,UNKNOWN,no,identity,"[""identity""]",[],reviewed,AUTO_IDENTITY_LOOKUP,false,seed_lookup,2026-08-08T17:28:13.544808+00:00
351:9,351,9,nga,nga,nga,PRON,wo,wo,UNKNOWN,no,identity,"[""identity""]",[],reviewed,AUTO_IDENTITY_LOOKUP,false,seed_lookup,2026-08-08T17:28:13.544808+00:00
364:6,364,6,wala,wala,wala,CCONJ,wo,wo,UNKNOWN,no,identity,"[""identity""]",[],reviewed,AUTO_IDENTITY_LOOKUP,false,seed_lookup,2026-08-08T17:28:13.545809+00:00
365:9,365,9,wala,wala,wala,CCONJ,wo,wo,UNKNOWN,no,identity,"[""identity""]",[],reviewed,AUTO_IDENTITY_LOOKUP,false,seed_lookup,2026-08-08T17:28:13.546809+00:00
369:1,369,1,nga,nga,nga,PRON,wo,wo,UNKNOWN,no,identity,"[""identity""]",[],reviewed,AUTO_IDENTITY_LOOKUP,false,seed_lookup,2026-08-08T17:28:13.546809+00:00
370:0,370,0,sama,sama,sama,DET,wo,wo,UNKNOWN,no,identity,"[""identity""]",[],reviewed,AUTO_IDENTITY_LOOKUP,false,seed_lookup,2026-08-08T17:28:13.546809+00:00
379:6,379,6,def,def,def,VERB,wo,wo,UNKNOWN,no,identity,"[""identity""]",[],reviewed,AUTO_IDENTITY_LOOKUP,false,seed_lookup,2026-08-08T17:28:13.547809+00:00
379:11,379,11,ki,ki,ki,PUNCT,wo,wo,UNKNOWN,no,identity,"[""identity""]",[],reviewed,AUTO_IDENTITY_LOOKUP,false,seed_lookup,2026-08-08T17:28:13.547809+00:00
384:18,384,18,nga,nga,nga,PRON,wo,wo,UNKNOWN,no,identity,"[""identity""]",[],reviewed,AUTO_IDENTITY_LOOKUP,false,seed_lookup,2026-08-08T17:28:13.547809+00:00
395:13,395,13,ki,ki,ki,PUNCT,wo,wo,UNKNOWN,no,identity,"[""identity""]",[],reviewed,AUTO_IDENTITY_LOOKUP,false,seed_lookup,2026-08-08T17:28:13.548808+00:00
395:14,395,14,soof,soof,soof,VERB,wo,wo,UNKNOWN,no,identity,"[""identity""]",[],reviewed,AUTO_IDENTITY_LOOKUP,false,seed_lookup,2026-08-08T17:28:13.548808+00:00
396:1,396,1,ki,ki,ki,PUNCT,wo,wo,UNKNOWN,no,identity,"[""identity""]",[],reviewed,AUTO_IDENTITY_LOOKUP,false,seed_lookup,2026-08-08T17:28:13.548808+00:00
397:1,397,1,damay,damay,damay,PART,wo,wo,UNKNOWN,no,identity,"[""identity""]",[],reviewed,AUTO_IDENTITY_LOOKUP,false,seed_lookup,2026-08-08T17:28:13.549809+00:00
400:3,400,3,wala,wala,wala,CCONJ,wo,wo,UNKNOWN,no,identity,"[""identity""]",[],reviewed,AUTO_IDENTITY_LOOKUP,false,seed_lookup,2026-08-08T17:28:13.549809+00:00
424:21,424,21,doom,doom,doom,NOUN,wo,wo,UNKNOWN,no,identity,"[""identity""]",[],reviewed,AUTO_IDENTITY_LOOKUP,false,seed_lookup,2026-08-08T17:28:13.550808+00:00
437:8,437,8,rees,rees,rees,VERB,wo,wo,UNKNOWN,no,identity,"[""identity""]",[],reviewed,AUTO_IDENTITY_LOOKUP,false,seed_lookup,2026-08-08T17:28:13.551809+00:00
3521:4,3521,4,way,way,way,VERB,wo,wo,UNKNOWN,no,identity,"[""identity""]",[],reviewed,AUTO_IDENTITY_LOOKUP,false,seed_lookup,2026-08-08T17:28:13.552809+00:00
3543:3,3543,3,sama,sama,sama,DET,wo,wo,UNKNOWN,no,identity,"[""identity""]",[],reviewed,AUTO_IDENTITY_LOOKUP,false,seed_lookup,2026-08-08T17:28:13.552809+00:00
3577:1,3577,1,mii,mii,mii,PUNCT,wo,wo,UNKNOWN,no,identity,"[""identity""]",[],reviewed,AUTO_IDENTITY_LOOKUP,false,seed_lookup,2026-08-08T17:28:13.554808+00:00
3584:0,3584,0,borom,borom,borom,NOUN,wo,wo,UNKNOWN,no,identity,"[""identity""]",[],reviewed,AUTO_IDENTITY_LOOKUP,false,seed_lookup,2026-08-08T17:28:13.554808+00:00
3596:10,3596,10,sama,sama,sama,DET,wo,wo,UNKNOWN,no,identity,"[""identity""]",[],reviewed,AUTO_IDENTITY_LOOKUP,false,seed_lookup,2026-08-08T17:28:13.555808+00:00
5875:2,5875,2,rafet,rafet,rafet,VERB,wo,wo,UNKNOWN,no,identity,"[""identity""]",[],reviewed,AUTO_IDENTITY_LOOKUP,false,seed_lookup,2026-08-08T17:28:13.555808+00:00
5877:4,5877,4,benn,benn,benn,NOUN,wo,wo,UNKNOWN,no,identity,"[""identity""]",[],reviewed,AUTO_IDENTITY_LOOKUP,false,seed_lookup,2026-08-08T17:28:13.555808+00:00
5877:5,5877,5,yoon,yoon,yoon,NOUN,wo,wo,UNKNOWN,no,identity,"[""identity""]",[],reviewed,AUTO_IDENTITY_LOOKUP,false,seed_lookup,2026-08-08T17:28:13.556809+00:00
5884:0,5884,0,sama,sama,sama,DET,wo,wo,UNKNOWN,no,identity,"[""identity""]",[],reviewed,AUTO_IDENTITY_LOOKUP,false,seed_lookup,2026-08-08T17:28:13.556809+00:00
5891:8,5891,8,wala,wala,wala,CCONJ,wo,wo,UNKNOWN,no,identity,"[""identity""]",[],reviewed,AUTO_IDENTITY_LOOKUP,false,seed_lookup,2026-08-08T17:28:13.557808+00:00
5920:4,5920,4,lii,lii,lii,DET,wo,wo,UNKNOWN,no,identity,"[""identity""]",[],reviewed,AUTO_IDENTITY_LOOKUP,false,seed_lookup,2026-08-08T17:28:13.558809+00:00
250:5,250,5,hol,xol,xol,NOUN,wo,wo,UNKNOWN,no,substitution,"[""substitution""]","[{""operation"": ""replace"", ""formal_text"": ""x"", ""informal_text"": ""h"", ""formal_start"": 0, ""formal_end"": 1, ""informal_start"": 0, ""informal_end"": 1}]",reviewed,,true,seed_lookup,2026-08-08T17:32:37.263229+00:00
250:6,250,6,bi,bi,bi,DET,wo,wo,UNKNOWN,no,identity,"[""identity""]",[],reviewed,,true,seed_lookup,2026-08-08T17:33:07.727515+00:00
250:7,250,7,jekh,jeex,jeex,VERB,wo,wo,UNKNOWN,no,substitution,"[""substitution""]","[{""operation"": ""replace"", ""formal_text"": ""ex"", ""informal_text"": ""kh"", ""formal_start"": 2, ""formal_end"": 4, ""informal_start"": 2, ""informal_end"": 4}]",reviewed,,false,seed_lookup,2026-08-08T17:33:23.703743+00:00
250:8,250,8,shetete,séttétét,séttétét,INTJ,wo,wo,UNKNOWN,no,phonetic_spelling,"[""diacritic"", ""substitution"", ""phonetic_spelling"", ""multiple""]","[{""operation"": ""replace"", ""formal_text"": ""é"", ""informal_text"": ""he"", ""formal_start"": 1, ""formal_end"": 2, ""informal_start"": 1, ""informal_end"": 3}, {""operation"": ""insert"", ""formal_text"": """", ""informal_text"": ""e"", ""formal_start"": 3, ""formal_end"": 3, ""informal_start"": 4, ""informal_end"": 5}, {""operation"": ""replace"", ""formal_text"": ""étét"", ""informal_text"": ""e"", ""formal_start"": 4, ""formal_end"": 8, ""informal_start"": 6, ""informal_end"": 7}]",reviewed,,false,seed_lookup,2026-08-08T17:35:36.981434+00:00
253:0,253,0,tidiane,tidiane,tidiane,PROPN,unknown,unknown,PERSON,yes,identity,"[""identity""]",[],reviewed,,true,manual,2026-08-08T17:40:52.014835+00:00
253:1,253,1,aka,aka,aka,VERB,wo,wo,UNKNOWN,no,identity,"[""identity""]",[],reviewed,,true,seed_lookup,2026-08-09T14:09:20.040652+00:00
253:3,253,3,thi,ci,ci,ADP,wo,wo,UNKNOWN,no,substitution,"[""substitution""]","[{""operation"": ""replace"", ""formal_text"": ""c"", ""informal_text"": ""th"", ""formal_start"": 0, ""formal_end"": 1, ""informal_start"": 0, ""informal_end"": 2}]",reviewed,,false,seed_lookup,2026-08-09T14:09:31.036218+00:00
253:4,253,4,dome,doom,doom,NOUN,wo,wo,UNKNOWN,no,deletion,"[""deletion"", ""insertion""]","[{""operation"": ""delete"", ""formal_text"": ""o"", ""informal_text"": """", ""formal_start"": 2, ""formal_end"": 3, ""informal_start"": 2, ""informal_end"": 2}, {""operation"": ""insert"", ""formal_text"": """", ""informal_text"": ""e"", ""formal_start"": 4, ""formal_end"": 4, ""informal_start"": 3, ""informal_end"": 4}]",reviewed,,false,seed_lookup,2026-08-09T14:09:44.292372+00:00
254:0,254,0,maman,maman,maman,NOUN,unknown,fr,UNKNOWN,yes,identity,"[""identity""]",[],reviewed,,true,manual,2026-08-09T14:10:47.802617+00:00
254:1,254,1,oumy,oumy,oumy,PROPN,unknown,unknown,PERSON,yes,identity,"[""identity""]",[],reviewed,,true,manual,2026-08-09T14:11:03.169549+00:00
254:2,254,2,mom,moom,moom,PRON,wo,wo,UNKNOWN,no,deletion,"[""deletion""]","[{""operation"": ""delete"", ""formal_text"": ""o"", ""informal_text"": """", ""formal_start"": 2, ""formal_end"": 3, ""informal_start"": 2, ""informal_end"": 2}]",reviewed,,true,seed_lookup,2026-08-09T14:18:31.173245+00:00
254:3,254,3,bane,ban,ban,DET,wo,wo,UNKNOWN,no,insertion,"[""insertion""]","[{""operation"": ""insert"", ""formal_text"": """", ""informal_text"": ""e"", ""formal_start"": 3, ""formal_end"": 3, ""informal_start"": 3, ""informal_end"": 4}]",reviewed,,true,seed_lookup,2026-08-09T14:18:57.017398+00:00
403:5,403,5,mary,mary,mary,PROPN,fr,fr,UNKNOWN,yes,identity,"[""identity""]",[],reviewed,AUTO_IDENTITY_LOOKUP,false,french_seed_lookup,2026-08-09T14:30:39.869366+00:00
462:3,462,3,cheikh,cheikh,cheikh,PROPN,fr,fr,UNKNOWN,yes,identity,"[""identity""]",[],reviewed,AUTO_IDENTITY_LOOKUP,false,french_seed_lookup,2026-08-09T14:30:39.873877+00:00
5877:0,5877,0,awa,awa,awa,PROPN,unknown,unknown,PERSON,yes,identity,"[""identity""]",[],reviewed,AUTO_IDENTITY_NAME_LOOKUP,false,name_seed_lookup,2026-08-09T14:30:39.878877+00:00
5877:1,5877,1,cheikh,cheikh,cheikh,PROPN,unknown,unknown,PERSON,yes,identity,"[""identity""]",[],reviewed,AUTO_IDENTITY_NAME_LOOKUP,false,name_seed_lookup,2026-08-09T14:30:39.879877+00:00
254:5,254,5,lay,lay,lay,VERB,wo,wo,UNKNOWN,no,identity,"[""identity""]",[],reviewed,,true,seed_lookup,2026-08-09T14:32:52.130450+00:00
254:6,254,6,dèwè,dee,dee,VERB,wo,wo,UNKNOWN,no,diacritic,"[""diacritic"", ""substitution""]","[{""operation"": ""replace"", ""formal_text"": ""ee"", ""informal_text"": ""èwè"", ""formal_start"": 1, ""formal_end"": 3, ""informal_start"": 1, ""informal_end"": 4}]",reviewed,,true,seed_lookup,2026-08-09T14:33:34.854207+00:00
255:0,255,0,mbeuguel,mbëggeel,mbëggeel,NOUN,wo,wo,UNKNOWN,no,diacritic,"[""diacritic"", ""substitution"", ""phonetic_spelling""]","[{""operation"": ""replace"", ""formal_text"": ""ë"", ""informal_text"": ""eu"", ""formal_start"": 2, ""formal_end"": 3, ""informal_start"": 2, ""informal_end"": 4}, {""operation"": ""replace"", ""formal_text"": ""ge"", ""informal_text"": ""u"", ""formal_start"": 4, ""formal_end"": 6, ""informal_start"": 5, ""informal_end"": 6}]",reviewed,,false,seed_lookup,2026-08-09T14:34:13.178167+00:00
255:1,255,1,mo,moo,moo,VERB,wo,wo,UNKNOWN,no,deletion,"[""deletion""]","[{""operation"": ""delete"", ""formal_text"": ""o"", ""informal_text"": """", ""formal_start"": 2, ""formal_end"": 3, ""informal_start"": 2, ""informal_end"": 2}]",reviewed,,false,seed_lookup,2026-08-09T14:36:24.926702+00:00
255:2,255,2,nekh,neex,neex,VERB,wo,wo,UNKNOWN,no,substitution,"[""substitution"", ""phonetic_spelling""]","[{""operation"": ""replace"", ""formal_text"": ""ex"", ""informal_text"": ""kh"", ""formal_start"": 2, ""formal_end"": 4, ""informal_start"": 2, ""informal_end"": 4}]",reviewed,,false,seed_lookup,2026-08-09T14:36:45.509276+00:00
255:3,255,3,cou,ku,ku,DET,wo,wo,UNKNOWN,no,substitution,"[""substitution"", ""phonetic_spelling""]","[{""operation"": ""replace"", ""formal_text"": ""k"", ""informal_text"": ""co"", ""formal_start"": 0, ""formal_end"": 1, ""informal_start"": 0, ""informal_end"": 2}]",reviewed,,false,seed_lookup,2026-08-09T14:37:09.875298+00:00
255:4,255,4,d'accord,d'accord,d'accord,UNKNOWN,unknown,fr,UNKNOWN,yes,identity,"[""identity""]",[],reviewed,,false,manual,2026-08-09T14:37:27.673981+00:00
255:5,255,5,lalalma,laalal ma,,UNKNOWN,wo,wo,UNKNOWN,no,spacing_merge,"[""spacing_merge"", ""deletion""]","[{""operation"": ""delete"", ""formal_text"": ""a"", ""informal_text"": """", ""formal_start"": 1, ""formal_end"": 2, ""informal_start"": 1, ""informal_end"": 1}, {""operation"": ""delete"", ""formal_text"": "" "", ""informal_text"": """", ""formal_start"": 6, ""formal_end"": 7, ""informal_start"": 5, ""informal_end"": 5}]",reviewed,,true,manual,2026-08-09T14:38:23.033539+00:00
256:0,256,0,genr,genre,genre,NOUN,fr,fr,UNKNOWN,yes,deletion,"[""deletion"", ""french_spelling""]","[{""operation"": ""delete"", ""formal_text"": ""e"", ""informal_text"": """", ""formal_start"": 4, ""formal_end"": 5, ""informal_start"": 4, ""informal_end"": 4}]",reviewed,,false,french_seed_lookup,2026-08-09T14:38:37.891320+00:00
256:4,256,4,danio,dañu,dañu,X,wo,wo,UNKNOWN,no,diacritic,"[""diacritic"", ""substitution"", ""phonetic_spelling""]","[{""operation"": ""replace"", ""formal_text"": ""ñu"", ""informal_text"": ""nio"", ""formal_start"": 2, ""formal_end"": 4, ""informal_start"": 2, ""informal_end"": 5}]",reviewed,,false,seed_lookup,2026-08-09T14:39:22.692540+00:00
256:5,256,5,may,may,may,DET,wo,wo,UNKNOWN,no,identity,"[""identity""]",[],reviewed,,true,seed_lookup,2026-08-09T14:40:20.571050+00:00
256:6,256,6,enervé,énerver,énerver,VERB,fr,fr,UNKNOWN,yes,substitution,"[""substitution"", ""french_spelling""]","[{""operation"": ""replace"", ""formal_text"": ""é"", ""informal_text"": ""e"", ""formal_start"": 0, ""formal_end"": 1, ""informal_start"": 0, ""informal_end"": 1}, {""operation"": ""replace"", ""formal_text"": ""er"", ""informal_text"": ""é"", ""formal_start"": 5, ""formal_end"": 7, ""informal_start"": 5, ""informal_end"": 6}]",reviewed,,false,french_seed_lookup,2026-08-09T14:41:17.776315+00:00
257:1,257,1,mor,mor,mor,PROPN,wo,wo,PERSON,yes,identity,"[""identity""]",[],reviewed,,true,seed_lookup,2026-08-09T14:41:45.596307+00:00
254:4,254,4,épisode,épisode,épisode,NOUN,fr,fr,UNKNOWN,yes,identity,"[""identity""]",[],reviewed,AUTO_IDENTITY_LOOKUP,false,french_seed_lookup,2026-08-09T15:12:58.252285+00:00
256:1,256,1,maman,maman,maman,NOUN,fr,fr,UNKNOWN,yes,identity,"[""identity""]",[],reviewed,AUTO_IDENTITY_LOOKUP,false,curated_lookup,2026-08-09T15:12:58.252285+00:00
256:2,256,2,oumy,oumy,oumy,PROPN,unknown,unknown,PERSON,yes,identity,"[""identity""]",[],reviewed,AUTO_IDENTITY_LOOKUP,false,curated_lookup,2026-08-09T15:12:58.252285+00:00
256:7,256,7,vraiment,vraiment,vraiment,ADV,fr,fr,UNKNOWN,yes,identity,"[""identity""]",[],reviewed,AUTO_IDENTITY_LOOKUP,false,french_seed_lookup,2026-08-09T15:12:58.253285+00:00
257:0,257,0,père,père,père,NOUN,fr,fr,UNKNOWN,yes,identity,"[""identity""]",[],reviewed,AUTO_IDENTITY_LOOKUP,false,french_seed_lookup,2026-08-09T15:12:58.253285+00:00
257:6,257,6,irresponsables,irresponsables,irresponsable,ADJ,fr,fr,UNKNOWN,yes,identity,"[""identity""]",[],reviewed,AUTO_IDENTITY_LOOKUP,false,french_seed_lookup,2026-08-09T15:12:58.253285+00:00
258:0,258,0,khady,khady,Khady,PROPN,unknown,unknown,PERSON,yes,identity,"[""identity""]",[],reviewed,AUTO_IDENTITY_NAME_LOOKUP,false,name_seed_lookup,2026-08-09T15:12:58.254284+00:00
258:3,258,3,exagérer,exagérer,exagérer,VERB,fr,fr,UNKNOWN,yes,identity,"[""identity""]",[],reviewed,AUTO_IDENTITY_LOOKUP,false,french_seed_lookup,2026-08-09T15:12:58.254284+00:00
258:8,258,8,bene,bene,bene,NOUN,fr,fr,UNKNOWN,yes,identity,"[""identity""]",[],reviewed,AUTO_IDENTITY_LOOKUP,false,french_seed_lookup,2026-08-09T15:12:58.254284+00:00
259:0,259,0,khady,khady,Khady,PROPN,unknown,unknown,PERSON,yes,identity,"[""identity""]",[],reviewed,AUTO_IDENTITY_NAME_LOOKUP,false,name_seed_lookup,2026-08-09T15:12:58.255281+00:00
259:5,259,5,trop,trop,trop,ADV,fr,fr,UNKNOWN,yes,identity,"[""identity""]",[],reviewed,AUTO_IDENTITY_LOOKUP,false,french_seed_lookup,2026-08-09T15:12:58.255281+00:00
259:8,259,8,veut,veut,vouloir,VERB,fr,fr,UNKNOWN,yes,identity,"[""identity""]",[],reviewed,AUTO_IDENTITY_LOOKUP,false,french_seed_lookup,2026-08-09T15:12:58.255281+00:00
259:9,259,9,séparer,séparer,séparer,VERB,fr,fr,UNKNOWN,yes,identity,"[""identity""]",[],reviewed,AUTO_IDENTITY_LOOKUP,false,french_seed_lookup,2026-08-09T15:12:58.256282+00:00
259:11,259,11,unique,unique,unique,ADJ,fr,fr,UNKNOWN,yes,identity,"[""identity""]",[],reviewed,AUTO_IDENTITY_LOOKUP,false,french_seed_lookup,2026-08-09T15:12:58.256282+00:00
259:12,259,12,enfant,enfant,enfant,NOUN,fr,fr,UNKNOWN,yes,identity,"[""identity""]",[],reviewed,AUTO_IDENTITY_LOOKUP,false,french_seed_lookup,2026-08-09T15:12:58.256282+00:00
259:15,259,15,mère,mère,mère,NOUN,fr,fr,UNKNOWN,yes,identity,"[""identity""]",[],reviewed,AUTO_IDENTITY_LOOKUP,false,french_seed_lookup,2026-08-09T15:12:58.257281+00:00
259:16,259,16,problème,problème,problème,NOUN,fr,fr,UNKNOWN,yes,identity,"[""identity""]",[],reviewed,AUTO_IDENTITY_LOOKUP,false,french_seed_lookup,2026-08-09T15:12:58.257281+00:00
259:22,259,22,yaye,yaye,Yaye,PROPN,unknown,unknown,PERSON,yes,identity,"[""identity""]",[],reviewed,AUTO_IDENTITY_NAME_LOOKUP,false,name_seed_lookup,2026-08-09T15:12:58.257281+00:00
259:32,259,32,apparemment,apparemment,apparemment,ADV,fr,fr,UNKNOWN,yes,identity,"[""identity""]",[],reviewed,AUTO_IDENTITY_LOOKUP,false,french_seed_lookup,2026-08-09T15:12:58.258280+00:00
261:9,261,9,début,début,début,NOUN,fr,fr,UNKNOWN,yes,identity,"[""identity""]",[],reviewed,AUTO_IDENTITY_LOOKUP,false,french_seed_lookup,2026-08-09T15:12:58.258280+00:00
262:2,262,2,à,à,à,ADP,fr,fr,UNKNOWN,yes,identity,"[""identity""]",[],reviewed,AUTO_IDENTITY_LOOKUP,false,french_seed_lookup,2026-08-09T15:12:58.258280+00:00
263:0,263,0,mane,mane,Mane,PROPN,unknown,unknown,PERSON,yes,identity,"[""identity""]",[],reviewed,AUTO_IDENTITY_NAME_LOOKUP,false,name_seed_lookup,2026-08-09T15:12:58.259280+00:00
263:1,263,1,aida,aida,aider,VERB,fr,fr,UNKNOWN,yes,identity,"[""identity""]",[],reviewed,AUTO_IDENTITY_LOOKUP,false,french_seed_lookup,2026-08-09T15:12:58.259280+00:00
265:0,265,0,mama,mama,mama,NOUN,fr,fr,UNKNOWN,yes,identity,"[""identity""]",[],reviewed,AUTO_IDENTITY_LOOKUP,false,french_seed_lookup,2026-08-09T15:12:58.259280+00:00
265:1,265,1,oumy,oumy,oumy,PROPN,unknown,unknown,PERSON,yes,identity,"[""identity""]",[],reviewed,AUTO_IDENTITY_LOOKUP,false,curated_lookup,2026-08-09T15:12:58.260279+00:00
267:0,267,0,maman,maman,maman,NOUN,fr,fr,UNKNOWN,yes,identity,"[""identity""]",[],reviewed,AUTO_IDENTITY_LOOKUP,false,curated_lookup,2026-08-09T15:12:58.260279+00:00
267:1,267,1,oumy,oumy,oumy,PROPN,unknown,unknown,PERSON,yes,identity,"[""identity""]",[],reviewed,AUTO_IDENTITY_LOOKUP,false,curated_lookup,2026-08-09T15:12:58.261281+00:00
268:5,268,5,salam,salam,Salam,PROPN,unknown,unknown,PERSON,yes,identity,"[""identity""]",[],reviewed,AUTO_IDENTITY_NAME_LOOKUP,false,name_seed_lookup,2026-08-09T15:12:58.261281+00:00
269:0,269,0,tidiane,tidiane,tidiane,PROPN,unknown,unknown,PERSON,yes,identity,"[""identity""]",[],reviewed,AUTO_IDENTITY_LOOKUP,false,curated_lookup,2026-08-09T15:12:58.261281+00:00
271:0,271,0,khady,khady,Khady,PROPN,unknown,unknown,PERSON,yes,identity,"[""identity""]",[],reviewed,AUTO_IDENTITY_NAME_LOOKUP,false,name_seed_lookup,2026-08-09T15:12:58.262280+00:00
272:0,272,0,pourtant,pourtant,pourtant,ADV,fr,fr,UNKNOWN,yes,identity,"[""identity""]",[],reviewed,AUTO_IDENTITY_LOOKUP,false,french_seed_lookup,2026-08-09T15:12:58.262280+00:00
272:3,272,3,ya,ya,ya,NOUN,fr,fr,UNKNOWN,yes,identity,"[""identity""]",[],reviewed,AUTO_IDENTITY_LOOKUP,false,french_seed_lookup,2026-08-09T15:12:58.262280+00:00
274:1,274,1,vraiment,vraiment,vraiment,ADV,fr,fr,UNKNOWN,yes,identity,"[""identity""]",[],reviewed,AUTO_IDENTITY_LOOKUP,false,french_seed_lookup,2026-08-09T15:12:58.263280+00:00
274:2,274,2,rôle,rôle,rôle,NOUN,fr,fr,UNKNOWN,yes,identity,"[""identity""]",[],reviewed,AUTO_IDENTITY_LOOKUP,false,french_seed_lookup,2026-08-09T15:12:58.263280+00:00
274:3,274,3,maman,maman,maman,NOUN,fr,fr,UNKNOWN,yes,identity,"[""identity""]",[],reviewed,AUTO_IDENTITY_LOOKUP,false,curated_lookup,2026-08-09T15:12:58.263280+00:00
274:4,274,4,oumy,oumy,oumy,PROPN,unknown,unknown,PERSON,yes,identity,"[""identity""]",[],reviewed,AUTO_IDENTITY_LOOKUP,false,curated_lookup,2026-08-09T15:12:58.263280+00:00
274:8,274,8,ça,ça,ça,PRON,fr,fr,UNKNOWN,yes,identity,"[""identity""]",[],reviewed,AUTO_IDENTITY_LOOKUP,false,french_seed_lookup,2026-08-09T15:12:58.264280+00:00
274:9,274,9,énerve,énerve,énerver,VERB,fr,fr,UNKNOWN,yes,identity,"[""identity""]",[],reviewed,AUTO_IDENTITY_LOOKUP,false,french_seed_lookup,2026-08-09T15:12:58.264280+00:00
274:10,274,10,enfin,enfin,enfin,ADV,fr,fr,UNKNOWN,yes,identity,"[""identity""]",[],reviewed,AUTO_IDENTITY_LOOKUP,false,french_seed_lookup,2026-08-09T15:12:58.264280+00:00
282:3,282,3,maman,maman,maman,NOUN,fr,fr,UNKNOWN,yes,identity,"[""identity""]",[],reviewed,AUTO_IDENTITY_LOOKUP,false,curated_lookup,2026-08-09T15:12:58.264280+00:00
282:4,282,4,oumy,oumy,oumy,PROPN,unknown,unknown,PERSON,yes,identity,"[""identity""]",[],reviewed,AUTO_IDENTITY_LOOKUP,false,curated_lookup,2026-08-09T15:12:58.265280+00:00
283:2,283,2,problème,problème,problème,NOUN,fr,fr,UNKNOWN,yes,identity,"[""identity""]",[],reviewed,AUTO_IDENTITY_LOOKUP,false,french_seed_lookup,2026-08-09T15:12:58.265280+00:00
283:4,283,4,problème,problème,problème,NOUN,fr,fr,UNKNOWN,yes,identity,"[""identity""]",[],reviewed,AUTO_IDENTITY_LOOKUP,false,french_seed_lookup,2026-08-09T15:12:58.265280+00:00
284:0,284,0,tidiane,tidiane,tidiane,PROPN,unknown,unknown,PERSON,yes,identity,"[""identity""]",[],reviewed,AUTO_IDENTITY_LOOKUP,false,curated_lookup,2026-08-09T15:12:58.265280+00:00
284:2,284,2,commencer,commencer,commencer,VERB,fr,fr,UNKNOWN,yes,identity,"[""identity""]",[],reviewed,AUTO_IDENTITY_LOOKUP,false,french_seed_lookup,2026-08-09T15:12:58.266280+00:00
291:1,291,1,dey,dey,dey,NOUN,fr,fr,UNKNOWN,yes,identity,"[""identity""]",[],reviewed,AUTO_IDENTITY_LOOKUP,false,french_seed_lookup,2026-08-09T15:12:58.266280+00:00
291:3,291,3,dé,dé,dé,NOUN,fr,fr,UNKNOWN,yes,identity,"[""identity""]",[],reviewed,AUTO_IDENTITY_LOOKUP,false,french_seed_lookup,2026-08-09T15:12:58.266280+00:00
292:0,292,0,maman,maman,maman,NOUN,fr,fr,UNKNOWN,yes,identity,"[""identity""]",[],reviewed,AUTO_IDENTITY_LOOKUP,false,curated_lookup,2026-08-09T15:12:58.266280+00:00
292:1,292,1,oumy,oumy,oumy,PROPN,unknown,unknown,PERSON,yes,identity,"[""identity""]",[],reviewed,AUTO_IDENTITY_LOOKUP,false,curated_lookup,2026-08-09T15:12:58.267280+00:00
303:14,303,14,à,à,à,ADP,fr,fr,UNKNOWN,yes,identity,"[""identity""]",[],reviewed,AUTO_IDENTITY_LOOKUP,false,french_seed_lookup,2026-08-09T15:12:58.267280+00:00
305:3,305,3,baby,baby,baby,NOUN,fr,fr,UNKNOWN,yes,identity,"[""identity""]",[],reviewed,AUTO_IDENTITY_LOOKUP,false,french_seed_lookup,2026-08-09T15:12:58.267280+00:00
305:8,305,8,baby,baby,baby,NOUN,fr,fr,UNKNOWN,yes,identity,"[""identity""]",[],reviewed,AUTO_IDENTITY_LOOKUP,false,french_seed_lookup,2026-08-09T15:12:58.268280+00:00
305:14,305,14,do,do,do,NOUN,fr,fr,UNKNOWN,yes,identity,"[""identity""]",[],reviewed,AUTO_IDENTITY_LOOKUP,false,french_seed_lookup,2026-08-09T15:12:58.268280+00:00
306:2,306,2,dieu,dieu,dieu,NOUN,fr,fr,UNKNOWN,yes,identity,"[""identity""]",[],reviewed,AUTO_IDENTITY_LOOKUP,false,french_seed_lookup,2026-08-09T15:12:58.268280+00:00
307:0,307,0,tidjane,tidjane,Tidjane,PROPN,unknown,unknown,PERSON,yes,identity,"[""identity""]",[],reviewed,AUTO_IDENTITY_NAME_LOOKUP,false,name_seed_lookup,2026-08-09T15:12:58.268280+00:00
307:10,307,10,yaye,yaye,Yaye,PROPN,unknown,unknown,PERSON,yes,identity,"[""identity""]",[],reviewed,AUTO_IDENTITY_NAME_LOOKUP,false,name_seed_lookup,2026-08-09T15:12:58.269280+00:00
308:0,308,0,maman,maman,maman,NOUN,fr,fr,UNKNOWN,yes,identity,"[""identity""]",[],reviewed,AUTO_IDENTITY_LOOKUP,false,curated_lookup,2026-08-09T15:12:58.269280+00:00
308:1,308,1,oumy,oumy,oumy,PROPN,unknown,unknown,PERSON,yes,identity,"[""identity""]",[],reviewed,AUTO_IDENTITY_LOOKUP,false,curated_lookup,2026-08-09T15:12:58.269280+00:00
312:0,312,0,tidiane,tidiane,tidiane,PROPN,unknown,unknown,PERSON,yes,identity,"[""identity""]",[],reviewed,AUTO_IDENTITY_LOOKUP,false,curated_lookup,2026-08-09T15:12:58.269280+00:00
314:0,314,0,khady,khady,Khady,PROPN,unknown,unknown,PERSON,yes,identity,"[""identity""]",[],reviewed,AUTO_IDENTITY_NAME_LOOKUP,false,name_seed_lookup,2026-08-09T15:12:58.270280+00:00
322:1,322,1,khady,khady,Khady,PROPN,unknown,unknown,PERSON,yes,identity,"[""identity""]",[],reviewed,AUTO_IDENTITY_NAME_LOOKUP,false,name_seed_lookup,2026-08-09T15:12:58.270280+00:00
322:2,322,2,thiame,thiame,Thiame,PROPN,unknown,unknown,PERSON,yes,identity,"[""identity""]",[],reviewed,AUTO_IDENTITY_NAME_LOOKUP,false,name_seed_lookup,2026-08-09T15:12:58.270280+00:00
322:5,322,5,tidiane,tidiane,tidiane,PROPN,unknown,unknown,PERSON,yes,identity,"[""identity""]",[],reviewed,AUTO_IDENTITY_LOOKUP,false,curated_lookup,2026-08-09T15:12:58.271281+00:00
327:0,327,0,khady,khady,Khady,PROPN,unknown,unknown,PERSON,yes,identity,"[""identity""]",[],reviewed,AUTO_IDENTITY_NAME_LOOKUP,false,name_seed_lookup,2026-08-09T15:12:58.271281+00:00
332:0,332,0,tidiane,tidiane,tidiane,PROPN,unknown,unknown,PERSON,yes,identity,"[""identity""]",[],reviewed,AUTO_IDENTITY_LOOKUP,false,curated_lookup,2026-08-09T15:12:58.271281+00:00
336:4,336,4,vraiment,vraiment,vraiment,ADV,fr,fr,UNKNOWN,yes,identity,"[""identity""]",[],reviewed,AUTO_IDENTITY_LOOKUP,false,french_seed_lookup,2026-08-09T15:12:58.271281+00:00
336:5,336,5,maman,maman,maman,NOUN,fr,fr,UNKNOWN,yes,identity,"[""identity""]",[],reviewed,AUTO_IDENTITY_LOOKUP,false,curated_lookup,2026-08-09T15:12:58.272281+00:00
336:6,336,6,oumy,oumy,oumy,PROPN,unknown,unknown,PERSON,yes,identity,"[""identity""]",[],reviewed,AUTO_IDENTITY_LOOKUP,false,curated_lookup,2026-08-09T15:12:58.272281+00:00
338:7,338,7,sokhna,sokhna,Sokhna,PROPN,unknown,unknown,PERSON,yes,identity,"[""identity""]",[],reviewed,AUTO_IDENTITY_NAME_LOOKUP,false,name_seed_lookup,2026-08-09T15:12:58.272281+00:00
344:1,344,1,homme,homme,homme,NOUN,fr,fr,UNKNOWN,yes,identity,"[""identity""]",[],reviewed,AUTO_IDENTITY_LOOKUP,false,french_seed_lookup,2026-08-09T15:12:58.273280+00:00
344:7,344,7,ou,ou,ou,CCONJ,fr,fr,UNKNOWN,yes,identity,"[""identity""]",[],reviewed,AUTO_IDENTITY_LOOKUP,false,french_seed_lookup,2026-08-09T15:12:58.273280+00:00
346:0,346,0,maman,maman,maman,NOUN,fr,fr,UNKNOWN,yes,identity,"[""identity""]",[],reviewed,AUTO_IDENTITY_LOOKUP,false,curated_lookup,2026-08-09T15:12:58.273280+00:00
346:1,346,1,oumy,oumy,oumy,PROPN,unknown,unknown,PERSON,yes,identity,"[""identity""]",[],reviewed,AUTO_IDENTITY_LOOKUP,false,curated_lookup,2026-08-09T15:12:58.273280+00:00
348:0,348,0,maman,maman,maman,NOUN,fr,fr,UNKNOWN,yes,identity,"[""identity""]",[],reviewed,AUTO_IDENTITY_LOOKUP,false,curated_lookup,2026-08-09T15:12:58.274280+00:00
348:1,348,1,oumy,oumy,oumy,PROPN,unknown,unknown,PERSON,yes,identity,"[""identity""]",[],reviewed,AUTO_IDENTITY_LOOKUP,false,curated_lookup,2026-08-09T15:12:58.274280+00:00
351:8,351,8,commencer,commencer,commencer,VERB,fr,fr,UNKNOWN,yes,identity,"[""identity""]",[],reviewed,AUTO_IDENTITY_LOOKUP,false,french_seed_lookup,2026-08-09T15:12:58.274280+00:00
351:16,351,16,jour,jour,jour,NOUN,fr,fr,UNKNOWN,yes,identity,"[""identity""]",[],reviewed,AUTO_IDENTITY_LOOKUP,false,french_seed_lookup,2026-08-09T15:12:58.274280+00:00
355:0,355,0,maman,maman,maman,NOUN,fr,fr,UNKNOWN,yes,identity,"[""identity""]",[],reviewed,AUTO_IDENTITY_LOOKUP,false,curated_lookup,2026-08-09T15:12:58.275280+00:00
355:1,355,1,oumy,oumy,oumy,PROPN,unknown,unknown,PERSON,yes,identity,"[""identity""]",[],reviewed,AUTO_IDENTITY_LOOKUP,false,curated_lookup,2026-08-09T15:12:58.275280+00:00
355:9,355,9,model,model,model,NOUN,fr,fr,UNKNOWN,yes,identity,"[""identity""]",[],reviewed,AUTO_IDENTITY_LOOKUP,false,french_seed_lookup,2026-08-09T15:12:58.275280+00:00
356:0,356,0,maman,maman,maman,NOUN,fr,fr,UNKNOWN,yes,identity,"[""identity""]",[],reviewed,AUTO_IDENTITY_LOOKUP,false,curated_lookup,2026-08-09T15:12:58.275280+00:00
356:1,356,1,oumy,oumy,oumy,PROPN,unknown,unknown,PERSON,yes,identity,"[""identity""]",[],reviewed,AUTO_IDENTITY_LOOKUP,false,curated_lookup,2026-08-09T15:12:58.276280+00:00
356:5,356,5,khady,khady,Khady,PROPN,unknown,unknown,PERSON,yes,identity,"[""identity""]",[],reviewed,AUTO_IDENTITY_NAME_LOOKUP,false,name_seed_lookup,2026-08-09T15:12:58.276280+00:00
357:0,357,0,khady,khady,Khady,PROPN,unknown,unknown,PERSON,yes,identity,"[""identity""]",[],reviewed,AUTO_IDENTITY_NAME_LOOKUP,false,name_seed_lookup,2026-08-09T15:12:58.276280+00:00
363:0,363,0,mame,mame,Mame,PROPN,unknown,unknown,PERSON,yes,identity,"[""identity""]",[],reviewed,AUTO_IDENTITY_NAME_LOOKUP,false,name_seed_lookup,2026-08-09T15:12:58.276280+00:00
363:1,363,1,oumy,oumy,oumy,PROPN,unknown,unknown,PERSON,yes,identity,"[""identity""]",[],reviewed,AUTO_IDENTITY_LOOKUP,false,curated_lookup,2026-08-09T15:12:58.277280+00:00
365:1,365,1,mère,mère,mère,NOUN,fr,fr,UNKNOWN,yes,identity,"[""identity""]",[],reviewed,AUTO_IDENTITY_LOOKUP,false,french_seed_lookup,2026-08-09T15:12:58.277280+00:00
368:0,368,0,khady,khady,Khady,PROPN,unknown,unknown,PERSON,yes,identity,"[""identity""]",[],reviewed,AUTO_IDENTITY_NAME_LOOKUP,false,name_seed_lookup,2026-08-09T15:12:58.277280+00:00
370:5,370,5,maman,maman,maman,NOUN,fr,fr,UNKNOWN,yes,identity,"[""identity""]",[],reviewed,AUTO_IDENTITY_LOOKUP,false,curated_lookup,2026-08-09T15:12:58.278280+00:00
370:6,370,6,oumy,oumy,oumy,PROPN,unknown,unknown,PERSON,yes,identity,"[""identity""]",[],reviewed,AUTO_IDENTITY_LOOKUP,false,curated_lookup,2026-08-09T15:12:58.278280+00:00
373:0,373,0,sokhna,sokhna,Sokhna,PROPN,unknown,unknown,PERSON,yes,identity,"[""identity""]",[],reviewed,AUTO_IDENTITY_NAME_LOOKUP,false,name_seed_lookup,2026-08-09T15:12:58.278280+00:00
377:0,377,0,maman,maman,maman,NOUN,fr,fr,UNKNOWN,yes,identity,"[""identity""]",[],reviewed,AUTO_IDENTITY_LOOKUP,false,curated_lookup,2026-08-09T15:12:58.278280+00:00
377:1,377,1,oumy,oumy,oumy,PROPN,unknown,unknown,PERSON,yes,identity,"[""identity""]",[],reviewed,AUTO_IDENTITY_LOOKUP,false,curated_lookup,2026-08-09T15:12:58.279279+00:00
379:0,379,0,casting,casting,casting,NOUN,fr,fr,UNKNOWN,yes,identity,"[""identity""]",[],reviewed,AUTO_IDENTITY_LOOKUP,false,french_seed_lookup,2026-08-09T15:12:58.279279+00:00
379:2,379,2,maman,maman,maman,NOUN,fr,fr,UNKNOWN,yes,identity,"[""identity""]",[],reviewed,AUTO_IDENTITY_LOOKUP,false,curated_lookup,2026-08-09T15:12:58.279279+00:00
379:3,379,3,oumy,oumy,oumy,PROPN,unknown,unknown,PERSON,yes,identity,"[""identity""]",[],reviewed,AUTO_IDENTITY_LOOKUP,false,curated_lookup,2026-08-09T15:12:58.279279+00:00
379:5,379,5,moko,moko,moko,NOUN,fr,fr,UNKNOWN,yes,identity,"[""identity""]",[],reviewed,AUTO_IDENTITY_LOOKUP,false,french_seed_lookup,2026-08-09T15:12:58.279279+00:00
379:8,379,8,porté,porté,porter,VERB,fr,fr,UNKNOWN,yes,identity,"[""identity""]",[],reviewed,AUTO_IDENTITY_LOOKUP,false,french_seed_lookup,2026-08-09T15:12:58.280280+00:00
379:17,379,17,rôle,rôle,rôle,NOUN,fr,fr,UNKNOWN,yes,identity,"[""identity""]",[],reviewed,AUTO_IDENTITY_LOOKUP,false,french_seed_lookup,2026-08-09T15:12:58.280280+00:00
382:1,382,1,thiame,thiame,Thiame,PROPN,unknown,unknown,PERSON,yes,identity,"[""identity""]",[],reviewed,AUTO_IDENTITY_NAME_LOOKUP,false,name_seed_lookup,2026-08-09T15:12:58.280280+00:00
382:4,382,4,tidiane,tidiane,tidiane,PROPN,unknown,unknown,PERSON,yes,identity,"[""identity""]",[],reviewed,AUTO_IDENTITY_LOOKUP,false,curated_lookup,2026-08-09T15:12:58.281280+00:00
383:2,383,2,seydina,seydina,Seydina,PROPN,unknown,unknown,PERSON,yes,identity,"[""identity""]",[],reviewed,AUTO_IDENTITY_NAME_LOOKUP,false,name_seed_lookup,2026-08-09T15:12:58.281280+00:00
384:0,384,0,tidiane,tidiane,tidiane,PROPN,unknown,unknown,PERSON,yes,identity,"[""identity""]",[],reviewed,AUTO_IDENTITY_LOOKUP,false,curated_lookup,2026-08-09T15:12:58.281280+00:00
384:3,384,3,khady,khady,Khady,PROPN,unknown,unknown,PERSON,yes,identity,"[""identity""]",[],reviewed,AUTO_IDENTITY_NAME_LOOKUP,false,name_seed_lookup,2026-08-09T15:12:58.282280+00:00
384:6,384,6,traverser,traverser,traverser,VERB,fr,fr,UNKNOWN,yes,identity,"[""identity""]",[],reviewed,AUTO_IDENTITY_LOOKUP,false,french_seed_lookup,2026-08-09T15:12:58.282280+00:00
384:10,384,10,khady,khady,Khady,PROPN,unknown,unknown,PERSON,yes,identity,"[""identity""]",[],reviewed,AUTO_IDENTITY_NAME_LOOKUP,false,name_seed_lookup,2026-08-09T15:12:58.282280+00:00
384:15,384,15,famille,famille,famille,NOUN,fr,fr,UNKNOWN,yes,identity,"[""identity""]",[],reviewed,AUTO_IDENTITY_LOOKUP,false,french_seed_lookup,2026-08-09T15:12:58.283281+00:00
384:20,384,20,appartement,appartement,appartement,NOUN,fr,fr,UNKNOWN,yes,identity,"[""identity""]",[],reviewed,AUTO_IDENTITY_LOOKUP,false,french_seed_lookup,2026-08-09T15:12:58.283281+00:00
393:0,393,0,mama,mama,mama,NOUN,fr,fr,UNKNOWN,yes,identity,"[""identity""]",[],reviewed,AUTO_IDENTITY_LOOKUP,false,french_seed_lookup,2026-08-09T15:12:58.283281+00:00
394:0,394,0,maman,maman,maman,NOUN,fr,fr,UNKNOWN,yes,identity,"[""identity""]",[],reviewed,AUTO_IDENTITY_LOOKUP,false,curated_lookup,2026-08-09T15:12:58.283281+00:00
395:1,395,1,cheikh,cheikh,Cheikh,PROPN,unknown,unknown,PERSON,yes,identity,"[""identity""]",[],reviewed,AUTO_IDENTITY_NAME_LOOKUP,false,name_seed_lookup,2026-08-09T15:12:58.284281+00:00
395:9,395,9,khady,khady,Khady,PROPN,unknown,unknown,PERSON,yes,identity,"[""identity""]",[],reviewed,AUTO_IDENTITY_NAME_LOOKUP,false,name_seed_lookup,2026-08-09T15:12:58.284281+00:00
395:12,395,12,appartement,appartement,appartement,NOUN,fr,fr,UNKNOWN,yes,identity,"[""identity""]",[],reviewed,AUTO_IDENTITY_LOOKUP,false,french_seed_lookup,2026-08-09T15:12:58.284281+00:00
397:4,397,4,oumy,oumy,oumy,PROPN,unknown,unknown,PERSON,yes,identity,"[""identity""]",[],reviewed,AUTO_IDENTITY_LOOKUP,false,curated_lookup,2026-08-09T15:12:58.284281+00:00
397:5,397,5,sincèrement,sincèrement,sincèrement,ADV,fr,fr,UNKNOWN,yes,identity,"[""identity""]",[],reviewed,AUTO_IDENTITY_LOOKUP,false,french_seed_lookup,2026-08-09T15:12:58.285281+00:00
397:8,397,8,assure,assure,assurer,VERB,fr,fr,UNKNOWN,yes,identity,"[""identity""]",[],reviewed,AUTO_IDENTITY_LOOKUP,false,french_seed_lookup,2026-08-09T15:12:58.285281+00:00
397:10,397,10,rôle,rôle,rôle,NOUN,fr,fr,UNKNOWN,yes,identity,"[""identity""]",[],reviewed,AUTO_IDENTITY_LOOKUP,false,french_seed_lookup,2026-08-09T15:12:58.285281+00:00
398:0,398,0,maman,maman,maman,NOUN,fr,fr,UNKNOWN,yes,identity,"[""identity""]",[],reviewed,AUTO_IDENTITY_LOOKUP,false,curated_lookup,2026-08-09T15:12:58.285281+00:00
398:1,398,1,oumy,oumy,oumy,PROPN,unknown,unknown,PERSON,yes,identity,"[""identity""]",[],reviewed,AUTO_IDENTITY_LOOKUP,false,curated_lookup,2026-08-09T15:12:58.286280+00:00
398:5,398,5,babel,babel,babel,NOUN,fr,fr,UNKNOWN,yes,identity,"[""identity""]",[],reviewed,AUTO_IDENTITY_LOOKUP,false,french_seed_lookup,2026-08-09T15:12:58.286280+00:00
405:1,405,1,mère,mère,mère,NOUN,fr,fr,UNKNOWN,yes,identity,"[""identity""]",[],reviewed,AUTO_IDENTITY_LOOKUP,false,french_seed_lookup,2026-08-09T15:12:58.286280+00:00
405:4,405,4,lé,lé,lé,NOUN,fr,fr,UNKNOWN,yes,identity,"[""identity""]",[],reviewed,AUTO_IDENTITY_LOOKUP,false,french_seed_lookup,2026-08-09T15:12:58.286280+00:00
424:10,424,10,mère,mère,mère,NOUN,fr,fr,UNKNOWN,yes,identity,"[""identity""]",[],reviewed,AUTO_IDENTITY_LOOKUP,false,french_seed_lookup,2026-08-09T15:12:58.287280+00:00
424:17,424,17,trop,trop,trop,ADV,fr,fr,UNKNOWN,yes,identity,"[""identity""]",[],reviewed,AUTO_IDENTITY_LOOKUP,false,french_seed_lookup,2026-08-09T15:12:58.287280+00:00
424:25,424,25,trop,trop,trop,ADV,fr,fr,UNKNOWN,yes,identity,"[""identity""]",[],reviewed,AUTO_IDENTITY_LOOKUP,false,french_seed_lookup,2026-08-09T15:12:58.287280+00:00
453:1,453,1,oumy,oumy,oumy,PROPN,unknown,unknown,PERSON,yes,identity,"[""identity""]",[],reviewed,AUTO_IDENTITY_LOOKUP,false,curated_lookup,2026-08-09T15:12:58.288282+00:00
453:5,453,5,parleur,parleur,parleur,NOUN,fr,fr,UNKNOWN,yes,identity,"[""identity""]",[],reviewed,AUTO_IDENTITY_LOOKUP,false,french_seed_lookup,2026-08-09T15:12:58.288282+00:00
454:0,454,0,maman,maman,maman,NOUN,fr,fr,UNKNOWN,yes,identity,"[""identity""]",[],reviewed,AUTO_IDENTITY_LOOKUP,false,curated_lookup,2026-08-09T15:12:58.288282+00:00
454:1,454,1,oumy,oumy,oumy,PROPN,unknown,unknown,PERSON,yes,identity,"[""identity""]",[],reviewed,AUTO_IDENTITY_LOOKUP,false,curated_lookup,2026-08-09T15:12:58.288282+00:00
457:3,457,3,bébé,bébé,bébé,NOUN,fr,fr,UNKNOWN,yes,identity,"[""identity""]",[],reviewed,AUTO_IDENTITY_LOOKUP,false,french_seed_lookup,2026-08-09T15:12:58.289280+00:00
462:4,462,4,tidiane,tidiane,tidiane,PROPN,unknown,unknown,PERSON,yes,identity,"[""identity""]",[],reviewed,AUTO_IDENTITY_LOOKUP,false,curated_lookup,2026-08-09T15:12:58.289280+00:00
472:3,472,3,jouer,jouer,jouer,VERB,fr,fr,UNKNOWN,yes,identity,"[""identity""]",[],reviewed,AUTO_IDENTITY_LOOKUP,false,french_seed_lookup,2026-08-09T15:12:58.289280+00:00
474:0,474,0,sen,sen,sen,NOUN,fr,fr,UNKNOWN,yes,identity,"[""identity""]",[],reviewed,AUTO_IDENTITY_LOOKUP,false,french_seed_lookup,2026-08-09T15:12:58.290280+00:00
476:3,476,3,forcer,forcer,forcer,VERB,fr,fr,UNKNOWN,yes,identity,"[""identity""]",[],reviewed,AUTO_IDENTITY_LOOKUP,false,french_seed_lookup,2026-08-09T15:12:58.290280+00:00
487:3,487,3,fois,fois,fois,NOUN,fr,fr,UNKNOWN,yes,identity,"[""identity""]",[],reviewed,AUTO_IDENTITY_LOOKUP,false,french_seed_lookup,2026-08-09T15:12:58.290280+00:00
3541:0,3541,0,taxi,taxi,taxi,NOUN,fr,fr,UNKNOWN,yes,identity,"[""identity""]",[],reviewed,AUTO_IDENTITY_LOOKUP,false,french_seed_lookup,2026-08-09T15:12:58.291281+00:00
3541:4,3541,4,aussi,aussi,aussi,ADV,fr,fr,UNKNOWN,yes,identity,"[""identity""]",[],reviewed,AUTO_IDENTITY_LOOKUP,false,french_seed_lookup,2026-08-09T15:12:58.291281+00:00
3543:4,3543,4,nièces,nièces,nièce,NOUN,fr,fr,UNKNOWN,yes,identity,"[""identity""]",[],reviewed,AUTO_IDENTITY_LOOKUP,false,french_seed_lookup,2026-08-09T15:12:58.291281+00:00
3564:4,3564,4,maman,maman,maman,NOUN,fr,fr,UNKNOWN,yes,identity,"[""identity""]",[],reviewed,AUTO_IDENTITY_LOOKUP,false,curated_lookup,2026-08-09T15:12:58.291281+00:00
3564:5,3564,5,ndiouga,ndiouga,Ndiouga,PROPN,unknown,unknown,PERSON,yes,identity,"[""identity""]",[],reviewed,AUTO_IDENTITY_NAME_LOOKUP,false,name_seed_lookup,2026-08-09T15:12:58.292281+00:00
3565:0,3565,0,taximan,taximan,taximan,NOUN,fr,fr,UNKNOWN,yes,identity,"[""identity""]",[],reviewed,AUTO_IDENTITY_LOOKUP,false,french_seed_lookup,2026-08-09T15:12:58.292281+00:00
3566:1,3566,1,ndiouga,ndiouga,Ndiouga,PROPN,unknown,unknown,PERSON,yes,identity,"[""identity""]",[],reviewed,AUTO_IDENTITY_NAME_LOOKUP,false,name_seed_lookup,2026-08-09T15:12:58.292281+00:00
3566:12,3566,12,avis,avis,avis,NOUN,fr,fr,UNKNOWN,yes,identity,"[""identity""]",[],reviewed,AUTO_IDENTITY_LOOKUP,false,french_seed_lookup,2026-08-09T15:12:58.292281+00:00
3567:2,3567,2,vitamine,vitamine,vitamine,NOUN,fr,fr,UNKNOWN,yes,identity,"[""identity""]",[],reviewed,AUTO_IDENTITY_LOOKUP,false,french_seed_lookup,2026-08-09T15:12:58.293280+00:00
3575:3,3575,3,fourchette,fourchette,fourchette,NOUN,fr,fr,UNKNOWN,yes,identity,"[""identity""]",[],reviewed,AUTO_IDENTITY_LOOKUP,false,french_seed_lookup,2026-08-09T15:12:58.293280+00:00
3576:3,3576,3,ado,ado,ado,NOUN,fr,fr,UNKNOWN,yes,identity,"[""identity""]",[],reviewed,AUTO_IDENTITY_LOOKUP,false,french_seed_lookup,2026-08-09T15:12:58.293280+00:00
3576:7,3576,7,qui,qui,qui,PRON,fr,fr,UNKNOWN,yes,identity,"[""identity""]",[],reviewed,AUTO_IDENTITY_LOOKUP,false,french_seed_lookup,2026-08-09T15:12:58.293280+00:00
3576:16,3576,16,imiter,imiter,imiter,VERB,fr,fr,UNKNOWN,yes,identity,"[""identity""]",[],reviewed,AUTO_IDENTITY_LOOKUP,false,french_seed_lookup,2026-08-09T15:12:58.294280+00:00
3576:21,3576,21,reconnaît,reconnaît,reconnaître,VERB,fr,fr,UNKNOWN,yes,identity,"[""identity""]",[],reviewed,AUTO_IDENTITY_LOOKUP,false,french_seed_lookup,2026-08-09T15:12:58.294280+00:00
3579:3,3579,3,oumy,oumy,oumy,PROPN,unknown,unknown,PERSON,yes,identity,"[""identity""]",[],reviewed,AUTO_IDENTITY_LOOKUP,false,curated_lookup,2026-08-09T15:12:58.294280+00:00
3584:1,3584,1,taxi,taxi,taxi,NOUN,fr,fr,UNKNOWN,yes,identity,"[""identity""]",[],reviewed,AUTO_IDENTITY_LOOKUP,false,french_seed_lookup,2026-08-09T15:12:58.295280+00:00
3587:1,3587,1,maman,maman,maman,NOUN,fr,fr,UNKNOWN,yes,identity,"[""identity""]",[],reviewed,AUTO_IDENTITY_LOOKUP,false,curated_lookup,2026-08-09T15:12:58.295280+00:00
3587:2,3587,2,oumy,oumy,oumy,PROPN,unknown,unknown,PERSON,yes,identity,"[""identity""]",[],reviewed,AUTO_IDENTITY_LOOKUP,false,curated_lookup,2026-08-09T15:12:58.295280+00:00
3593:4,3593,4,maman,maman,maman,NOUN,fr,fr,UNKNOWN,yes,identity,"[""identity""]",[],reviewed,AUTO_IDENTITY_LOOKUP,false,curated_lookup,2026-08-09T15:12:58.295280+00:00
3593:5,3593,5,oumy,oumy,oumy,PROPN,unknown,unknown,PERSON,yes,identity,"[""identity""]",[],reviewed,AUTO_IDENTITY_LOOKUP,false,curated_lookup,2026-08-09T15:12:58.295280+00:00
3596:5,3596,5,enfin,enfin,enfin,ADV,fr,fr,UNKNOWN,yes,identity,"[""identity""]",[],reviewed,AUTO_IDENTITY_LOOKUP,false,french_seed_lookup,2026-08-09T15:12:58.296280+00:00
3596:6,3596,6,maman,maman,maman,NOUN,fr,fr,UNKNOWN,yes,identity,"[""identity""]",[],reviewed,AUTO_IDENTITY_LOOKUP,false,curated_lookup,2026-08-09T15:12:58.296280+00:00
3596:7,3596,7,oumy,oumy,oumy,PROPN,unknown,unknown,PERSON,yes,identity,"[""identity""]",[],reviewed,AUTO_IDENTITY_LOOKUP,false,curated_lookup,2026-08-09T15:12:58.296280+00:00
5886:0,5886,0,salimata,salimata,Salimata,PROPN,unknown,unknown,PERSON,yes,identity,"[""identity""]",[],reviewed,AUTO_IDENTITY_NAME_LOOKUP,false,name_seed_lookup,2026-08-09T15:12:58.297281+00:00
5891:2,5891,2,maman,maman,maman,NOUN,fr,fr,UNKNOWN,yes,identity,"[""identity""]",[],reviewed,AUTO_IDENTITY_LOOKUP,false,curated_lookup,2026-08-09T15:12:58.297281+00:00
5901:0,5901,0,pourtant,pourtant,pourtant,ADV,fr,fr,UNKNOWN,yes,identity,"[""identity""]",[],reviewed,AUTO_IDENTITY_LOOKUP,false,french_seed_lookup,2026-08-09T15:12:58.297281+00:00
5920:1,5920,1,tidiane,tidiane,tidiane,PROPN,unknown,unknown,PERSON,yes,identity,"[""identity""]",[],reviewed,AUTO_IDENTITY_LOOKUP,false,curated_lookup,2026-08-09T15:12:58.297281+00:00
5920:2,5920,2,khadim,khadim,Khadim,PROPN,unknown,unknown,PERSON,yes,identity,"[""identity""]",[],reviewed,AUTO_IDENTITY_NAME_LOOKUP,false,name_seed_lookup,2026-08-09T15:12:58.298280+00:00
5920:10,5920,10,trop,trop,trop,ADV,fr,fr,UNKNOWN,yes,identity,"[""identity""]",[],reviewed,AUTO_IDENTITY_LOOKUP,false,french_seed_lookup,2026-08-09T15:12:58.298280+00:00
5931:7,5931,7,oumy,oumy,oumy,PROPN,unknown,unknown,PERSON,yes,identity,"[""identity""]",[],reviewed,AUTO_IDENTITY_LOOKUP,false,curated_lookup,2026-08-09T15:12:58.298280+00:00
5932:0,5932,0,publicité,publicité,publicité,NOUN,fr,fr,UNKNOWN,yes,identity,"[""identity""]",[],reviewed,AUTO_IDENTITY_LOOKUP,false,french_seed_lookup,2026-08-09T15:12:58.298280+00:00
257:2,257,2,ak,ak,ak,CCONJ,wo,wo,UNKNOWN,no,identity,"[""identity""]",[],reviewed,,true,seed_lookup,2026-08-09T15:17:53.332191+00:00
257:3,257,3,bakir,bakir,bakir,PROPN,unknown,unknown,PERSON,yes,identity,"[""identity""]",[],reviewed,,true,manual,2026-08-09T15:18:05.234655+00:00
257:4,257,4,gno,ñoo,ñoo,VERB,wo,wo,UNKNOWN,no,diacritic,"[""diacritic"", ""substitution"", ""phonetic_spelling""]","[{""operation"": ""replace"", ""formal_text"": ""ñ"", ""informal_text"": ""gn"", ""formal_start"": 0, ""formal_end"": 1, ""informal_start"": 0, ""informal_end"": 2}, {""operation"": ""delete"", ""formal_text"": ""o"", ""informal_text"": """", ""formal_start"": 2, ""formal_end"": 3, ""informal_start"": 3, ""informal_end"": 3}]",reviewed,,true,seed_lookup,2026-08-09T15:18:48.765973+00:00
257:5,257,5,gana,gëna,gëna,VERB,wo,wo,UNKNOWN,no,diacritic,"[""diacritic"", ""substitution""]","[{""operation"": ""replace"", ""formal_text"": ""ë"", ""informal_text"": ""a"", ""formal_start"": 1, ""formal_end"": 2, ""informal_start"": 1, ""informal_end"": 2}]",reviewed,,true,manual,2026-08-09T15:19:42.117871+00:00
257:8,257,8,serie,série,série,NOUN,fr,fr,UNKNOWN,yes,diacritic,"[""diacritic"", ""french_spelling""]","[{""operation"": ""replace"", ""formal_text"": ""é"", ""informal_text"": ""e"", ""formal_start"": 1, ""formal_end"": 2, ""informal_start"": 1, ""informal_end"": 2}]",reviewed,,true,french_seed_lookup,2026-08-09T15:19:48.221250+00:00
257:9,257,9,bi,bi,bi,DET,wo,wo,UNKNOWN,no,identity,"[""identity""]",[],reviewed,,true,curated_lookup,2026-08-09T15:20:04.411412+00:00
258:1,258,1,thiam,thiam,thiam,PROPN,unknown,unknown,PERSON,yes,identity,"[""identity""]",[],reviewed,,true,manual,2026-08-09T15:20:17.444998+00:00
258:2,258,2,yangi,yaa ngi,,UNKNOWN,unknown,wo,UNKNOWN,no,spacing_merge,"[""spacing_merge"", ""deletion""]","[{""operation"": ""delete"", ""formal_text"": ""a "", ""informal_text"": """", ""formal_start"": 2, ""formal_end"": 4, ""informal_start"": 2, ""informal_end"": 2}]",reviewed,,true,manual,2026-08-09T15:20:52.562337+00:00
258:4,258,4,vrema,vraiment,vraiment,ADV,fr,fr,UNKNOWN,yes,abbreviation,"[""abbreviation"", ""deletion"", ""insertion"", ""french_spelling""]","[{""operation"": ""insert"", ""formal_text"": """", ""informal_text"": ""em"", ""formal_start"": 2, ""formal_end"": 2, ""informal_start"": 2, ""informal_end"": 4}, {""operation"": ""delete"", ""formal_text"": ""iment"", ""informal_text"": """", ""formal_start"": 3, ""formal_end"": 8, ""informal_start"": 5, ""informal_end"": 5}]",reviewed,,false,french_seed_lookup,2026-08-09T15:21:07.976453+00:00
258:5,258,5,nekko,nekko,nekko,VERB,wo,wo,UNKNOWN,no,identity,"[""identity""]",[],reviewed,,true,manual,2026-08-09T15:21:27.615494+00:00
258:6,258,6,si,ci,ci,ADP,wo,wo,UNKNOWN,no,substitution,"[""substitution""]","[{""operation"": ""replace"", ""formal_text"": ""c"", ""informal_text"": ""s"", ""formal_start"": 0, ""formal_end"": 1, ""informal_start"": 0, ""informal_end"": 1}]",reviewed,,false,seed_lookup,2026-08-09T15:21:36.514461+00:00
258:7,258,7,deug,dëgg,dëgg,NOUN,wo,wo,UNKNOWN,no,diacritic,"[""diacritic"", ""deletion"", ""substitution"", ""phonetic_spelling""]","[{""operation"": ""replace"", ""formal_text"": ""ë"", ""informal_text"": ""eu"", ""formal_start"": 1, ""formal_end"": 2, ""informal_start"": 1, ""informal_end"": 3}, {""operation"": ""delete"", ""formal_text"": ""g"", ""informal_text"": """", ""formal_start"": 3, ""formal_end"": 4, ""informal_start"": 4, ""informal_end"": 4}]",reviewed,,true,seed_lookup,2026-08-09T15:21:51.544487+00:00
258:10,258,10,mareme,mareme,mareme,PROPN,unknown,unknown,PERSON,yes,identity,"[""identity""]",[],reviewed,,true,manual,2026-08-09T15:22:02.526441+00:00
258:11,258,11,sa,sa,sa,DET,wo,wo,UNKNOWN,no,identity,"[""identity""]",[],reviewed,,true,seed_lookup,2026-08-09T15:22:20.919628+00:00
258:12,258,12,badiene,bàjjen,bàjjen,NOUN,wo,wo,UNKNOWN,no,diacritic,"[""diacritic"", ""insertion"", ""substitution"", ""phonetic_spelling""]","[{""operation"": ""replace"", ""formal_text"": ""àjj"", ""informal_text"": ""adi"", ""formal_start"": 1, ""formal_end"": 4, ""informal_start"": 1, ""informal_end"": 4}, {""operation"": ""insert"", ""formal_text"": """", ""informal_text"": ""e"", ""formal_start"": 6, ""formal_end"": 6, ""informal_start"": 6, ""informal_end"": 7}]",reviewed,,true,seed_lookup,2026-08-09T15:23:33.361810+00:00
258:14,258,14,avant,avant,avant,ADV,fr,fr,UNKNOWN,yes,identity,"[""identity""]",[],reviewed,,true,french_seed_lookup,2026-08-09T15:23:46.748260+00:00
259:1,259,1,thiam,thiam,thiam,PROPN,unknown,unknown,PERSON,yes,identity,"[""identity""]",[],reviewed,AUTO_IDENTITY_LOOKUP,false,curated_lookup,2026-08-09T15:25:24.922881+00:00
262:0,262,0,mareme,mareme,mareme,PROPN,unknown,unknown,PERSON,yes,identity,"[""identity""]",[],reviewed,AUTO_IDENTITY_LOOKUP,false,curated_lookup,2026-08-09T15:25:24.924871+00:00
262:1,262,1,thiam,thiam,thiam,PROPN,unknown,unknown,PERSON,yes,identity,"[""identity""]",[],reviewed,AUTO_IDENTITY_LOOKUP,false,curated_lookup,2026-08-09T15:25:24.925893+00:00
269:8,269,8,thiam,thiam,thiam,PROPN,unknown,unknown,PERSON,yes,identity,"[""identity""]",[],reviewed,AUTO_IDENTITY_LOOKUP,false,curated_lookup,2026-08-09T15:25:24.927875+00:00
271:1,271,1,thiam,thiam,thiam,PROPN,unknown,unknown,PERSON,yes,identity,"[""identity""]",[],reviewed,AUTO_IDENTITY_LOOKUP,false,curated_lookup,2026-08-09T15:25:24.928871+00:00
272:1,272,1,mareme,mareme,mareme,PROPN,unknown,unknown,PERSON,yes,identity,"[""identity""]",[],reviewed,AUTO_IDENTITY_LOOKUP,false,curated_lookup,2026-08-09T15:25:24.929888+00:00
272:2,272,2,thiam,thiam,thiam,PROPN,unknown,unknown,PERSON,yes,identity,"[""identity""]",[],reviewed,AUTO_IDENTITY_LOOKUP,false,curated_lookup,2026-08-09T15:25:24.929888+00:00
314:1,314,1,thiam,thiam,thiam,PROPN,unknown,unknown,PERSON,yes,identity,"[""identity""]",[],reviewed,AUTO_IDENTITY_LOOKUP,false,curated_lookup,2026-08-09T15:25:24.931869+00:00
327:1,327,1,thiam,thiam,thiam,PROPN,unknown,unknown,PERSON,yes,identity,"[""identity""]",[],reviewed,AUTO_IDENTITY_LOOKUP,false,curated_lookup,2026-08-09T15:25:24.933870+00:00
354:6,354,6,mareme,mareme,mareme,PROPN,unknown,unknown,PERSON,yes,identity,"[""identity""]",[],reviewed,AUTO_IDENTITY_LOOKUP,false,curated_lookup,2026-08-09T15:25:24.934887+00:00
356:6,356,6,thiam,thiam,thiam,PROPN,unknown,unknown,PERSON,yes,identity,"[""identity""]",[],reviewed,AUTO_IDENTITY_LOOKUP,false,curated_lookup,2026-08-09T15:25:24.936870+00:00
368:1,368,1,thiam,thiam,thiam,PROPN,unknown,unknown,PERSON,yes,identity,"[""identity""]",[],reviewed,AUTO_IDENTITY_LOOKUP,false,curated_lookup,2026-08-09T15:25:24.937890+00:00
395:10,395,10,thiam,thiam,thiam,PROPN,unknown,unknown,PERSON,yes,identity,"[""identity""]",[],reviewed,AUTO_IDENTITY_LOOKUP,false,curated_lookup,2026-08-09T15:25:24.939869+00:00
415:4,415,4,mareme,mareme,mareme,PROPN,unknown,unknown,PERSON,yes,identity,"[""identity""]",[],reviewed,AUTO_IDENTITY_LOOKUP,false,curated_lookup,2026-08-09T15:25:24.941887+00:00
424:1,424,1,thiam,thiam,thiam,PROPN,unknown,unknown,PERSON,yes,identity,"[""identity""]",[],reviewed,AUTO_IDENTITY_LOOKUP,false,curated_lookup,2026-08-09T15:25:24.943871+00:00
457:4,457,4,mareme,mareme,mareme,PROPN,unknown,unknown,PERSON,yes,identity,"[""identity""]",[],reviewed,AUTO_IDENTITY_LOOKUP,false,curated_lookup,2026-08-09T15:25:24.944871+00:00
458:1,458,1,mareme,mareme,mareme,PROPN,unknown,unknown,PERSON,yes,identity,"[""identity""]",[],reviewed,AUTO_IDENTITY_LOOKUP,false,curated_lookup,2026-08-09T15:25:24.946890+00:00
3543:11,3543,11,thiam,thiam,thiam,PROPN,unknown,unknown,PERSON,yes,identity,"[""identity""]",[],reviewed,AUTO_IDENTITY_LOOKUP,false,curated_lookup,2026-08-09T15:25:24.947887+00:00
3554:1,3554,1,thiam,thiam,thiam,PROPN,unknown,unknown,PERSON,yes,identity,"[""identity""]",[],reviewed,AUTO_IDENTITY_LOOKUP,false,curated_lookup,2026-08-09T15:25:24.948887+00:00
3557:0,3557,0,bakir,bakir,bakir,PROPN,unknown,unknown,PERSON,yes,identity,"[""identity""]",[],reviewed,AUTO_IDENTITY_LOOKUP,false,curated_lookup,2026-08-09T15:25:24.950870+00:00
3579:0,3579,0,bakir,bakir,bakir,PROPN,unknown,unknown,PERSON,yes,identity,"[""identity""]",[],reviewed,AUTO_IDENTITY_LOOKUP,false,curated_lookup,2026-08-09T15:25:24.952871+00:00
3593:1,3593,1,thiam,thiam,thiam,PROPN,unknown,unknown,PERSON,yes,identity,"[""identity""]",[],reviewed,AUTO_IDENTITY_LOOKUP,false,curated_lookup,2026-08-09T15:25:24.953888+00:00
5871:0,5871,0,bakir,bakir,bakir,PROPN,unknown,unknown,PERSON,yes,identity,"[""identity""]",[],reviewed,AUTO_IDENTITY_LOOKUP,false,curated_lookup,2026-08-09T15:25:24.955871+00:00
5890:2,5890,2,thiam,thiam,thiam,PROPN,unknown,unknown,PERSON,yes,identity,"[""identity""]",[],reviewed,AUTO_IDENTITY_LOOKUP,false,curated_lookup,2026-08-09T15:25:24.956887+00:00
5900:3,5900,3,bakir,bakir,bakir,PROPN,unknown,unknown,PERSON,yes,identity,"[""identity""]",[],reviewed,AUTO_IDENTITY_LOOKUP,false,curated_lookup,2026-08-09T15:25:24.958887+00:00
5905:2,5905,2,bakir,bakir,bakir,PROPN,unknown,unknown,PERSON,yes,identity,"[""identity""]",[],reviewed,AUTO_IDENTITY_LOOKUP,false,curated_lookup,2026-08-09T15:25:24.960871+00:00
5920:3,5920,3,thiam,thiam,thiam,PROPN,unknown,unknown,PERSON,yes,identity,"[""identity""]",[],reviewed,AUTO_IDENTITY_LOOKUP,false,curated_lookup,2026-08-09T15:25:24.961871+00:00
5938:1,5938,1,bakir,bakir,bakir,PROPN,unknown,unknown,PERSON,yes,identity,"[""identity""]",[],reviewed,AUTO_IDENTITY_LOOKUP,false,curated_lookup,2026-08-09T15:25:24.962890+00:00
5938:12,5938,12,bakir,bakir,bakir,PROPN,unknown,unknown,PERSON,yes,identity,"[""identity""]",[],reviewed,AUTO_IDENTITY_LOOKUP,false,curated_lookup,2026-08-09T15:25:24.963890+00:00
258:16,258,16,donc,donc,donc,CCONJ,fr,fr,UNKNOWN,yes,identity,"[""identity""]",[],reviewed,,true,manual,2026-08-09T15:26:16.002543+00:00
258:17,258,17,ua,nga,nga,PRON,wo,wo,UNKNOWN,no,substitution,"[""substitution""]","[{""operation"": ""replace"", ""formal_text"": ""ng"", ""informal_text"": ""u"", ""formal_start"": 0, ""formal_end"": 2, ""informal_start"": 0, ""informal_end"": 1}]",reviewed,,false,seed_lookup,2026-08-09T15:26:28.974137+00:00
258:18,258,18,wara,wara,wara,VERB,wo,wo,UNKNOWN,no,identity,"[""identity""]",[],reviewed,,true,manual,2026-08-09T15:27:12.299240+00:00
258:19,258,19,baalou,baalu,baalu,VERB,wo,wo,UNKNOWN,no,insertion,"[""insertion"", ""phonetic_spelling""]","[{""operation"": ""insert"", ""formal_text"": """", ""informal_text"": ""o"", ""formal_start"": 4, ""formal_end"": 4, ""informal_start"": 4, ""informal_end"": 5}]",reviewed,,true,seed_lookup,2026-08-09T15:27:39.909646+00:00
258:20,258,20,akh,àq,àq,NOUN,wo,wo,UNKNOWN,no,diacritic,"[""diacritic"", ""substitution"", ""phonetic_spelling""]","[{""operation"": ""replace"", ""formal_text"": ""àq"", ""informal_text"": ""akh"", ""formal_start"": 0, ""formal_end"": 2, ""informal_start"": 0, ""informal_end"": 3}]",reviewed,,false,seed_lookup,2026-08-09T15:27:52.526096+00:00
258:21,258,21,rk,rek,rek,UNKNOWN,wo,wo,UNKNOWN,no,abbreviation,"[""abbreviation""]","[{""operation"": ""delete"", ""formal_text"": ""e"", ""informal_text"": """", ""formal_start"": 1, ""formal_end"": 2, ""informal_start"": 1, ""informal_end"": 1}]",reviewed,,true,curated_lookup,2026-08-09T15:28:16.453617+00:00
258:22,258,22,lep,lépp,lépp,NOUN,wo,wo,UNKNOWN,no,diacritic,"[""diacritic"", ""deletion"", ""substitution"", ""phonetic_spelling""]","[{""operation"": ""replace"", ""formal_text"": ""é"", ""informal_text"": ""e"", ""formal_start"": 1, ""formal_end"": 2, ""informal_start"": 1, ""informal_end"": 2}, {""operation"": ""delete"", ""formal_text"": ""p"", ""informal_text"": """", ""formal_start"": 3, ""formal_end"": 4, ""informal_start"": 3, ""informal_end"": 3}]",reviewed,,false,seed_lookup,2026-08-09T15:28:25.926970+00:00
258:23,258,23,diaraat,jaarat,jaarat,VERB,wo,wo,UNKNOWN,no,repetition,"[""repetition"", ""insertion"", ""substitution"", ""phonetic_spelling""]","[{""operation"": ""replace"", ""formal_text"": ""ja"", ""informal_text"": ""di"", ""formal_start"": 0, ""formal_end"": 2, ""informal_start"": 0, ""informal_end"": 2}, {""operation"": ""insert"", ""formal_text"": """", ""informal_text"": ""a"", ""formal_start"": 5, ""formal_end"": 5, ""informal_start"": 5, ""informal_end"": 6}]",reviewed,,true,manual,2026-08-09T15:29:54.394304+00:00
258:28,258,28,lou,lu,lu,DET,wo,wo,UNKNOWN,no,insertion,"[""insertion"", ""phonetic_spelling""]","[{""operation"": ""insert"", ""formal_text"": """", ""informal_text"": ""o"", ""formal_start"": 1, ""formal_end"": 1, ""informal_start"": 1, ""informal_end"": 2}]",reviewed,,true,seed_lookup,2026-08-09T15:30:07.863648+00:00
258:29,258,29,__protected_0__,__protected_0__,__protected_0__,UNKNOWN,unknown,unknown,UNKNOWN,uncertain,identity,"[""identity""]",[],reviewed,,true,manual,2026-08-09T15:30:18.310822+00:00
259:2,259,2,elle,elle,elle,NOUN,fr,fr,UNKNOWN,yes,identity,"[""identity""]",[],reviewed,,true,french_seed_lookup,2026-08-09T15:30:23.653752+00:00
259:3,259,3,en,en,en,PRON,fr,fr,UNKNOWN,yes,identity,"[""identity""]",[],reviewed,,true,french_seed_lookup,2026-08-09T15:30:34.261210+00:00
259:4,259,4,demande,demande,demande,VERB,fr,fr,UNKNOWN,yes,identity,"[""identity""]",[],reviewed,,true,french_seed_lookup,2026-08-09T15:30:44.514776+00:00
259:6,259,6,comment,comment,comment,ADV,fr,fr,UNKNOWN,yes,identity,"[""identity""]",[],reviewed,,true,french_seed_lookup,2026-08-09T15:30:49.449538+00:00
259:7,259,7,tu,tu,tu,PRON,fr,fr,UNKNOWN,yes,identity,"[""identity""]",[],reviewed,,true,french_seed_lookup,2026-08-09T15:30:56.986499+00:00
259:10,259,10,l,l,l,DET,fr,fr,UNKNOWN,yes,identity,"[""identity""]",[],reviewed,,true,french_seed_lookup,2026-08-09T15:31:05.739479+00:00
259:13,259,13,de,de,de,DET,fr,fr,UNKNOWN,yes,identity,"[""identity""]",[],reviewed,,true,seed_lookup,2026-08-09T15:31:22.443216+00:00
259:14,259,14,sa,sa,sa,DET,fr,fr,UNKNOWN,yes,identity,"[""identity""]",[],reviewed,,true,curated_lookup,2026-08-09T15:32:11.399693+00:00
259:17,259,17,amna,am na,,UNKNOWN,wo,wo,UNKNOWN,no,spacing_merge,"[""spacing_merge"", ""phonetic_spelling""]","[{""operation"": ""delete"", ""formal_text"": "" "", ""informal_text"": """", ""formal_start"": 2, ""formal_end"": 3, ""informal_start"": 2, ""informal_end"": 2}]",reviewed,,true,manual,2026-08-09T15:34:41.873644+00:00
259:18,259,18,wakhtanelenko,waxtaan lene ko,,UNKNOWN,unknown,wo,UNKNOWN,no,spacing_merge,"[""spacing_merge"", ""deletion"", ""substitution"", ""phonetic_spelling""]","[{""operation"": ""replace"", ""formal_text"": ""x"", ""informal_text"": ""kh"", ""formal_start"": 2, ""formal_end"": 3, ""informal_start"": 2, ""informal_end"": 4}, {""operation"": ""delete"", ""formal_text"": ""a"", ""informal_text"": """", ""formal_start"": 5, ""formal_end"": 6, ""informal_start"": 6, ""informal_end"": 6}, {""operation"": ""replace"", ""formal_text"": "" "", ""informal_text"": ""e"", ""formal_start"": 7, ""formal_end"": 8, ""informal_start"": 7, ""informal_end"": 8}, {""operation"": ""delete"", ""formal_text"": ""e "", ""informal_text"": """", ""formal_start"": 11, ""formal_end"": 13, ""informal_start"": 11, ""informal_end"": 11}]",reviewed,,true,manual,2026-08-09T15:35:06.224839+00:00
259:19,259,19,déjà,déjà,déjà,ADV,fr,fr,UNKNOWN,yes,identity,"[""identity""]",[],reviewed,,true,french_seed_lookup,2026-08-09T15:35:10.251704+00:00
259:20,259,20,marieme,marieme,marieme,PROPN,unknown,unknown,PERSON,yes,identity,"[""identity""]",[],reviewed,,true,manual,2026-08-09T15:37:22.764191+00:00
259:21,259,21,kholou,xolu,xolu,NOUN,wo,wo,UNKNOWN,no,insertion,"[""insertion"", ""substitution""]","[{""operation"": ""replace"", ""formal_text"": ""x"", ""informal_text"": ""kh"", ""formal_start"": 0, ""formal_end"": 1, ""informal_start"": 0, ""informal_end"": 2}, {""operation"": ""insert"", ""formal_text"": """", ""informal_text"": ""o"", ""formal_start"": 3, ""formal_end"": 3, ""informal_start"": 4, ""informal_end"": 5}]",reviewed,,true,manual,2026-08-09T15:37:49.273659+00:00
265:8,265,8,j,j,j,NOUN,fr,fr,UNKNOWN,yes,identity,"[""identity""]",[],reviewed,AUTO_IDENTITY_LOOKUP,false,french_seed_lookup,2026-08-09T15:41:19.877646+00:00
3593:0,3593,0,marieme,marieme,marieme,PROPN,unknown,unknown,PERSON,yes,identity,"[""identity""]",[],reviewed,AUTO_IDENTITY_LOOKUP,false,curated_lookup,2026-08-09T15:41:19.880747+00:00
259:23,259,23,mo,moo,moo,INTJ,wo,wo,UNKNOWN,no,deletion,"[""deletion"", ""phonetic_spelling""]","[{""operation"": ""delete"", ""formal_text"": ""o"", ""informal_text"": """", ""formal_start"": 2, ""formal_end"": 3, ""informal_start"": 2, ""informal_end"": 2}]",reviewed,,false,seed_lookup,2026-08-09T15:41:27.961266+00:00
259:24,259,24,wakh,wax,wax,VERB,wo,wo,UNKNOWN,no,substitution,"[""substitution""]","[{""operation"": ""replace"", ""formal_text"": ""x"", ""informal_text"": ""kh"", ""formal_start"": 2, ""formal_end"": 3, ""informal_start"": 2, ""informal_end"": 4}]",reviewed,,true,seed_lookup,2026-08-09T15:41:36.233520+00:00
259:25,259,25,mais,mais,mais,ADV,fr,fr,UNKNOWN,yes,identity,"[""identity""]",[],reviewed,,true,french_seed_lookup,2026-08-09T15:41:40.492587+00:00
259:26,259,26,bonoul,bonul,bonul,VERB,wo,wo,UNKNOWN,no,insertion,"[""insertion""]","[{""operation"": ""insert"", ""formal_text"": """", ""informal_text"": ""o"", ""formal_start"": 3, ""formal_end"": 3, ""informal_start"": 3, ""informal_end"": 4}]",reviewed,,true,manual,2026-08-09T15:41:54.304242+00:00
259:27,259,27,dafa,dafa,dafa,UNKNOWN,wo,wo,UNKNOWN,no,identity,"[""identity""]",[],reviewed,,true,seed_lookup,2026-08-09T15:42:10.467494+00:00
259:28,259,28,dioum,juum,juum,VERB,wo,wo,UNKNOWN,no,substitution,"[""substitution""]","[{""operation"": ""replace"", ""formal_text"": ""ju"", ""informal_text"": ""dio"", ""formal_start"": 0, ""formal_end"": 2, ""informal_start"": 0, ""informal_end"": 3}]",reviewed,,false,seed_lookup,2026-08-09T15:42:21.024588+00:00
259:29,259,29,rek,rek,rek,UNKNOWN,wo,wo,UNKNOWN,no,identity,"[""identity""]",[],reviewed,,true,curated_lookup,2026-08-09T15:42:35.747875+00:00
259:30,259,30,dafa,dafa,dafa,UNKNOWN,wo,wo,UNKNOWN,no,identity,"[""identity""]",[],reviewed,AUTO_IDENTITY_LOOKUP,false,curated_lookup,2026-08-09T15:48:30.004176+00:00
272:6,272,6,mor,mor,mor,UNKNOWN,wo,wo,UNKNOWN,no,identity,"[""identity""]",[],reviewed,AUTO_IDENTITY_LOOKUP,false,curated_lookup,2026-08-09T15:48:30.008866+00:00
292:2,292,2,dafa,dafa,dafa,UNKNOWN,wo,wo,UNKNOWN,no,identity,"[""identity""]",[],reviewed,AUTO_IDENTITY_LOOKUP,false,curated_lookup,2026-08-09T15:48:30.009861+00:00
308:4,308,4,rek,rek,rek,UNKNOWN,wo,wo,UNKNOWN,no,identity,"[""identity""]",[],reviewed,AUTO_IDENTITY_LOOKUP,false,curated_lookup,2026-08-09T15:48:30.010859+00:00
322:3,322,3,dafa,dafa,dafa,UNKNOWN,wo,wo,UNKNOWN,no,identity,"[""identity""]",[],reviewed,AUTO_IDENTITY_LOOKUP,false,curated_lookup,2026-08-09T15:48:30.011859+00:00
354:3,354,3,mor,mor,mor,UNKNOWN,wo,wo,UNKNOWN,no,identity,"[""identity""]",[],reviewed,AUTO_IDENTITY_LOOKUP,false,curated_lookup,2026-08-09T15:48:30.012859+00:00
364:1,364,1,mor,mor,mor,UNKNOWN,wo,wo,UNKNOWN,no,identity,"[""identity""]",[],reviewed,AUTO_IDENTITY_LOOKUP,false,curated_lookup,2026-08-09T15:48:30.013859+00:00
369:11,369,11,rek,rek,rek,UNKNOWN,wo,wo,UNKNOWN,no,identity,"[""identity""]",[],reviewed,AUTO_IDENTITY_LOOKUP,false,curated_lookup,2026-08-09T15:48:30.013859+00:00
390:1,390,1,mor,mor,mor,UNKNOWN,wo,wo,UNKNOWN,no,identity,"[""identity""]",[],reviewed,AUTO_IDENTITY_LOOKUP,false,curated_lookup,2026-08-09T15:48:30.015365+00:00
400:5,400,5,mor,mor,mor,UNKNOWN,wo,wo,UNKNOWN,no,identity,"[""identity""]",[],reviewed,AUTO_IDENTITY_LOOKUP,false,curated_lookup,2026-08-09T15:48:30.016733+00:00
403:8,403,8,mor,mor,mor,UNKNOWN,wo,wo,UNKNOWN,no,identity,"[""identity""]",[],reviewed,AUTO_IDENTITY_LOOKUP,false,curated_lookup,2026-08-09T15:48:30.018093+00:00
415:2,415,2,mor,mor,mor,UNKNOWN,wo,wo,UNKNOWN,no,identity,"[""identity""]",[],reviewed,AUTO_IDENTITY_LOOKUP,false,curated_lookup,2026-08-09T15:48:30.019225+00:00
454:4,454,4,rek,rek,rek,UNKNOWN,wo,wo,UNKNOWN,no,identity,"[""identity""]",[],reviewed,AUTO_IDENTITY_LOOKUP,false,curated_lookup,2026-08-09T15:48:30.021230+00:00
457:1,457,1,mor,mor,mor,UNKNOWN,wo,wo,UNKNOWN,no,identity,"[""identity""]",[],reviewed,AUTO_IDENTITY_LOOKUP,false,curated_lookup,2026-08-09T15:48:30.022229+00:00
471:3,471,3,rek,rek,rek,UNKNOWN,wo,wo,UNKNOWN,no,identity,"[""identity""]",[],reviewed,AUTO_IDENTITY_LOOKUP,false,curated_lookup,2026-08-09T15:48:30.023230+00:00
3576:5,3576,5,__protected_0__,__protected_0__,__protected_0__,UNKNOWN,unknown,unknown,UNKNOWN,uncertain,identity,"[""identity""]",[],reviewed,AUTO_IDENTITY_LOOKUP,false,curated_lookup,2026-08-09T15:48:30.026363+00:00
5909:9,5909,9,rek,rek,rek,UNKNOWN,wo,wo,UNKNOWN,no,identity,"[""identity""]",[],reviewed,AUTO_IDENTITY_LOOKUP,false,curated_lookup,2026-08-09T15:48:30.028364+00:00
259:31,259,31,diar,jar,jar,VERB,wo,wo,UNKNOWN,no,substitution,"[""substitution"", ""phonetic_spelling""]","[{""operation"": ""replace"", ""formal_text"": ""j"", ""informal_text"": ""di"", ""formal_start"": 0, ""formal_end"": 1, ""informal_start"": 0, ""informal_end"": 2}]",reviewed,,false,seed_lookup,2026-08-09T15:50:56.936402+00:00
261:1,261,1,sénégal,sénégal,sénégal,NOUN,unknown,unknown,LOCATION,contextual,identity,"[""identity""]",[],reviewed,,true,manual,2026-08-09T15:51:18.152586+00:00
261:3,261,3,ngay,ngay,ngay,UNKNOWN,wo,wo,UNKNOWN,no,identity,"[""identity""]",[],reviewed,,true,seed_lookup,2026-08-09T15:51:40.217121+00:00
305:9,305,9,ngay,ngay,ngay,UNKNOWN,wo,wo,UNKNOWN,no,identity,"[""identity""]",[],reviewed,AUTO_IDENTITY_LOOKUP,false,curated_lookup,2026-08-09T15:51:40.220120+00:00
409:7,409,7,ngay,ngay,ngay,UNKNOWN,wo,wo,UNKNOWN,no,identity,"[""identity""]",[],reviewed,AUTO_IDENTITY_LOOKUP,false,curated_lookup,2026-08-09T15:51:40.222120+00:00
3579:5,3579,5,ngay,ngay,ngay,UNKNOWN,wo,wo,UNKNOWN,no,identity,"[""identity""]",[],reviewed,AUTO_IDENTITY_LOOKUP,false,curated_lookup,2026-08-09T15:51:40.224119+00:00
261:4,261,4,guiss,gis,gis,VERB,wo,wo,UNKNOWN,no,repetition,"[""repetition"", ""insertion""]","[{""operation"": ""insert"", ""formal_text"": """", ""informal_text"": ""u"", ""formal_start"": 1, ""formal_end"": 1, ""informal_start"": 1, ""informal_end"": 2}, {""operation"": ""insert"", ""formal_text"": """", ""informal_text"": ""s"", ""formal_start"": 3, ""formal_end"": 3, ""informal_start"": 4, ""informal_end"": 5}]",reviewed,,true,seed_lookup,2026-08-09T15:51:55.513546+00:00
261:5,261,5,kou,ku,ku,DET,wo,wo,UNKNOWN,no,insertion,"[""insertion"", ""phonetic_spelling""]","[{""operation"": ""insert"", ""formal_text"": """", ""informal_text"": ""o"", ""formal_start"": 1, ""formal_end"": 1, ""informal_start"": 1, ""informal_end"": 2}]",reviewed,,false,seed_lookup,2026-08-09T15:52:03.750498+00:00
261:6,261,6,am,am,am,VERB,wo,wo,UNKNOWN,no,identity,"[""identity""]",[],reviewed,,true,seed_lookup,2026-08-09T15:52:14.069203+00:00
261:7,261,7,diom,jom,jom,NOUN,wo,wo,UNKNOWN,no,substitution,"[""substitution"", ""phonetic_spelling""]","[{""operation"": ""replace"", ""formal_text"": ""j"", ""informal_text"": ""di"", ""formal_start"": 0, ""formal_end"": 1, ""informal_start"": 0, ""informal_end"": 2}]",reviewed,,false,seed_lookup,2026-08-09T15:52:21.455750+00:00
261:8,261,8,si,ci,ci,ADP,wo,wo,UNKNOWN,no,substitution,"[""substitution"", ""phonetic_spelling""]","[{""operation"": ""replace"", ""formal_text"": ""c"", ""informal_text"": ""s"", ""formal_start"": 0, ""formal_end"": 1, ""informal_start"": 0, ""informal_end"": 1}]",reviewed,,false,seed_lookup,2026-08-09T15:52:31.813718+00:00
261:12,261,12,fouleu,fulla,fulla,NOUN,wo,wo,UNKNOWN,no,insertion,"[""insertion"", ""substitution"", ""phonetic_spelling""]","[{""operation"": ""insert"", ""formal_text"": """", ""informal_text"": ""o"", ""formal_start"": 1, ""formal_end"": 1, ""informal_start"": 1, ""informal_end"": 2}, {""operation"": ""replace"", ""formal_text"": ""la"", ""informal_text"": ""eu"", ""formal_start"": 3, ""formal_end"": 5, ""informal_start"": 4, ""informal_end"": 6}]",reviewed,,false,seed_lookup,2026-08-09T15:52:50.378724+00:00
261:13,261,13,moudjer,mujje,mujje,VERB,wo,wo,UNKNOWN,no,insertion,"[""insertion"", ""substitution"", ""phonetic_spelling""]","[{""operation"": ""insert"", ""formal_text"": """", ""informal_text"": ""o"", ""formal_start"": 1, ""formal_end"": 1, ""informal_start"": 1, ""informal_end"": 2}, {""operation"": ""replace"", ""formal_text"": ""j"", ""informal_text"": ""d"", ""formal_start"": 2, ""formal_end"": 3, ""informal_start"": 3, ""informal_end"": 4}, {""operation"": ""insert"", ""formal_text"": """", ""informal_text"": ""r"", ""formal_start"": 5, ""formal_end"": 5, ""informal_start"": 6, ""informal_end"": 7}]",reviewed,,false,seed_lookup,2026-08-09T15:54:04.230388+00:00
261:14,261,14,gnakeu,ñàkk,ñàkk,VERB,wo,wo,UNKNOWN,no,diacritic,"[""diacritic"", ""substitution"", ""phonetic_spelling""]","[{""operation"": ""replace"", ""formal_text"": ""ñà"", ""informal_text"": ""gna"", ""formal_start"": 0, ""formal_end"": 2, ""informal_start"": 0, ""informal_end"": 3}, {""operation"": ""replace"", ""formal_text"": ""k"", ""informal_text"": ""eu"", ""formal_start"": 3, ""formal_end"": 4, ""informal_start"": 4, ""informal_end"": 6}]",reviewed,,true,seed_lookup,2026-08-09T15:54:18.675664+00:00
261:15,261,15,diome,jom,jom,NOUN,wo,wo,UNKNOWN,no,insertion,"[""insertion"", ""substitution"", ""phonetic_spelling""]","[{""operation"": ""replace"", ""formal_text"": ""j"", ""informal_text"": ""di"", ""formal_start"": 0, ""formal_end"": 1, ""informal_start"": 0, ""informal_end"": 2}, {""operation"": ""insert"", ""formal_text"": """", ""informal_text"": ""e"", ""formal_start"": 3, ""formal_end"": 3, ""informal_start"": 4, ""informal_end"": 5}]",reviewed,,false,seed_lookup,2026-08-09T15:54:28.058864+00:00
261:16,261,16,ndakh,ndax,ndax,CCONJ,wo,wo,UNKNOWN,no,substitution,"[""substitution"", ""phonetic_spelling""]","[{""operation"": ""replace"", ""formal_text"": ""x"", ""informal_text"": ""kh"", ""formal_start"": 3, ""formal_end"": 4, ""informal_start"": 3, ""informal_end"": 5}]",reviewed,,true,seed_lookup,2026-08-09T15:54:47.230974+00:00
261:17,261,17,djiguene,jigéen,jigéen,NOUN,wo,wo,UNKNOWN,no,diacritic,"[""diacritic"", ""insertion"", ""substitution"", ""phonetic_spelling""]","[{""operation"": ""insert"", ""formal_text"": """", ""informal_text"": ""d"", ""formal_start"": 0, ""formal_end"": 0, ""informal_start"": 0, ""informal_end"": 1}, {""operation"": ""replace"", ""formal_text"": ""é"", ""informal_text"": ""u"", ""formal_start"": 3, ""formal_end"": 4, ""informal_start"": 4, ""informal_end"": 5}, {""operation"": ""insert"", ""formal_text"": """", ""informal_text"": ""e"", ""formal_start"": 6, ""formal_end"": 6, ""informal_start"": 7, ""informal_end"": 8}]",reviewed,,true,seed_lookup,2026-08-09T15:54:53.117439+00:00
261:18,261,18,domou,doomu,doomu,NOUN,unknown,wo,UNKNOWN,no,deletion,"[""deletion"", ""substitution"", ""phonetic_spelling""]","[{""operation"": ""insert"", ""formal_text"": """", ""informal_text"": ""m"", ""formal_start"": 2, ""formal_end"": 2, ""informal_start"": 2, ""informal_end"": 3}, {""operation"": ""delete"", ""formal_text"": ""m"", ""informal_text"": """", ""formal_start"": 3, ""formal_end"": 4, ""informal_start"": 4, ""informal_end"": 4}]",reviewed,,true,manual,2026-08-09T15:55:34.236367+00:00
261:19,261,19,bb,bb,bb,NOUN,fr,fr,UNKNOWN,uncertain,identity,"[""identity""]",[],reviewed,,true,manual,2026-08-09T15:56:04.270738+00:00
364:2,364,2,bb,bb,bb,NOUN,fr,fr,UNKNOWN,uncertain,identity,"[""identity""]",[],reviewed,AUTO_IDENTITY_LOOKUP,false,curated_lookup,2026-08-09T15:56:04.274735+00:00
400:6,400,6,bb,bb,bb,NOUN,fr,fr,UNKNOWN,uncertain,identity,"[""identity""]",[],reviewed,AUTO_IDENTITY_LOOKUP,false,curated_lookup,2026-08-09T15:56:04.275734+00:00
402:0,402,0,bb,bb,bb,NOUN,fr,fr,UNKNOWN,uncertain,identity,"[""identity""]",[],reviewed,AUTO_IDENTITY_LOOKUP,false,curated_lookup,2026-08-09T15:56:04.276736+00:00
403:4,403,4,bb,bb,bb,NOUN,fr,fr,UNKNOWN,uncertain,identity,"[""identity""]",[],reviewed,AUTO_IDENTITY_LOOKUP,false,curated_lookup,2026-08-09T15:56:04.277737+00:00
415:3,415,3,bb,bb,bb,NOUN,fr,fr,UNKNOWN,uncertain,identity,"[""identity""]",[],reviewed,AUTO_IDENTITY_LOOKUP,false,curated_lookup,2026-08-09T15:56:04.279737+00:00
458:0,458,0,bb,bb,bb,NOUN,fr,fr,UNKNOWN,uncertain,identity,"[""identity""]",[],reviewed,AUTO_IDENTITY_LOOKUP,false,curated_lookup,2026-08-09T15:56:04.280738+00:00
462:9,462,9,bb,bb,bb,NOUN,fr,fr,UNKNOWN,uncertain,identity,"[""identity""]",[],reviewed,AUTO_IDENTITY_LOOKUP,false,curated_lookup,2026-08-09T15:56:04.282736+00:00
261:20,261,20,maréme,maréme,maréme,PROPN,unknown,unknown,PERSON,yes,identity,"[""identity""]",[],reviewed,,true,manual,2026-08-09T15:56:14.479806+00:00
364:3,364,3,maréme,maréme,maréme,PROPN,unknown,unknown,PERSON,yes,identity,"[""identity""]",[],reviewed,AUTO_IDENTITY_LOOKUP,false,curated_lookup,2026-08-09T15:56:14.483805+00:00
400:9,400,9,maréme,maréme,maréme,PROPN,unknown,unknown,PERSON,yes,identity,"[""identity""]",[],reviewed,AUTO_IDENTITY_LOOKUP,false,curated_lookup,2026-08-09T15:56:14.485804+00:00
424:0,424,0,maréme,maréme,maréme,PROPN,unknown,unknown,PERSON,yes,identity,"[""identity""]",[],reviewed,AUTO_IDENTITY_LOOKUP,false,curated_lookup,2026-08-09T15:56:14.486821+00:00
261:22,261,22,tmt,tamit,tamit,UNKNOWN,wo,wo,UNKNOWN,no,abbreviation,"[""abbreviation""]","[{""operation"": ""delete"", ""formal_text"": ""a"", ""informal_text"": """", ""formal_start"": 1, ""formal_end"": 2, ""informal_start"": 1, ""informal_end"": 1}, {""operation"": ""delete"", ""formal_text"": ""i"", ""informal_text"": """", ""formal_start"": 3, ""formal_end"": 4, ""informal_start"": 2, ""informal_end"": 2}]",reviewed,,true,seed_lookup,2026-08-09T15:56:33.960921+00:00
395:3,395,3,tamit,tamit,tamit,UNKNOWN,wo,wo,UNKNOWN,no,identity,"[""identity""]",[],reviewed,AUTO_IDENTITY_LOOKUP,false,curated_lookup,2026-08-09T15:56:33.964921+00:00
405:3,405,3,tamit,tamit,tamit,UNKNOWN,wo,wo,UNKNOWN,no,identity,"[""identity""]",[],reviewed,AUTO_IDENTITY_LOOKUP,false,curated_lookup,2026-08-09T15:56:33.966919+00:00
261:23,261,23,legui,léegi,léegi,ADV,wo,wo,UNKNOWN,no,diacritic,"[""diacritic"", ""deletion"", ""insertion"", ""phonetic_spelling""]","[{""operation"": ""delete"", ""formal_text"": ""é"", ""informal_text"": """", ""formal_start"": 1, ""formal_end"": 2, ""informal_start"": 1, ""informal_end"": 1}, {""operation"": ""insert"", ""formal_text"": """", ""informal_text"": ""u"", ""formal_start"": 4, ""formal_end"": 4, ""informal_start"": 3, ""informal_end"": 4}]",reviewed,,true,seed_lookup,2026-08-09T15:56:45.982956+00:00
261:24,261,24,dagnouko,dañu ko,,UNKNOWN,unknown,wo,UNKNOWN,no,diacritic,"[""diacritic"", ""spacing_merge"", ""substitution"", ""phonetic_spelling""]","[{""operation"": ""replace"", ""formal_text"": ""ñ"", ""informal_text"": ""gno"", ""formal_start"": 2, ""formal_end"": 3, ""informal_start"": 2, ""informal_end"": 5}, {""operation"": ""delete"", ""formal_text"": "" "", ""informal_text"": """", ""formal_start"": 4, ""formal_end"": 5, ""informal_start"": 6, ""informal_end"": 6}]",reviewed,,true,manual,2026-08-09T15:57:02.336167+00:00
261:25,261,25,yilif,yilif,yilif,UNKNOWN,wo,wo,UNKNOWN,no,identity,"[""identity""]",[],reviewed,,true,seed_lookup,2026-08-09T15:57:15.704205+00:00
261:26,261,26,sim,sim,sim,UNKNOWN,unknown,unknown,UNKNOWN,uncertain,identity,"[""identity""]",[],reviewed,,true,manual,2026-08-09T15:57:25.328779+00:00
409:11,409,11,sim,sim,sim,UNKNOWN,unknown,unknown,UNKNOWN,uncertain,identity,"[""identity""]",[],reviewed,AUTO_IDENTITY_LOOKUP,false,curated_lookup,2026-08-09T15:57:25.333786+00:00
262:3,262,3,fin,fin,fin,NOUN,fr,fr,UNKNOWN,yes,identity,"[""identity""]",[],reviewed,,true,french_seed_lookup,2026-08-09T15:57:33.065675+00:00
262:4,262,4,lanegua,lan nga,,UNKNOWN,wo,wo,UNKNOWN,no,spacing_merge,"[""spacing_merge"", ""insertion"", ""substitution"", ""phonetic_spelling""]","[{""operation"": ""replace"", ""formal_text"": "" n"", ""informal_text"": ""e"", ""formal_start"": 3, ""formal_end"": 5, ""informal_start"": 3, ""informal_end"": 4}, {""operation"": ""insert"", ""formal_text"": """", ""informal_text"": ""u"", ""formal_start"": 6, ""formal_end"": 6, ""informal_start"": 5, ""informal_end"": 6}]",reviewed,,true,manual,2026-08-09T15:57:50.711810+00:00
262:5,262,5,beugue,bëgg,bëgg,VERB,wo,wo,UNKNOWN,no,diacritic,"[""diacritic"", ""substitution"", ""phonetic_spelling""]","[{""operation"": ""replace"", ""formal_text"": ""ë"", ""informal_text"": ""eu"", ""formal_start"": 1, ""formal_end"": 2, ""informal_start"": 1, ""informal_end"": 3}, {""operation"": ""replace"", ""formal_text"": ""g"", ""informal_text"": ""ue"", ""formal_start"": 3, ""formal_end"": 4, ""informal_start"": 4, ""informal_end"": 6}]",reviewed,,false,seed_lookup,2026-08-09T15:58:00.007453+00:00
263:2,263,2,momay,moomay,moomay,UNKNOWN,unknown,wo,UNKNOWN,no,deletion,"[""deletion"", ""phonetic_spelling""]","[{""operation"": ""delete"", ""formal_text"": ""o"", ""informal_text"": """", ""formal_start"": 1, ""formal_end"": 2, ""informal_start"": 1, ""informal_end"": 1}]",reviewed,,true,manual,2026-08-09T15:58:44.510034+00:00
263:3,263,3,ray,rey,rey,VERB,wo,wo,UNKNOWN,no,substitution,"[""substitution"", ""phonetic_spelling""]","[{""operation"": ""replace"", ""formal_text"": ""e"", ""informal_text"": ""a"", ""formal_start"": 1, ""formal_end"": 2, ""informal_start"": 1, ""informal_end"": 2}]",reviewed,,false,seed_lookup,2026-08-09T15:59:05.953609+00:00
265:2,265,2,mo,moo,moo,INTJ,wo,wo,UNKNOWN,no,deletion,"[""deletion"", ""phonetic_spelling""]","[{""operation"": ""delete"", ""formal_text"": ""o"", ""informal_text"": """", ""formal_start"": 2, ""formal_end"": 3, ""informal_start"": 2, ""informal_end"": 2}]",reviewed,,false,seed_lookup,2026-08-09T15:59:42.131751+00:00
265:3,265,3,sof,soof,soof,VERB,wo,wo,UNKNOWN,no,deletion,"[""deletion"", ""phonetic_spelling""]","[{""operation"": ""delete"", ""formal_text"": ""o"", ""informal_text"": """", ""formal_start"": 2, ""formal_end"": 3, ""informal_start"": 2, ""informal_end"": 2}]",reviewed,,false,seed_lookup,2026-08-09T15:59:51.275679+00:00
265:4,265,4,kou,ku,ku,DET,wo,wo,UNKNOWN,no,insertion,"[""insertion"", ""phonetic_spelling""]","[{""operation"": ""insert"", ""formal_text"": """", ""informal_text"": ""o"", ""formal_start"": 1, ""formal_end"": 1, ""informal_start"": 1, ""informal_end"": 2}]",reviewed,,false,seed_lookup,2026-08-09T15:59:57.425842+00:00
265:5,265,5,d'accord,d'accord,d'accord,UNKNOWN,unknown,fr,UNKNOWN,yes,identity,"[""identity""]",[],reviewed,,true,manual,2026-08-09T16:00:21.080591+00:00
454:14,454,14,d'accord,d'accord,d'accord,UNKNOWN,fr,fr,UNKNOWN,yes,identity,"[""identity""]",[],reviewed,AUTO_IDENTITY_LOOKUP,false,curated_lookup,2026-08-09T16:00:21.084591+00:00
265:7,265,7,lala,laal,laal,VERB,wo,wo,UNKNOWN,no,deletion,"[""deletion"", ""insertion""]","[{""operation"": ""insert"", ""formal_text"": """", ""informal_text"": ""l"", ""formal_start"": 2, ""formal_end"": 2, ""informal_start"": 2, ""informal_end"": 3}, {""operation"": ""delete"", ""formal_text"": ""l"", ""informal_text"": """", ""formal_start"": 3, ""formal_end"": 4, ""informal_start"": 4, ""informal_end"": 4}]",reviewed,,false,seed_lookup,2026-08-09T16:00:39.691614+00:00
267:2,267,2,la,laa,laa,UNKNOWN,wo,wo,UNKNOWN,no,deletion,"[""deletion"", ""phonetic_spelling""]","[{""operation"": ""delete"", ""formal_text"": ""a"", ""informal_text"": """", ""formal_start"": 2, ""formal_end"": 3, ""informal_start"": 2, ""informal_end"": 2}]",reviewed,,true,seed_lookup,2026-08-09T16:00:52.091894+00:00
267:3,267,3,beug,bëgg,bëgg,VERB,wo,wo,UNKNOWN,no,diacritic,"[""diacritic"", ""deletion"", ""substitution"", ""phonetic_spelling""]","[{""operation"": ""replace"", ""formal_text"": ""ë"", ""informal_text"": ""eu"", ""formal_start"": 1, ""formal_end"": 2, ""informal_start"": 1, ""informal_end"": 3}, {""operation"": ""delete"", ""formal_text"": ""g"", ""informal_text"": """", ""formal_start"": 3, ""formal_end"": 4, ""informal_start"": 4, ""informal_end"": 4}]",reviewed,,false,seed_lookup,2026-08-09T16:01:02.571051+00:00
267:4,267,4,quoi,quoi,quoi,PRON,fr,fr,UNKNOWN,yes,identity,"[""identity""]",[],reviewed,,true,french_seed_lookup,2026-08-09T16:01:07.055833+00:00
268:0,268,0,khalika,khalika,khalika,PROPN,unknown,unknown,PERSON,yes,identity,"[""identity""]",[],reviewed,,true,manual,2026-08-09T16:01:14.410859+00:00
268:1,268,1,moy,mooy,mooy,INTJ,wo,wo,UNKNOWN,no,deletion,"[""deletion""]","[{""operation"": ""delete"", ""formal_text"": ""o"", ""informal_text"": """", ""formal_start"": 2, ""formal_end"": 3, ""informal_start"": 2, ""informal_end"": 2}]",reviewed,,true,manual,2026-08-09T16:02:02.347072+00:00
268:2,268,2,djiguénou,jigéenu,jigéenu,NOUN,wo,wo,UNKNOWN,uncertain,deletion,"[""deletion"", ""insertion"", ""phonetic_spelling"", ""multiple""]","[{""operation"": ""insert"", ""formal_text"": """", ""informal_text"": ""d"", ""formal_start"": 0, ""formal_end"": 0, ""informal_start"": 0, ""informal_end"": 1}, {""operation"": ""insert"", ""formal_text"": """", ""informal_text"": ""u"", ""formal_start"": 3, ""formal_end"": 3, ""informal_start"": 4, ""informal_end"": 5}, {""operation"": ""delete"", ""formal_text"": ""e"", ""informal_text"": """", ""formal_start"": 4, ""formal_end"": 5, ""informal_start"": 6, ""informal_end"": 6}, {""operation"": ""insert"", ""formal_text"": """", ""informal_text"": ""o"", ""formal_start"": 6, ""formal_end"": 6, ""informal_start"": 7, ""informal_end"": 8}]",reviewed,,true,manual,2026-08-09T16:02:19.540966+00:00
268:3,268,3,diam,jàmm,jàmm,NOUN,wo,wo,UNKNOWN,no,diacritic,"[""diacritic"", ""deletion"", ""substitution"", ""phonetic_spelling""]","[{""operation"": ""replace"", ""formal_text"": ""jà"", ""informal_text"": ""dia"", ""formal_start"": 0, ""formal_end"": 2, ""informal_start"": 0, ""informal_end"": 3}, {""operation"": ""delete"", ""formal_text"": ""m"", ""informal_text"": """", ""formal_start"": 3, ""formal_end"": 4, ""informal_start"": 4, ""informal_end"": 4}]",reviewed,,false,seed_lookup,2026-08-09T16:02:29.629642+00:00
268:6,268,6,yoyou,yooyu,yooyu,DET,wo,wo,UNKNOWN,no,deletion,"[""deletion"", ""insertion"", ""phonetic_spelling""]","[{""operation"": ""insert"", ""formal_text"": """", ""informal_text"": ""y"", ""formal_start"": 2, ""formal_end"": 2, ""informal_start"": 2, ""informal_end"": 3}, {""operation"": ""delete"", ""formal_text"": ""y"", ""informal_text"": """", ""formal_start"": 3, ""formal_end"": 4, ""informal_start"": 4, ""informal_end"": 4}]",reviewed,,false,seed_lookup,2026-08-09T16:02:36.647555+00:00
268:7,268,7,bilahi,bilahi,bilahi,INTJ,wo,wo,UNKNOWN,yes,identity,"[""identity""]",[],reviewed,,true,manual,2026-08-09T16:02:59.479633+00:00
282:12,282,12,bilahi,bilahi,bilahi,INTJ,wo,wo,UNKNOWN,yes,identity,"[""identity""]",[],reviewed,AUTO_IDENTITY_LOOKUP,false,curated_lookup,2026-08-09T16:02:59.483633+00:00
312:5,312,5,bilahi,bilahi,bilahi,INTJ,wo,wo,UNKNOWN,yes,identity,"[""identity""]",[],reviewed,AUTO_IDENTITY_LOOKUP,false,curated_lookup,2026-08-09T16:02:59.484633+00:00
322:0,322,0,bilahi,bilahi,bilahi,INTJ,wo,wo,UNKNOWN,yes,identity,"[""identity""]",[],reviewed,AUTO_IDENTITY_LOOKUP,false,curated_lookup,2026-08-09T16:02:59.486648+00:00
5901:23,5901,23,bilahi,bilahi,bilahi,INTJ,wo,wo,UNKNOWN,yes,identity,"[""identity""]",[],reviewed,AUTO_IDENTITY_LOOKUP,false,curated_lookup,2026-08-09T16:02:59.489648+00:00
268:8,268,8,daniou,dañu,dañu,X,wo,wo,UNKNOWN,no,diacritic,"[""diacritic"", ""substitution"", ""phonetic_spelling""]","[{""operation"": ""replace"", ""formal_text"": ""ñ"", ""informal_text"": ""nio"", ""formal_start"": 2, ""formal_end"": 3, ""informal_start"": 2, ""informal_end"": 5}]",reviewed,,false,seed_lookup,2026-08-09T16:03:10.253380+00:00
268:10,268,10,topato,toppatoo,toppatoo,VERB,wo,wo,UNKNOWN,no,deletion,"[""deletion"", ""phonetic_spelling""]","[{""operation"": ""delete"", ""formal_text"": ""p"", ""informal_text"": """", ""formal_start"": 2, ""formal_end"": 3, ""informal_start"": 2, ""informal_end"": 2}, {""operation"": ""delete"", ""formal_text"": ""o"", ""informal_text"": """", ""formal_start"": 7, ""formal_end"": 8, ""informal_start"": 6, ""informal_end"": 6}]",reviewed,,true,seed_lookup,2026-08-09T16:05:49.940464+00:00
268:11,268,11,bangay,ba ngay,,UNKNOWN,wo,wo,UNKNOWN,no,spacing_merge,"[""spacing_merge"", ""phonetic_spelling""]","[{""operation"": ""delete"", ""formal_text"": "" "", ""informal_text"": """", ""formal_start"": 2, ""formal_end"": 3, ""informal_start"": 2, ""informal_end"": 2}]",reviewed,,true,manual,2026-08-09T16:06:01.439748+00:00
268:12,268,12,mire,miir,miir,VERB,wo,wo,UNKNOWN,no,deletion,"[""deletion"", ""insertion"", ""phonetic_spelling""]","[{""operation"": ""delete"", ""formal_text"": ""i"", ""informal_text"": """", ""formal_start"": 2, ""formal_end"": 3, ""informal_start"": 2, ""informal_end"": 2}, {""operation"": ""insert"", ""formal_text"": """", ""informal_text"": ""e"", ""formal_start"": 4, ""formal_end"": 4, ""informal_start"": 3, ""informal_end"": 4}]",reviewed,,true,seed_lookup,2026-08-09T16:06:18.983346+00:00
269:1,269,1,bis,bés,bés,NOUN,wo,wo,UNKNOWN,no,diacritic,"[""diacritic"", ""substitution""]","[{""operation"": ""replace"", ""formal_text"": ""é"", ""informal_text"": ""i"", ""formal_start"": 1, ""formal_end"": 2, ""informal_start"": 1, ""informal_end"": 2}]",reviewed,,false,seed_lookup,2026-08-09T16:06:30.046796+00:00
269:2,269,2,boo,boo,boo,CCONJ,wo,wo,UNKNOWN,no,identity,"[""identity""]",[],reviewed,,true,seed_lookup,2026-08-09T16:07:01.602733+00:00
269:3,269,3,dof,dof,dof,VERB,wo,wo,UNKNOWN,no,identity,"[""identity""]",[],reviewed,,true,seed_lookup,2026-08-09T16:07:14.163768+00:00
269:5,269,5,lo,loo,loo,NOUN,wo,wo,UNKNOWN,no,deletion,"[""deletion"", ""phonetic_spelling""]","[{""operation"": ""delete"", ""formal_text"": ""o"", ""informal_text"": """", ""formal_start"": 2, ""formal_end"": 3, ""informal_start"": 2, ""informal_end"": 2}]",reviewed,,false,seed_lookup,2026-08-09T16:07:24.392741+00:00
269:6,269,6,ba,ba,ba,CCONJ,wo,wo,UNKNOWN,no,identity,"[""identity""]",[],reviewed,,true,seed_lookup,2026-08-09T16:07:46.928811+00:00
269:7,269,7,khadi,khadi,khadi,PROPN,unknown,unknown,PERSON,yes,identity,"[""identity""]",[],reviewed,,true,manual,2026-08-09T16:07:53.732216+00:00
382:0,382,0,khadi,khadi,khadi,PROPN,unknown,unknown,PERSON,yes,identity,"[""identity""]",[],reviewed,AUTO_IDENTITY_LOOKUP,false,curated_lookup,2026-08-09T16:07:53.736220+00:00
269:9,269,9,took,toog,toog,VERB,wo,wo,UNKNOWN,no,substitution,"[""substitution"", ""phonetic_spelling""]","[{""operation"": ""replace"", ""formal_text"": ""g"", ""informal_text"": ""k"", ""formal_start"": 3, ""formal_end"": 4, ""informal_start"": 3, ""informal_end"": 4}]",reviewed,,false,seed_lookup,2026-08-09T16:08:01.054728+00:00
269:11,269,11,boop,bopp,bopp,NOUN,wo,wo,UNKNOWN,no,repetition,"[""repetition"", ""deletion"", ""insertion"", ""phonetic_spelling""]","[{""operation"": ""insert"", ""formal_text"": """", ""informal_text"": ""o"", ""formal_start"": 2, ""formal_end"": 2, ""informal_start"": 2, ""informal_end"": 3}, {""operation"": ""delete"", ""formal_text"": ""p"", ""informal_text"": """", ""formal_start"": 3, ""formal_end"": 4, ""informal_start"": 4, ""informal_end"": 4}]",reviewed,,false,seed_lookup,2026-08-09T16:08:14.896861+00:00
269:13,269,13,yakhou,yàqu,yàqu,VERB,wo,wo,UNKNOWN,no,diacritic,"[""diacritic"", ""substitution"", ""phonetic_spelling""]","[{""operation"": ""replace"", ""formal_text"": ""àq"", ""informal_text"": ""akho"", ""formal_start"": 1, ""formal_end"": 3, ""informal_start"": 1, ""informal_end"": 5}]",reviewed,,false,seed_lookup,2026-08-09T16:08:24.219084+00:00
269:16,269,16,daye,daye,daye,VERB,wo,wo,UNKNOWN,no,identity,"[""identity""]",[],reviewed,,true,manual,2026-08-09T16:08:46.987821+00:00
269:17,269,17,deugeur,dëgër,dëgër,VERB,wo,wo,UNKNOWN,no,diacritic,"[""diacritic"", ""substitution"", ""phonetic_spelling""]","[{""operation"": ""replace"", ""formal_text"": ""ë"", ""informal_text"": ""eu"", ""formal_start"": 1, ""formal_end"": 2, ""informal_start"": 1, ""informal_end"": 3}, {""operation"": ""replace"", ""formal_text"": ""ë"", ""informal_text"": ""eu"", ""formal_start"": 3, ""formal_end"": 4, ""informal_start"": 4, ""informal_end"": 6}]",reviewed,,false,seed_lookup,2026-08-09T16:09:04.933776+00:00
269:18,269,18,waay,waay,waay,INTJ,wo,wo,UNKNOWN,no,identity,"[""identity""]",[],reviewed,,true,seed_lookup,2026-08-09T16:09:14.352795+00:00
270:0,270,0,légui,léegi,léegi,ADV,wo,wo,UNKNOWN,no,deletion,"[""deletion"", ""insertion"", ""phonetic_spelling""]","[{""operation"": ""delete"", ""formal_text"": ""e"", ""informal_text"": """", ""formal_start"": 2, ""formal_end"": 3, ""informal_start"": 2, ""informal_end"": 2}, {""operation"": ""insert"", ""formal_text"": """", ""informal_text"": ""u"", ""formal_start"": 4, ""formal_end"": 4, ""informal_start"": 3, ""informal_end"": 4}]",reviewed,,false,curated_lookup,2026-08-09T16:09:27.466651+00:00
270:1,270,1,djiguéne,jigéen,jigéen,NOUN,wo,wo,UNKNOWN,no,deletion,"[""deletion"", ""insertion"", ""phonetic_spelling""]","[{""operation"": ""insert"", ""formal_text"": """", ""informal_text"": ""d"", ""formal_start"": 0, ""formal_end"": 0, ""informal_start"": 0, ""informal_end"": 1}, {""operation"": ""insert"", ""formal_text"": """", ""informal_text"": ""u"", ""formal_start"": 3, ""formal_end"": 3, ""informal_start"": 4, ""informal_end"": 5}, {""operation"": ""insert"", ""formal_text"": """", ""informal_text"": ""n"", ""formal_start"": 4, ""formal_end"": 4, ""informal_start"": 6, ""informal_end"": 7}, {""operation"": ""delete"", ""formal_text"": ""n"", ""informal_text"": """", ""formal_start"": 5, ""formal_end"": 6, ""informal_start"": 8, ""informal_end"": 8}]",reviewed,,false,curated_lookup,2026-08-09T16:09:35.099776+00:00
270:2,270,2,gni,ñi,ñi,PUNCT,wo,wo,UNKNOWN,no,diacritic,"[""diacritic"", ""substitution"", ""phonetic_spelling""]","[{""operation"": ""replace"", ""formal_text"": ""ñ"", ""informal_text"": ""gn"", ""formal_start"": 0, ""formal_end"": 1, ""informal_start"": 0, ""informal_end"": 2}]",reviewed,,false,seed_lookup,2026-08-09T16:09:43.520811+00:00
270:3,270,3,mére,mére,mére,NOUN,fr,fr,UNKNOWN,yes,identity,"[""identity""]",[],reviewed,,true,manual,2026-08-09T16:10:09.657489+00:00
270:15,270,15,mére,mére,mére,NOUN,fr,fr,UNKNOWN,yes,identity,"[""identity""]",[],reviewed,AUTO_IDENTITY_LOOKUP,false,curated_lookup,2026-08-09T16:10:09.660505+00:00
293:1,293,1,mére,mére,mére,NOUN,fr,fr,UNKNOWN,yes,identity,"[""identity""]",[],reviewed,AUTO_IDENTITY_LOOKUP,false,curated_lookup,2026-08-09T16:10:09.662011+00:00
270:5,270,5,laniouy,lañuy,lañuy,UNKNOWN,wo,wo,UNKNOWN,no,diacritic,"[""diacritic"", ""substitution"", ""phonetic_spelling""]","[{""operation"": ""replace"", ""formal_text"": ""ñ"", ""informal_text"": ""nio"", ""formal_start"": 2, ""formal_end"": 3, ""informal_start"": 2, ""informal_end"": 5}]",reviewed,,true,seed_lookup,2026-08-09T16:10:27.284900+00:00
270:6,270,6,seuyeul,séyël,séyël,VERB,unknown,wo,UNKNOWN,no,diacritic,"[""diacritic"", ""substitution"", ""phonetic_spelling""]","[{""operation"": ""replace"", ""formal_text"": ""é"", ""informal_text"": ""eu"", ""formal_start"": 1, ""formal_end"": 2, ""informal_start"": 1, ""informal_end"": 3}, {""operation"": ""replace"", ""formal_text"": ""ë"", ""informal_text"": ""eu"", ""formal_start"": 3, ""formal_end"": 4, ""informal_start"": 4, ""informal_end"": 6}]",reviewed,,true,manual,2026-08-09T16:10:56.203397+00:00
270:8,270,8,gni,ñi,ñi,PUNCT,wo,wo,UNKNOWN,no,diacritic,"[""diacritic"", ""substitution"", ""phonetic_spelling""]","[{""operation"": ""replace"", ""formal_text"": ""ñ"", ""informal_text"": ""gn"", ""formal_start"": 0, ""formal_end"": 1, ""informal_start"": 0, ""informal_end"": 2}]",reviewed,,false,seed_lookup,2026-08-09T16:11:00.831500+00:00
270:9,270,9,sakh,sax,sax,ADV,wo,wo,UNKNOWN,no,substitution,"[""substitution"", ""phonetic_spelling""]","[{""operation"": ""replace"", ""formal_text"": ""x"", ""informal_text"": ""kh"", ""formal_start"": 2, ""formal_end"": 3, ""informal_start"": 2, ""informal_end"": 4}]",reviewed,,true,seed_lookup,2026-08-09T16:11:15.488772+00:00
270:10,270,10,bégeutou,bëggëtu,bëggëtu,VERB,wo,wo,UNKNOWN,uncertain,diacritic,"[""diacritic"", ""insertion"", ""substitution"", ""phonetic_spelling""]","[{""operation"": ""replace"", ""formal_text"": ""ë"", ""informal_text"": ""é"", ""formal_start"": 1, ""formal_end"": 2, ""informal_start"": 1, ""informal_end"": 2}, {""operation"": ""replace"", ""formal_text"": ""gë"", ""informal_text"": ""eu"", ""formal_start"": 3, ""formal_end"": 5, ""informal_start"": 3, ""informal_end"": 5}, {""operation"": ""insert"", ""formal_text"": """", ""informal_text"": ""o"", ""formal_start"": 6, ""formal_end"": 6, ""informal_start"": 6, ""informal_end"": 7}]",reviewed,,true,manual,2026-08-09T16:11:28.638941+00:00
270:11,270,11,niou,ñu,ñu,PRON,wo,wo,UNKNOWN,no,diacritic,"[""diacritic"", ""substitution"", ""phonetic_spelling""]","[{""operation"": ""replace"", ""formal_text"": ""ñ"", ""informal_text"": ""nio"", ""formal_start"": 0, ""formal_end"": 1, ""informal_start"": 0, ""informal_end"": 3}]",reviewed,,true,seed_lookup,2026-08-09T16:11:38.406470+00:00
270:12,270,12,contana,kontaana,kontaana,VERB,wo,wo,UNKNOWN,no,deletion,"[""deletion"", ""substitution"", ""phonetic_spelling""]","[{""operation"": ""replace"", ""formal_text"": ""k"", ""informal_text"": ""c"", ""formal_start"": 0, ""formal_end"": 1, ""informal_start"": 0, ""informal_end"": 1}, {""operation"": ""delete"", ""formal_text"": ""a"", ""informal_text"": """", ""formal_start"": 5, ""formal_end"": 6, ""informal_start"": 5, ""informal_end"": 5}]",reviewed,,true,manual,2026-08-09T16:12:08.066596+00:00
270:13,270,13,touniou,tuñu,tuñu,UNKNOWN,wo,wo,UNKNOWN,no,diacritic,"[""diacritic"", ""insertion"", ""substitution"", ""phonetic_spelling""]","[{""operation"": ""insert"", ""formal_text"": """", ""informal_text"": ""o"", ""formal_start"": 1, ""formal_end"": 1, ""informal_start"": 1, ""informal_end"": 2}, {""operation"": ""replace"", ""formal_text"": ""ñ"", ""informal_text"": ""nio"", ""formal_start"": 2, ""formal_end"": 3, ""informal_start"": 3, ""informal_end"": 6}]",reviewed,,true,manual,2026-08-09T16:12:31.141191+00:00
270:14,270,14,ndakh,ndax,ndax,CCONJ,wo,wo,UNKNOWN,no,substitution,"[""substitution"", ""phonetic_spelling""]","[{""operation"": ""replace"", ""formal_text"": ""x"", ""informal_text"": ""kh"", ""formal_start"": 3, ""formal_end"": 4, ""informal_start"": 3, ""informal_end"": 5}]",reviewed,,false,curated_lookup,2026-08-09T16:12:45.596372+00:00
270:17,270,17,tass,tas,tas,VERB,wo,wo,UNKNOWN,no,repetition,"[""repetition"", ""phonetic_spelling""]","[{""operation"": ""insert"", ""formal_text"": """", ""informal_text"": ""s"", ""formal_start"": 3, ""formal_end"": 3, ""informal_start"": 3, ""informal_end"": 4}]",reviewed,,true,seed_lookup,2026-08-09T16:13:14.411339+00:00
270:18,270,18,naniou,nañu,nañu,UNKNOWN,wo,wo,UNKNOWN,no,diacritic,"[""diacritic"", ""substitution"", ""phonetic_spelling""]","[{""operation"": ""replace"", ""formal_text"": ""ñ"", ""informal_text"": ""nio"", ""formal_start"": 2, ""formal_end"": 3, ""informal_start"": 2, ""informal_end"": 5}]",reviewed,,true,seed_lookup,2026-08-09T16:13:19.280369+00:00
270:19,270,19,keur,kër,kër,NOUN,wo,wo,UNKNOWN,no,diacritic,"[""diacritic"", ""substitution"", ""phonetic_spelling""]","[{""operation"": ""replace"", ""formal_text"": ""ë"", ""informal_text"": ""eu"", ""formal_start"": 1, ""formal_end"": 2, ""informal_start"": 1, ""informal_end"": 3}]",reviewed,,false,seed_lookup,2026-08-09T16:13:23.902432+00:00
270:20,270,20,yép,yépp,yépp,PRON,wo,wo,UNKNOWN,no,deletion,"[""deletion"", ""phonetic_spelling""]","[{""operation"": ""delete"", ""formal_text"": ""p"", ""informal_text"": """", ""formal_start"": 3, ""formal_end"": 4, ""informal_start"": 3, ""informal_end"": 3}]",reviewed,,true,seed_lookup,2026-08-09T16:13:36.765061+00:00
271:3,271,3,sofna,soof na,,UNKNOWN,wo,wo,UNKNOWN,no,spacing_merge,"[""spacing_merge"", ""deletion"", ""phonetic_spelling""]","[{""operation"": ""delete"", ""formal_text"": ""o"", ""informal_text"": """", ""formal_start"": 2, ""formal_end"": 3, ""informal_start"": 2, ""informal_end"": 2}, {""operation"": ""delete"", ""formal_text"": "" "", ""informal_text"": """", ""formal_start"": 4, ""formal_end"": 5, ""informal_start"": 3, ""informal_end"": 3}]",reviewed,,true,manual,2026-08-09T16:14:04.977283+00:00
271:4,271,4,deh,de,de,ADV,wo,wo,UNKNOWN,no,insertion,"[""insertion"", ""phonetic_spelling""]","[{""operation"": ""insert"", ""formal_text"": """", ""informal_text"": ""h"", ""formal_start"": 2, ""formal_end"": 2, ""informal_start"": 2, ""informal_end"": 3}]",reviewed,,false,curated_lookup,2026-08-09T16:22:16.516367+00:00
271:5,271,5,ishh,ishh,ishh,INTJ,unknown,unknown,UNKNOWN,uncertain,identity,"[""identity""]",[],reviewed,,true,manual,2026-08-09T16:22:48.153741+00:00
272:4,272,4,djiteul,jiital,jiital,VERB,wo,wo,UNKNOWN,no,deletion,"[""deletion"", ""insertion"", ""substitution"", ""phonetic_spelling""]","[{""operation"": ""insert"", ""formal_text"": """", ""informal_text"": ""d"", ""formal_start"": 0, ""formal_end"": 0, ""informal_start"": 0, ""informal_end"": 1}, {""operation"": ""delete"", ""formal_text"": ""i"", ""informal_text"": """", ""formal_start"": 2, ""formal_end"": 3, ""informal_start"": 3, ""informal_end"": 3}, {""operation"": ""replace"", ""formal_text"": ""a"", ""informal_text"": ""eu"", ""formal_start"": 4, ""formal_end"": 5, ""informal_start"": 4, ""informal_end"": 6}]",reviewed,,false,seed_lookup,2026-08-09T16:24:21.405846+00:00
272:5,272,5,nidiaye,nijaay,nijaay,NOUN,wo,wo,UNKNOWN,no,insertion,"[""insertion"", ""substitution"", ""phonetic_spelling""]","[{""operation"": ""replace"", ""formal_text"": ""ja"", ""informal_text"": ""di"", ""formal_start"": 2, ""formal_end"": 4, ""informal_start"": 2, ""informal_end"": 4}, {""operation"": ""insert"", ""formal_text"": """", ""informal_text"": ""e"", ""formal_start"": 6, ""formal_end"": 6, ""informal_start"": 6, ""informal_end"": 7}]",reviewed,,false,seed_lookup,2026-08-09T16:24:28.688446+00:00
272:7,272,7,tay,tay,tay,NOUN,wo,wo,UNKNOWN,no,identity,"[""identity""]",[],reviewed,,true,seed_lookup,2026-08-09T16:24:47.463876+00:00
272:8,272,8,niou,ñu,ñu,PRON,wo,wo,UNKNOWN,no,diacritic,"[""diacritic"", ""substitution"", ""phonetic_spelling""]","[{""operation"": ""replace"", ""formal_text"": ""ñ"", ""informal_text"": ""nio"", ""formal_start"": 0, ""formal_end"": 1, ""informal_start"": 0, ""informal_end"": 3}]",reviewed,,false,curated_lookup,2026-08-09T16:27:56.801146+00:00
5932:8,5932,8,niou,ñu,ñu,PRON,wo,wo,UNKNOWN,no,diacritic,"[""diacritic"", ""substitution"", ""phonetic_spelling""]","[{""operation"": ""replace"", ""formal_text"": ""ñ"", ""informal_text"": ""nio"", ""formal_start"": 0, ""formal_end"": 1, ""informal_start"": 0, ""informal_end"": 3}]",reviewed,AUTO_CONFIRMED_MAPPING_DEFAULT,false,confirmed_mapping_default,2026-08-09T16:38:07.565584+00:00
383:0,383,0,kou,ku,ku,DET,wo,wo,UNKNOWN,no,insertion,"[""insertion"", ""phonetic_spelling""]","[{""operation"": ""insert"", ""formal_text"": """", ""informal_text"": ""o"", ""formal_start"": 1, ""formal_end"": 1, ""informal_start"": 1, ""informal_end"": 2}]",reviewed,AUTO_CONFIRMED_MAPPING_DEFAULT,false,confirmed_mapping_default,2026-08-09T16:38:07.662647+00:00
454:13,454,13,kou,ku,ku,DET,wo,wo,UNKNOWN,no,insertion,"[""insertion"", ""phonetic_spelling""]","[{""operation"": ""insert"", ""formal_text"": """", ""informal_text"": ""o"", ""formal_start"": 1, ""formal_end"": 1, ""informal_start"": 1, ""informal_end"": 2}]",reviewed,AUTO_CONFIRMED_MAPPING_DEFAULT,false,confirmed_mapping_default,2026-08-09T16:38:07.664649+00:00
3577:3,3577,3,kou,ku,ku,DET,wo,wo,UNKNOWN,no,insertion,"[""insertion"", ""phonetic_spelling""]","[{""operation"": ""insert"", ""formal_text"": """", ""informal_text"": ""o"", ""formal_start"": 1, ""formal_end"": 1, ""informal_start"": 1, ""informal_end"": 2}]",reviewed,AUTO_CONFIRMED_MAPPING_DEFAULT,false,confirmed_mapping_default,2026-08-09T16:38:07.666660+00:00
3584:3,3584,3,kou,ku,ku,DET,wo,wo,UNKNOWN,no,insertion,"[""insertion"", ""phonetic_spelling""]","[{""operation"": ""insert"", ""formal_text"": """", ""informal_text"": ""o"", ""formal_start"": 1, ""formal_end"": 1, ""informal_start"": 1, ""informal_end"": 2}]",reviewed,AUTO_CONFIRMED_MAPPING_DEFAULT,false,confirmed_mapping_default,2026-08-09T16:38:07.668652+00:00
3592:1,3592,1,kou,ku,ku,DET,wo,wo,UNKNOWN,no,insertion,"[""insertion"", ""phonetic_spelling""]","[{""operation"": ""insert"", ""formal_text"": """", ""informal_text"": ""o"", ""formal_start"": 1, ""formal_end"": 1, ""informal_start"": 1, ""informal_end"": 2}]",reviewed,AUTO_CONFIRMED_MAPPING_DEFAULT,false,confirmed_mapping_default,2026-08-09T16:38:07.669666+00:00
5909:0,5909,0,kou,ku,ku,DET,wo,wo,UNKNOWN,no,insertion,"[""insertion"", ""phonetic_spelling""]","[{""operation"": ""insert"", ""formal_text"": """", ""informal_text"": ""o"", ""formal_start"": 1, ""formal_end"": 1, ""informal_start"": 1, ""informal_end"": 2}]",reviewed,AUTO_CONFIRMED_MAPPING_DEFAULT,false,confirmed_mapping_default,2026-08-09T16:38:07.671647+00:00
398:6,398,6,ndakh,ndax,ndax,CCONJ,wo,wo,UNKNOWN,no,substitution,"[""substitution"", ""phonetic_spelling""]","[{""operation"": ""replace"", ""formal_text"": ""x"", ""informal_text"": ""kh"", ""formal_start"": 3, ""formal_end"": 4, ""informal_start"": 3, ""informal_end"": 5}]",reviewed,AUTO_CONFIRMED_MAPPING_DEFAULT,false,confirmed_mapping_default,2026-08-09T16:38:07.795632+00:00
5938:8,5938,8,gni,ñi,ñi,PUNCT,wo,wo,UNKNOWN,no,diacritic,"[""diacritic"", ""substitution"", ""phonetic_spelling""]","[{""operation"": ""replace"", ""formal_text"": ""ñ"", ""informal_text"": ""gn"", ""formal_start"": 0, ""formal_end"": 1, ""informal_start"": 0, ""informal_end"": 2}]",reviewed,AUTO_CONFIRMED_MAPPING_DEFAULT,false,confirmed_mapping_default,2026-08-09T16:38:07.840765+00:00
308:2,308,2,mo,moo,moo,INTJ,wo,wo,UNKNOWN,no,deletion,"[""deletion"", ""phonetic_spelling""]","[{""operation"": ""delete"", ""formal_text"": ""o"", ""informal_text"": """", ""formal_start"": 2, ""formal_end"": 3, ""informal_start"": 2, ""informal_end"": 2}]",reviewed,AUTO_CONFIRMED_MAPPING_DEFAULT,false,confirmed_mapping_default,2026-08-09T16:38:07.940061+00:00
390:2,390,2,mo,moo,moo,INTJ,wo,wo,UNKNOWN,no,deletion,"[""deletion"", ""phonetic_spelling""]","[{""operation"": ""delete"", ""formal_text"": ""o"", ""informal_text"": """", ""formal_start"": 2, ""formal_end"": 3, ""informal_start"": 2, ""informal_end"": 2}]",reviewed,AUTO_CONFIRMED_MAPPING_DEFAULT,false,confirmed_mapping_default,2026-08-09T16:38:07.941061+00:00
454:2,454,2,mo,moo,moo,INTJ,wo,wo,UNKNOWN,no,deletion,"[""deletion"", ""phonetic_spelling""]","[{""operation"": ""delete"", ""formal_text"": ""o"", ""informal_text"": """", ""formal_start"": 2, ""formal_end"": 3, ""informal_start"": 2, ""informal_end"": 2}]",reviewed,AUTO_CONFIRMED_MAPPING_DEFAULT,false,confirmed_mapping_default,2026-08-09T16:38:07.951064+00:00
272:9,272,9,djiteul,jiital,jiital,VERB,wo,wo,UNKNOWN,no,deletion,"[""deletion"", ""insertion"", ""substitution"", ""phonetic_spelling""]","[{""operation"": ""insert"", ""formal_text"": """", ""informal_text"": ""d"", ""formal_start"": 0, ""formal_end"": 0, ""informal_start"": 0, ""informal_end"": 1}, {""operation"": ""delete"", ""formal_text"": ""i"", ""informal_text"": """", ""formal_start"": 2, ""formal_end"": 3, ""informal_start"": 3, ""informal_end"": 3}, {""operation"": ""replace"", ""formal_text"": ""a"", ""informal_text"": ""eu"", ""formal_start"": 4, ""formal_end"": 5, ""informal_start"": 4, ""informal_end"": 6}]",reviewed,,false,seed_lookup,2026-08-09T16:38:31.909011+00:00
272:11,272,11,dome,doom,doom,NOUN,wo,wo,UNKNOWN,no,deletion,"[""deletion"", ""insertion"", ""phonetic_spelling""]","[{""operation"": ""delete"", ""formal_text"": ""o"", ""informal_text"": """", ""formal_start"": 2, ""formal_end"": 3, ""informal_start"": 2, ""informal_end"": 2}, {""operation"": ""insert"", ""formal_text"": """", ""informal_text"": ""e"", ""formal_start"": 4, ""formal_end"": 4, ""informal_start"": 3, ""informal_end"": 4}]",reviewed,,false,seed_lookup,2026-08-09T16:38:47.115179+00:00
272:13,272,13,mér,mer,mer,VERB,wo,wo,UNKNOWN,no,diacritic,"[""diacritic"", ""phonetic_spelling""]","[{""operation"": ""replace"", ""formal_text"": ""e"", ""informal_text"": ""é"", ""formal_start"": 1, ""formal_end"": 2, ""informal_start"": 1, ""informal_end"": 2}]",reviewed,,true,seed_lookup,2026-08-09T16:39:05.024253+00:00
272:14,272,14,voilà,voilà,voilà,ADP,fr,fr,UNKNOWN,yes,identity,"[""identity""]",[],reviewed,,true,french_seed_lookup,2026-08-09T16:39:18.798373+00:00
272:15,272,15,famme,femme,femme,NOUN,fr,fr,UNKNOWN,yes,substitution,"[""substitution"", ""french_spelling""]","[{""operation"": ""replace"", ""formal_text"": ""e"", ""informal_text"": ""a"", ""formal_start"": 1, ""formal_end"": 2, ""informal_start"": 1, ""informal_end"": 2}]",reviewed,,false,french_seed_lookup,2026-08-09T16:39:28.496947+00:00
274:0,274,0,ahhh,ahhh,ahhh,UNKNOWN,unknown,unknown,UNKNOWN,uncertain,identity,"[""identity""]",[],reviewed,,true,manual,2026-08-09T16:39:42.189375+00:00
274:6,274,6,sof,soof,soof,VERB,wo,wo,UNKNOWN,no,deletion,"[""deletion"", ""phonetic_spelling""]","[{""operation"": ""delete"", ""formal_text"": ""o"", ""informal_text"": """", ""formal_start"": 2, ""formal_end"": 3, ""informal_start"": 2, ""informal_end"": 2}]",reviewed,,false,seed_lookup,2026-08-09T16:39:53.872971+00:00
343:2,343,2,sof,soof,soof,VERB,wo,wo,UNKNOWN,no,deletion,"[""deletion"", ""phonetic_spelling""]","[{""operation"": ""delete"", ""formal_text"": ""o"", ""informal_text"": """", ""formal_start"": 2, ""formal_end"": 3, ""informal_start"": 2, ""informal_end"": 2}]",reviewed,AUTO_CONFIRMED_MAPPING_DEFAULT,false,confirmed_mapping_default,2026-08-09T16:39:53.876970+00:00
454:3,454,3,sof,soof,soof,VERB,wo,wo,UNKNOWN,no,deletion,"[""deletion"", ""phonetic_spelling""]","[{""operation"": ""delete"", ""formal_text"": ""o"", ""informal_text"": """", ""formal_start"": 2, ""formal_end"": 3, ""informal_start"": 2, ""informal_end"": 2}]",reviewed,AUTO_CONFIRMED_MAPPING_DEFAULT,false,confirmed_mapping_default,2026-08-09T16:39:53.878970+00:00
5932:2,5932,2,sof,soof,soof,VERB,wo,wo,UNKNOWN,no,deletion,"[""deletion"", ""phonetic_spelling""]","[{""operation"": ""delete"", ""formal_text"": ""o"", ""informal_text"": """", ""formal_start"": 2, ""formal_end"": 3, ""informal_start"": 2, ""informal_end"": 2}]",reviewed,AUTO_CONFIRMED_MAPPING_DEFAULT,false,confirmed_mapping_default,2026-08-09T16:39:53.880972+00:00
274:7,274,7,nañou,nañu,nañu,UNKNOWN,wo,wo,UNKNOWN,no,insertion,"[""insertion"", ""phonetic_spelling""]","[{""operation"": ""insert"", ""formal_text"": """", ""informal_text"": ""o"", ""formal_start"": 3, ""formal_end"": 3, ""informal_start"": 3, ""informal_end"": 4}]",reviewed,,true,curated_lookup,2026-08-09T16:40:12.932489+00:00
282:0,282,0,genou,genrou,genrou,UNKNOWN,unknown,unknown,UNKNOWN,uncertain,deletion,"[""deletion""]","[{""operation"": ""delete"", ""formal_text"": ""r"", ""informal_text"": """", ""formal_start"": 3, ""formal_end"": 4, ""informal_start"": 3, ""informal_end"": 3}]",reviewed,,true,manual,2026-08-09T16:40:33.952837+00:00
282:5,282,5,souma,su ma,,UNKNOWN,wo,wo,UNKNOWN,no,spacing_merge,"[""spacing_merge"", ""insertion"", ""phonetic_spelling""]","[{""operation"": ""insert"", ""formal_text"": """", ""informal_text"": ""o"", ""formal_start"": 1, ""formal_end"": 1, ""informal_start"": 1, ""informal_end"": 2}, {""operation"": ""delete"", ""formal_text"": "" "", ""informal_text"": """", ""formal_start"": 2, ""formal_end"": 3, ""informal_start"": 3, ""informal_end"": 3}]",reviewed,,true,manual,2026-08-09T16:42:00.099935+00:00
282:7,282,7,amone,amoon,amoon,VERB,wo,wo,UNKNOWN,no,deletion,"[""deletion"", ""insertion"", ""phonetic_spelling""]","[{""operation"": ""delete"", ""formal_text"": ""o"", ""informal_text"": """", ""formal_start"": 3, ""formal_end"": 4, ""informal_start"": 3, ""informal_end"": 3}, {""operation"": ""insert"", ""formal_text"": """", ""informal_text"": ""e"", ""formal_start"": 5, ""formal_end"": 5, ""informal_start"": 4, ""informal_end"": 5}]",reviewed,,true,manual,2026-08-09T16:42:27.159735+00:00
282:8,282,8,damakoye,dama key,,UNKNOWN,wo,wo,UNKNOWN,no,spacing_merge,"[""spacing_merge"", ""deletion"", ""insertion"", ""phonetic_spelling""]","[{""operation"": ""delete"", ""formal_text"": "" "", ""informal_text"": """", ""formal_start"": 4, ""formal_end"": 5, ""informal_start"": 4, ""informal_end"": 4}, {""operation"": ""insert"", ""formal_text"": """", ""informal_text"": ""oy"", ""formal_start"": 6, ""formal_end"": 6, ""informal_start"": 5, ""informal_end"": 7}, {""operation"": ""delete"", ""formal_text"": ""y"", ""informal_text"": """", ""formal_start"": 7, ""formal_end"": 8, ""informal_start"": 8, ""informal_end"": 8}]",reviewed,,true,manual,2026-08-09T16:42:51.408424+00:00
282:9,282,9,raye,rey,rey,VERB,wo,wo,UNKNOWN,no,deletion,"[""deletion"", ""insertion"", ""phonetic_spelling""]","[{""operation"": ""insert"", ""formal_text"": """", ""informal_text"": ""ay"", ""formal_start"": 1, ""formal_end"": 1, ""informal_start"": 1, ""informal_end"": 3}, {""operation"": ""delete"", ""formal_text"": ""y"", ""informal_text"": """", ""formal_start"": 2, ""formal_end"": 3, ""informal_start"": 4, ""informal_end"": 4}]",reviewed,,false,seed_lookup,2026-08-09T16:43:38.345252+00:00
282:10,282,10,mou,mu,mu,PRON,wo,wo,UNKNOWN,no,insertion,"[""insertion"", ""phonetic_spelling""]","[{""operation"": ""insert"", ""formal_text"": """", ""informal_text"": ""o"", ""formal_start"": 1, ""formal_end"": 1, ""informal_start"": 1, ""informal_end"": 2}]",reviewed,,true,seed_lookup,2026-08-09T16:43:47.087078+00:00
282:11,282,11,de,dee,dee,VERB,wo,wo,UNKNOWN,no,deletion,"[""deletion"", ""phonetic_spelling""]","[{""operation"": ""delete"", ""formal_text"": ""e"", ""informal_text"": """", ""formal_start"": 2, ""formal_end"": 3, ""informal_start"": 2, ""informal_end"": 2}]",reviewed,,false,curated_lookup,2026-08-09T16:44:00.249184+00:00
283:0,283,0,tieuye,céy,céy,INTJ,wo,wo,UNKNOWN,no,diacritic,"[""diacritic"", ""insertion"", ""substitution""]","[{""operation"": ""replace"", ""formal_text"": ""cé"", ""informal_text"": ""tieu"", ""formal_start"": 0, ""formal_end"": 2, ""informal_start"": 0, ""informal_end"": 4}, {""operation"": ""insert"", ""formal_text"": """", ""informal_text"": ""e"", ""formal_start"": 3, ""formal_end"": 3, ""informal_start"": 5, ""informal_end"": 6}]",reviewed,,false,seed_lookup,2026-08-09T16:44:17.801858+00:00
283:1,283,1,khallil,khallil,khallil,PROPN,unknown,unknown,PERSON,yes,identity,"[""identity""]",[],reviewed,,true,manual,2026-08-09T16:44:25.140241+00:00
283:3,283,3,sur,sur,sur,ADJ,fr,fr,UNKNOWN,yes,identity,"[""identity""]",[],reviewed,,true,french_seed_lookup,2026-08-09T16:44:31.227018+00:00
284:1,284,1,migui,mi ngi,,UNKNOWN,wo,wo,UNKNOWN,no,spacing_merge,"[""spacing_merge"", ""deletion"", ""insertion"", ""phonetic_spelling""]","[{""operation"": ""delete"", ""formal_text"": "" n"", ""informal_text"": """", ""formal_start"": 2, ""formal_end"": 4, ""informal_start"": 2, ""informal_end"": 2}, {""operation"": ""insert"", ""formal_text"": """", ""informal_text"": ""u"", ""formal_start"": 5, ""formal_end"": 5, ""informal_start"": 3, ""informal_end"": 4}]",reviewed,,true,manual,2026-08-09T16:55:49.693176+00:00
284:3,284,3,gniak,ñàkk,ñàkk,VERB,wo,wo,UNKNOWN,no,diacritic,"[""diacritic"", ""deletion"", ""substitution"", ""phonetic_spelling""]","[{""operation"": ""replace"", ""formal_text"": ""ñà"", ""informal_text"": ""gnia"", ""formal_start"": 0, ""formal_end"": 2, ""informal_start"": 0, ""informal_end"": 4}, {""operation"": ""delete"", ""formal_text"": ""k"", ""informal_text"": """", ""formal_start"": 3, ""formal_end"": 4, ""informal_start"": 5, ""informal_end"": 5}]",reviewed,,false,curated_lookup,2026-08-09T16:56:00.214424+00:00
284:5,284,5,nak,nak,nak,UNKNOWN,wo,wo,UNKNOWN,no,identity,"[""identity""]",[],reviewed,,true,seed_lookup,2026-08-09T16:56:39.028280+00:00
306:7,306,7,nak,nak,nak,UNKNOWN,wo,wo,UNKNOWN,no,identity,"[""identity""]",[],reviewed,AUTO_IDENTITY_LOOKUP,false,curated_lookup,2026-08-09T16:56:39.030279+00:00
405:8,405,8,nak,nak,nak,UNKNOWN,wo,wo,UNKNOWN,no,identity,"[""identity""]",[],reviewed,AUTO_IDENTITY_LOOKUP,false,curated_lookup,2026-08-09T16:56:39.032281+00:00
424:2,424,2,nak,nak,nak,UNKNOWN,wo,wo,UNKNOWN,no,identity,"[""identity""]",[],reviewed,AUTO_IDENTITY_LOOKUP,false,curated_lookup,2026-08-09T16:56:39.033281+00:00
458:3,458,3,nak,nak,nak,UNKNOWN,wo,wo,UNKNOWN,no,identity,"[""identity""]",[],reviewed,AUTO_IDENTITY_LOOKUP,false,curated_lookup,2026-08-09T16:56:39.034280+00:00
5901:14,5901,14,nak,nak,nak,UNKNOWN,wo,wo,UNKNOWN,no,identity,"[""identity""]",[],reviewed,AUTO_IDENTITY_LOOKUP,false,curated_lookup,2026-08-09T16:56:39.036281+00:00
5938:5,5938,5,nak,nak,nak,UNKNOWN,wo,wo,UNKNOWN,no,identity,"[""identity""]",[],reviewed,AUTO_IDENTITY_LOOKUP,false,curated_lookup,2026-08-09T16:56:39.038280+00:00
5939:3,5939,3,nak,nak,nak,UNKNOWN,wo,wo,UNKNOWN,no,identity,"[""identity""]",[],reviewed,AUTO_IDENTITY_LOOKUP,false,curated_lookup,2026-08-09T16:56:39.039279+00:00
291:0,291,0,khalil,khalil,khalil,PROPN,unknown,unknown,PERSON,yes,identity,"[""identity""]",[],reviewed,,true,manual,2026-08-09T16:56:53.399557+00:00
344:2,344,2,khalil,khalil,khalil,PROPN,unknown,unknown,PERSON,yes,identity,"[""identity""]",[],reviewed,AUTO_IDENTITY_LOOKUP,false,curated_lookup,2026-08-09T16:56:53.403564+00:00
3569:1,3569,1,khalil,khalil,khalil,PROPN,unknown,unknown,PERSON,yes,identity,"[""identity""]",[],reviewed,AUTO_IDENTITY_LOOKUP,false,curated_lookup,2026-08-09T16:56:53.406615+00:00
3577:0,3577,0,khalil,khalil,khalil,PROPN,unknown,unknown,PERSON,yes,identity,"[""identity""]",[],reviewed,AUTO_IDENTITY_LOOKUP,false,curated_lookup,2026-08-09T16:56:53.407664+00:00
291:2,291,2,güent,gént,gént,VERB,wo,wo,UNKNOWN,no,substitution,"[""substitution"", ""phonetic_spelling""]","[{""operation"": ""replace"", ""formal_text"": ""é"", ""informal_text"": ""üe"", ""formal_start"": 1, ""formal_end"": 2, ""informal_start"": 1, ""informal_end"": 3}]",reviewed,,true,seed_lookup,2026-08-09T16:57:09.868524+00:00
291:4,291,4,mohhhh,mohhhh,mohhhh,UNKNOWN,unknown,unknown,UNKNOWN,uncertain,identity,"[""identity""]",[],reviewed,,true,manual,2026-08-09T16:57:58.509527+00:00
292:3,292,3,niaw,ñaaw,ñaaw,VERB,wo,wo,UNKNOWN,no,diacritic,"[""diacritic"", ""substitution"", ""phonetic_spelling""]","[{""operation"": ""replace"", ""formal_text"": ""ña"", ""informal_text"": ""ni"", ""formal_start"": 0, ""formal_end"": 2, ""informal_start"": 0, ""informal_end"": 2}]",reviewed,,false,seed_lookup,2026-08-09T16:58:06.602098+00:00
292:4,292,4,pour,pour,pour,ADP,fr,fr,UNKNOWN,yes,identity,"[""identity""]",[],reviewed,,true,french_seed_lookup,2026-08-09T16:58:13.684534+00:00
292:5,292,5,nakharal,naqaral,naqaral,VERB,wo,wo,UNKNOWN,no,substitution,"[""substitution"", ""phonetic_spelling""]","[{""operation"": ""replace"", ""formal_text"": ""q"", ""informal_text"": ""kh"", ""formal_start"": 2, ""formal_end"": 3, ""informal_start"": 2, ""informal_end"": 4}]",reviewed,,false,seed_lookup,2026-08-09T17:00:51.842963+00:00
292:6,292,6,nou,ñu,ñu,PRON,wo,wo,UNKNOWN,no,diacritic,"[""diacritic"", ""substitution""]","[{""operation"": ""replace"", ""formal_text"": ""ñ"", ""informal_text"": ""no"", ""formal_start"": 0, ""formal_end"": 1, ""informal_start"": 0, ""informal_end"": 2}]",reviewed,,false,curated_lookup,2026-08-09T17:04:31.063738+00:00
293:0,293,0,wah,wa,wa,INTJ,wo,wo,UNKNOWN,no,insertion,"[""insertion"", ""phonetic_spelling""]","[{""operation"": ""insert"", ""formal_text"": """", ""informal_text"": ""h"", ""formal_start"": 2, ""formal_end"": 2, ""informal_start"": 2, ""informal_end"": 3}]",reviewed,,true,seed_lookup,2026-08-09T17:04:46.087300+00:00
345:0,345,0,wa,wa,wa,INTJ,wo,wo,UNKNOWN,no,identity,"[""identity""]",[],reviewed,AUTO_IDENTITY_LOOKUP,false,curated_lookup,2026-08-09T17:04:46.092304+00:00
351:0,351,0,wa,wa,wa,INTJ,wo,wo,UNKNOWN,no,identity,"[""identity""]",[],reviewed,AUTO_IDENTITY_LOOKUP,false,curated_lookup,2026-08-09T17:04:46.093304+00:00
365:0,365,0,wa,wa,wa,INTJ,wo,wo,UNKNOWN,no,identity,"[""identity""]",[],reviewed,AUTO_IDENTITY_LOOKUP,false,curated_lookup,2026-08-09T17:04:46.095302+00:00
293:3,293,3,kagne,kañ,kañ,NOUN,wo,wo,UNKNOWN,no,diacritic,"[""diacritic"", ""substitution"", ""phonetic_spelling""]","[{""operation"": ""replace"", ""formal_text"": ""ñ"", ""informal_text"": ""gne"", ""formal_start"": 2, ""formal_end"": 3, ""informal_start"": 2, ""informal_end"": 5}]",reviewed,,true,seed_lookup,2026-08-09T17:04:52.819084+00:00
293:4,293,4,la,lay,lay,VERB,wo,wo,UNKNOWN,no,deletion,"[""deletion""]","[{""operation"": ""delete"", ""formal_text"": ""y"", ""informal_text"": """", ""formal_start"": 2, ""formal_end"": 3, ""informal_start"": 2, ""informal_end"": 2}]",reviewed,,false,curated_lookup,2026-08-09T17:05:07.509041+00:00
293:5,293,5,teudj,téj,téj,VERB,wo,wo,UNKNOWN,no,diacritic,"[""diacritic"", ""substitution""]","[{""operation"": ""replace"", ""formal_text"": ""é"", ""informal_text"": ""eud"", ""formal_start"": 1, ""formal_end"": 2, ""informal_start"": 1, ""informal_end"": 4}]",reviewed,,false,seed_lookup,2026-08-09T17:06:31.080754+00:00
293:6,293,6,gatam,gatam,gatam,UNKNOWN,wo,wo,UNKNOWN,no,identity,"[""identity""]",[],reviewed,,true,manual,2026-08-09T17:07:02.723786+00:00
293:8,293,8,marodi,marodi,marodi,NOUN,unknown,unknown,ORGANIZATION,yes,identity,"[""identity""]",[],reviewed,,true,manual,2026-08-09T17:07:17.855503+00:00
293:9,293,9,deff,def,def,VERB,wo,wo,UNKNOWN,no,repetition,"[""repetition"", ""insertion"", ""phonetic_spelling""]","[{""operation"": ""insert"", ""formal_text"": """", ""informal_text"": ""f"", ""formal_start"": 3, ""formal_end"": 3, ""informal_start"": 3, ""informal_end"": 4}]",reviewed,,false,seed_lookup,2026-08-09T17:07:23.461962+00:00
293:10,293,10,lén,leen,leen,PRON,wo,wo,UNKNOWN,no,diacritic,"[""diacritic"", ""substitution"", ""phonetic_spelling""]","[{""operation"": ""replace"", ""formal_text"": ""ee"", ""informal_text"": ""é"", ""formal_start"": 1, ""formal_end"": 3, ""informal_start"": 1, ""informal_end"": 2}]",reviewed,,false,seed_lookup,2026-08-09T17:07:30.010563+00:00
293:12,293,12,mou,mu,mu,PRON,wo,wo,UNKNOWN,no,insertion,"[""insertion"", ""phonetic_spelling""]","[{""operation"": ""insert"", ""formal_text"": """", ""informal_text"": ""o"", ""formal_start"": 1, ""formal_end"": 1, ""informal_start"": 1, ""informal_end"": 2}]",reviewed,,false,curated_lookup,2026-08-09T17:16:23.784156+00:00
3566:5,3566,5,mou,mu,mu,PRON,wo,wo,UNKNOWN,no,insertion,"[""insertion"", ""phonetic_spelling""]","[{""operation"": ""insert"", ""formal_text"": """", ""informal_text"": ""o"", ""formal_start"": 1, ""formal_end"": 1, ""informal_start"": 1, ""informal_end"": 2}]",reviewed,AUTO_CONFIRMED_MAPPING_DEFAULT,false,confirmed_mapping_default,2026-08-09T17:16:23.789150+00:00
293:13,293,13,paralysé,paralysé,paralysé,VERB,fr,fr,UNKNOWN,yes,identity,"[""identity""]",[],reviewed,,true,french_seed_lookup,2026-08-09T17:16:43.334866+00:00
293:14,293,14,guir,ngir,ngir,CCONJ,wo,wo,UNKNOWN,no,deletion,"[""deletion"", ""insertion""]","[{""operation"": ""delete"", ""formal_text"": ""n"", ""informal_text"": """", ""formal_start"": 0, ""formal_end"": 1, ""informal_start"": 0, ""informal_end"": 0}, {""operation"": ""insert"", ""formal_text"": """", ""informal_text"": ""u"", ""formal_start"": 2, ""formal_end"": 2, ""informal_start"": 1, ""informal_end"": 2}]",reviewed,,false,seed_lookup,2026-08-09T17:16:56.294072+00:00
293:15,293,15,yallah,yallah,yallah,NOUN,wo,wo,OTHER,yes,identity,"[""identity""]",[],reviewed,,true,manual,2026-08-09T17:17:19.817003+00:00
300:0,300,0,marichou,marichou,marichou,PROPN,unknown,unknown,PERSON,yes,identity,"[""identity""]",[],reviewed,,true,manual,2026-08-09T17:17:26.643091+00:00
306:3,306,3,marichou,marichou,marichou,PROPN,unknown,unknown,PERSON,yes,identity,"[""identity""]",[],reviewed,AUTO_IDENTITY_LOOKUP,false,curated_lookup,2026-08-09T17:17:26.647422+00:00
369:6,369,6,marichou,marichou,marichou,PROPN,unknown,unknown,PERSON,yes,identity,"[""identity""]",[],reviewed,AUTO_IDENTITY_LOOKUP,false,curated_lookup,2026-08-09T17:17:26.649424+00:00
409:0,409,0,marichou,marichou,marichou,PROPN,unknown,unknown,PERSON,yes,identity,"[""identity""]",[],reviewed,AUTO_IDENTITY_LOOKUP,false,curated_lookup,2026-08-09T17:17:26.651421+00:00
487:6,487,6,marichou,marichou,marichou,PROPN,unknown,unknown,PERSON,yes,identity,"[""identity""]",[],reviewed,AUTO_IDENTITY_LOOKUP,false,curated_lookup,2026-08-09T17:17:26.652437+00:00
300:1,300,1,sonne,sonn,sonn,VERB,wo,wo,UNKNOWN,no,insertion,"[""insertion"", ""phonetic_spelling""]","[{""operation"": ""insert"", ""formal_text"": """", ""informal_text"": ""e"", ""formal_start"": 4, ""formal_end"": 4, ""informal_start"": 4, ""informal_end"": 5}]",reviewed,,false,seed_lookup,2026-08-09T17:17:34.305457+00:00
300:2,300,2,gua,nga,nga,PRON,wo,wo,UNKNOWN,no,deletion,"[""deletion"", ""insertion""]","[{""operation"": ""delete"", ""formal_text"": ""n"", ""informal_text"": """", ""formal_start"": 0, ""formal_end"": 1, ""informal_start"": 0, ""informal_end"": 0}, {""operation"": ""insert"", ""formal_text"": """", ""informal_text"": ""u"", ""formal_start"": 2, ""formal_end"": 2, ""informal_start"": 1, ""informal_end"": 2}]",reviewed,,false,seed_lookup,2026-08-09T17:17:45.041127+00:00
300:3,300,3,menone,mënoon,mënoon,UNKNOWN,wo,wo,UNKNOWN,no,diacritic,"[""diacritic"", ""deletion"", ""insertion"", ""substitution"", ""phonetic_spelling""]","[{""operation"": ""replace"", ""formal_text"": ""ë"", ""informal_text"": ""e"", ""formal_start"": 1, ""formal_end"": 2, ""informal_start"": 1, ""informal_end"": 2}, {""operation"": ""delete"", ""formal_text"": ""o"", ""informal_text"": """", ""formal_start"": 4, ""formal_end"": 5, ""informal_start"": 4, ""informal_end"": 4}, {""operation"": ""insert"", ""formal_text"": """", ""informal_text"": ""e"", ""formal_start"": 6, ""formal_end"": 6, ""informal_start"": 5, ""informal_end"": 6}]",reviewed,,true,manual,2026-08-09T17:18:08.649435+00:00
300:4,300,4,na,na,na,ADV,wo,wo,UNKNOWN,no,identity,"[""identity""]",[],reviewed,,true,seed_lookup,2026-08-09T17:18:32.632204+00:00
300:5,300,5,geuna,gëna,gëna,VERB,wo,wo,UNKNOWN,no,diacritic,"[""diacritic"", ""substitution"", ""phonetic_spelling""]","[{""operation"": ""replace"", ""formal_text"": ""ë"", ""informal_text"": ""eu"", ""formal_start"": 1, ""formal_end"": 2, ""informal_start"": 1, ""informal_end"": 3}]",reviewed,,false,curated_lookup,2026-08-09T17:18:45.702894+00:00
300:6,300,6,simple,simple,simple,ADJ,fr,fr,UNKNOWN,yes,identity,"[""identity""]",[],reviewed,,true,french_seed_lookup,2026-08-09T17:18:55.649507+00:00
303:0,303,0,sokhna,sokhna,Sokhna,PROPN,unknown,unknown,PERSON,yes,identity,"[""identity""]",[],reviewed,AUTO_IDENTITY_NAME_LOOKUP,false,name_seed_lookup,2026-08-09T17:20:43.246110+00:00
303:1,303,1,djalika,djalika,djalika,PROPN,unknown,unknown,PERSON,yes,identity,"[""identity""]",[],reviewed,,true,manual,2026-08-09T17:21:03.811029+00:00
338:8,338,8,djalika,djalika,djalika,PROPN,unknown,unknown,PERSON,yes,identity,"[""identity""]",[],reviewed,AUTO_IDENTITY_LOOKUP,false,curated_lookup,2026-08-09T17:21:03.814027+00:00
303:2,303,2,djabar,jabar,jabar,NOUN,wo,wo,UNKNOWN,no,insertion,"[""insertion"", ""phonetic_spelling""]","[{""operation"": ""insert"", ""formal_text"": """", ""informal_text"": ""d"", ""formal_start"": 0, ""formal_end"": 0, ""informal_start"": 0, ""informal_end"": 1}]",reviewed,,false,seed_lookup,2026-08-09T17:21:15.263959+00:00
303:4,303,4,gnikoy,ñi koy,,UNKNOWN,wo,wo,UNKNOWN,no,diacritic,"[""diacritic"", ""spacing_merge"", ""substitution"", ""phonetic_spelling""]","[{""operation"": ""replace"", ""formal_text"": ""ñ"", ""informal_text"": ""gn"", ""formal_start"": 0, ""formal_end"": 1, ""informal_start"": 0, ""informal_end"": 2}, {""operation"": ""delete"", ""formal_text"": "" "", ""informal_text"": """", ""formal_start"": 2, ""formal_end"": 3, ""informal_start"": 3, ""informal_end"": 3}]",reviewed,,true,manual,2026-08-09T17:21:28.782295+00:00
303:5,303,5,khasse,xas,xas,VERB,wo,wo,UNKNOWN,no,repetition,"[""repetition"", ""insertion"", ""substitution"", ""phonetic_spelling""]","[{""operation"": ""replace"", ""formal_text"": ""x"", ""informal_text"": ""kh"", ""formal_start"": 0, ""formal_end"": 1, ""informal_start"": 0, ""informal_end"": 2}, {""operation"": ""insert"", ""formal_text"": """", ""informal_text"": ""se"", ""formal_start"": 3, ""formal_end"": 3, ""informal_start"": 4, ""informal_end"": 6}]",reviewed,,true,seed_lookup,2026-08-09T17:21:40.551905+00:00
303:6,303,6,fiire,fiir,fiir,NOUN,wo,wo,UNKNOWN,no,insertion,"[""insertion"", ""phonetic_spelling""]","[{""operation"": ""insert"", ""formal_text"": """", ""informal_text"": ""e"", ""formal_start"": 4, ""formal_end"": 4, ""informal_start"": 4, ""informal_end"": 5}]",reviewed,,true,seed_lookup,2026-08-09T17:21:55.279355+00:00
303:7,303,7,dongue,dong,dong,ADV,wo,wo,UNKNOWN,no,insertion,"[""insertion"", ""phonetic_spelling""]","[{""operation"": ""insert"", ""formal_text"": """", ""informal_text"": ""ue"", ""formal_start"": 4, ""formal_end"": 4, ""informal_start"": 4, ""informal_end"": 6}]",reviewed,,false,seed_lookup,2026-08-09T17:23:14.799801+00:00
303:8,303,8,moléne,moo leen,,UNKNOWN,wo,wo,UNKNOWN,no,diacritic,"[""diacritic"", ""spacing_merge"", ""deletion"", ""insertion"", ""phonetic_spelling""]","[{""operation"": ""delete"", ""formal_text"": ""o "", ""informal_text"": """", ""formal_start"": 2, ""formal_end"": 4, ""informal_start"": 2, ""informal_end"": 2}, {""operation"": ""insert"", ""formal_text"": """", ""informal_text"": ""én"", ""formal_start"": 5, ""formal_end"": 5, ""informal_start"": 3, ""informal_end"": 5}, {""operation"": ""delete"", ""formal_text"": ""en"", ""informal_text"": """", ""formal_start"": 6, ""formal_end"": 8, ""informal_start"": 6, ""informal_end"": 6}]",reviewed,,true,manual,2026-08-09T17:24:07.732021+00:00
303:9,303,9,djape,jàpp,jàpp,NOUN,wo,wo,UNKNOWN,no,diacritic,"[""diacritic"", ""insertion"", ""substitution"", ""phonetic_spelling""]","[{""operation"": ""insert"", ""formal_text"": """", ""informal_text"": ""d"", ""formal_start"": 0, ""formal_end"": 0, ""informal_start"": 0, ""informal_end"": 1}, {""operation"": ""replace"", ""formal_text"": ""à"", ""informal_text"": ""a"", ""formal_start"": 1, ""formal_end"": 2, ""informal_start"": 2, ""informal_end"": 3}, {""operation"": ""replace"", ""formal_text"": ""p"", ""informal_text"": ""e"", ""formal_start"": 3, ""formal_end"": 4, ""informal_start"": 4, ""informal_end"": 5}]",reviewed,,true,seed_lookup,2026-08-09T17:24:17.741952+00:00
293:7,293,7,gui,gui,gui,NOUN,fr,fr,UNKNOWN,yes,identity,"[""identity""]",[],reviewed,AUTO_IDENTITY_LOOKUP,false,french_seed_lookup,2026-08-09T17:33:23.841792+00:00
390:5,390,5,marième,marième,Marième,PROPN,unknown,unknown,PERSON,yes,identity,"[""identity""]",[],reviewed,AUTO_IDENTITY_NAME_LOOKUP,false,name_seed_lookup,2026-08-09T17:33:23.842777+00:00
261:10,261,10,bi,bi,bi,DET,wo,wo,UNKNOWN,no,identity,"[""identity""]",[],reviewed,AUTO_CONFIRMED_MAPPING_DEFAULT,false,confirmed_mapping_default,2026-08-09T17:33:23.899314+00:00
261:21,261,21,bi,bi,bi,DET,wo,wo,UNKNOWN,no,identity,"[""identity""]",[],reviewed,AUTO_CONFIRMED_MAPPING_DEFAULT,false,confirmed_mapping_default,2026-08-09T17:33:23.900328+00:00
269:12,269,12,bi,bi,bi,DET,wo,wo,UNKNOWN,no,identity,"[""identity""]",[],reviewed,AUTO_CONFIRMED_MAPPING_DEFAULT,false,confirmed_mapping_default,2026-08-09T17:33:23.900328+00:00
293:2,293,2,bi,bi,bi,DET,wo,wo,UNKNOWN,no,identity,"[""identity""]",[],reviewed,AUTO_CONFIRMED_MAPPING_DEFAULT,false,confirmed_mapping_default,2026-08-09T17:33:23.900328+00:00
318:5,318,5,bi,bi,bi,DET,wo,wo,UNKNOWN,no,identity,"[""identity""]",[],reviewed,AUTO_CONFIRMED_MAPPING_DEFAULT,false,confirmed_mapping_default,2026-08-09T17:33:23.901310+00:00
349:2,349,2,bi,bi,bi,DET,wo,wo,UNKNOWN,no,identity,"[""identity""]",[],reviewed,AUTO_CONFIRMED_MAPPING_DEFAULT,false,confirmed_mapping_default,2026-08-09T17:33:23.901310+00:00
365:2,365,2,bi,bi,bi,DET,wo,wo,UNKNOWN,no,identity,"[""identity""]",[],reviewed,AUTO_CONFIRMED_MAPPING_DEFAULT,false,confirmed_mapping_default,2026-08-09T17:33:23.901310+00:00
370:2,370,2,bi,bi,bi,DET,wo,wo,UNKNOWN,no,identity,"[""identity""]",[],reviewed,AUTO_CONFIRMED_MAPPING_DEFAULT,false,confirmed_mapping_default,2026-08-09T17:33:23.902309+00:00
377:3,377,3,bi,bi,bi,DET,wo,wo,UNKNOWN,no,identity,"[""identity""]",[],reviewed,AUTO_CONFIRMED_MAPPING_DEFAULT,false,confirmed_mapping_default,2026-08-09T17:33:23.902309+00:00
453:6,453,6,bi,bi,bi,DET,wo,wo,UNKNOWN,no,identity,"[""identity""]",[],reviewed,AUTO_CONFIRMED_MAPPING_DEFAULT,false,confirmed_mapping_default,2026-08-09T17:33:23.902309+00:00
453:10,453,10,bi,bi,bi,DET,wo,wo,UNKNOWN,no,identity,"[""identity""]",[],reviewed,AUTO_CONFIRMED_MAPPING_DEFAULT,false,confirmed_mapping_default,2026-08-09T17:33:23.903309+00:00
454:12,454,12,bi,bi,bi,DET,wo,wo,UNKNOWN,no,identity,"[""identity""]",[],reviewed,AUTO_CONFIRMED_MAPPING_DEFAULT,false,confirmed_mapping_default,2026-08-09T17:33:23.903309+00:00
458:2,458,2,bi,bi,bi,DET,wo,wo,UNKNOWN,no,identity,"[""identity""]",[],reviewed,AUTO_CONFIRMED_MAPPING_DEFAULT,false,confirmed_mapping_default,2026-08-09T17:33:23.903309+00:00
3521:2,3521,2,bi,bi,bi,DET,wo,wo,UNKNOWN,no,identity,"[""identity""]",[],reviewed,AUTO_CONFIRMED_MAPPING_DEFAULT,false,confirmed_mapping_default,2026-08-09T17:33:23.904310+00:00
3541:2,3541,2,bi,bi,bi,DET,wo,wo,UNKNOWN,no,identity,"[""identity""]",[],reviewed,AUTO_CONFIRMED_MAPPING_DEFAULT,false,confirmed_mapping_default,2026-08-09T17:33:23.904310+00:00
3565:1,3565,1,bi,bi,bi,DET,wo,wo,UNKNOWN,no,identity,"[""identity""]",[],reviewed,AUTO_CONFIRMED_MAPPING_DEFAULT,false,confirmed_mapping_default,2026-08-09T17:33:23.904310+00:00
3565:3,3565,3,bi,bi,bi,DET,wo,wo,UNKNOWN,no,identity,"[""identity""]",[],reviewed,AUTO_CONFIRMED_MAPPING_DEFAULT,false,confirmed_mapping_default,2026-08-09T17:33:23.905309+00:00
3565:6,3565,6,bi,bi,bi,DET,wo,wo,UNKNOWN,no,identity,"[""identity""]",[],reviewed,AUTO_CONFIRMED_MAPPING_DEFAULT,false,confirmed_mapping_default,2026-08-09T17:33:23.905309+00:00
3575:8,3575,8,bi,bi,bi,DET,wo,wo,UNKNOWN,no,identity,"[""identity""]",[],reviewed,AUTO_CONFIRMED_MAPPING_DEFAULT,false,confirmed_mapping_default,2026-08-09T17:33:23.905309+00:00
3584:2,3584,2,bi,bi,bi,DET,wo,wo,UNKNOWN,no,identity,"[""identity""]",[],reviewed,AUTO_CONFIRMED_MAPPING_DEFAULT,false,confirmed_mapping_default,2026-08-09T17:33:23.906310+00:00
3596:12,3596,12,bi,bi,bi,DET,wo,wo,UNKNOWN,no,identity,"[""identity""]",[],reviewed,AUTO_CONFIRMED_MAPPING_DEFAULT,false,confirmed_mapping_default,2026-08-09T17:33:23.906310+00:00
5905:3,5905,3,bi,bi,bi,DET,wo,wo,UNKNOWN,no,identity,"[""identity""]",[],reviewed,AUTO_CONFIRMED_MAPPING_DEFAULT,false,confirmed_mapping_default,2026-08-09T17:33:23.906310+00:00
5926:6,5926,6,bi,bi,bi,DET,wo,wo,UNKNOWN,no,identity,"[""identity""]",[],reviewed,AUTO_CONFIRMED_MAPPING_DEFAULT,false,confirmed_mapping_default,2026-08-09T17:33:23.907310+00:00
5938:4,5938,4,bi,bi,bi,DET,wo,wo,UNKNOWN,no,identity,"[""identity""]",[],reviewed,AUTO_CONFIRMED_MAPPING_DEFAULT,false,confirmed_mapping_default,2026-08-09T17:33:23.907310+00:00
5939:2,5939,2,bi,bi,bi,DET,wo,wo,UNKNOWN,no,identity,"[""identity""]",[],reviewed,AUTO_CONFIRMED_MAPPING_DEFAULT,false,confirmed_mapping_default,2026-08-09T17:33:23.907310+00:00
256:3,256,3,yi,yi,yi,DET,wo,wo,UNKNOWN,no,identity,"[""identity""]",[],reviewed,,false,ambiguous_language_seed_lookup,2026-08-12T13:17:51.338984+00:00
257:7,257,7,ci,ci,ci,ADP,wo,wo,UNKNOWN,no,identity,"[""identity""]",[],reviewed,,false,ambiguous_language_seed_lookup,2026-08-12T13:19:15.055129+00:00
258:13,258,13,la,la,la,UNKNOWN,wo,wo,UNKNOWN,no,identity,"[""identity""]",[],reviewed,,false,ambiguous_language_seed_lookup,2026-08-12T13:21:03.201600+00:00
261:0,261,0,série,série,série,NOUN,fr,fr,UNKNOWN,yes,identity,"[""identity""]",[],reviewed,,false,french_seed_lookup,2026-08-12T13:21:16.818211+00:00
261:2,261,2,yi,yi,yi,DET,wo,wo,UNKNOWN,no,identity,"[""identity""]",[],reviewed,,false,ambiguous_language_seed_lookup,2026-08-12T13:21:34.026962+00:00
261:11,261,11,ak,ak,ak,CCONJ,wo,wo,UNKNOWN,no,identity,"[""identity""]",[],reviewed,,false,seed_lookup,2026-08-12T13:23:03.708712+00:00
268:4,268,4,ak,ak,ak,CCONJ,wo,wo,UNKNOWN,no,identity,"[""identity""]",[],reviewed,AUTO_CONFIRMED_MAPPING_DEFAULT,false,confirmed_mapping_default,2026-08-12T13:23:03.711709+00:00
307:9,307,9,ak,ak,ak,CCONJ,wo,wo,UNKNOWN,no,identity,"[""identity""]",[],reviewed,AUTO_CONFIRMED_MAPPING_DEFAULT,false,confirmed_mapping_default,2026-08-12T13:23:03.712813+00:00
338:1,338,1,ak,ak,ak,CCONJ,wo,wo,UNKNOWN,no,identity,"[""identity""]",[],reviewed,AUTO_CONFIRMED_MAPPING_DEFAULT,false,confirmed_mapping_default,2026-08-12T13:23:03.714705+00:00
349:6,349,6,ak,ak,ak,CCONJ,wo,wo,UNKNOWN,no,identity,"[""identity""]",[],reviewed,AUTO_CONFIRMED_MAPPING_DEFAULT,false,confirmed_mapping_default,2026-08-12T13:23:03.715817+00:00
395:8,395,8,ak,ak,ak,CCONJ,wo,wo,UNKNOWN,no,identity,"[""identity""]",[],reviewed,AUTO_CONFIRMED_MAPPING_DEFAULT,false,confirmed_mapping_default,2026-08-12T13:23:03.717705+00:00
437:9,437,9,ak,ak,ak,CCONJ,wo,wo,UNKNOWN,no,identity,"[""identity""]",[],reviewed,AUTO_CONFIRMED_MAPPING_DEFAULT,false,confirmed_mapping_default,2026-08-12T13:23:03.718825+00:00
454:8,454,8,ak,ak,ak,CCONJ,wo,wo,UNKNOWN,no,identity,"[""identity""]",[],reviewed,AUTO_CONFIRMED_MAPPING_DEFAULT,false,confirmed_mapping_default,2026-08-12T13:23:03.720718+00:00
462:8,462,8,ak,ak,ak,CCONJ,wo,wo,UNKNOWN,no,identity,"[""identity""]",[],reviewed,AUTO_CONFIRMED_MAPPING_DEFAULT,false,confirmed_mapping_default,2026-08-12T13:23:03.721825+00:00
5909:5,5909,5,ak,ak,ak,CCONJ,wo,wo,UNKNOWN,no,identity,"[""identity""]",[],reviewed,AUTO_CONFIRMED_MAPPING_DEFAULT,false,confirmed_mapping_default,2026-08-12T13:23:03.723715+00:00
269:4,269,4,dof,dof,dof,VERB,wo,wo,UNKNOWN,no,identity,"[""identity""]",[],reviewed,,false,seed_lookup,2026-08-12T13:23:50.479323+00:00
3584:7,3584,7,dof,dof,dof,VERB,wo,wo,UNKNOWN,no,identity,"[""identity""]",[],reviewed,AUTO_CONFIRMED_MAPPING_DEFAULT,false,confirmed_mapping_default,2026-08-12T13:23:50.483392+00:00
269:10,269,10,sa,sa,sa,DET,wo,wo,UNKNOWN,no,identity,"[""identity""]",[],reviewed,,false,ambiguous_language_seed_lookup,2026-08-12T13:24:27.976873+00:00
272:10,272,10,sa,sa,sa,DET,wo,wo,UNKNOWN,no,identity,"[""identity""]",[],reviewed,AUTO_CONFIRMED_MAPPING_DEFAULT,false,confirmed_mapping_default,2026-08-12T13:24:27.978865+00:00
355:8,355,8,sa,sa,sa,DET,wo,wo,UNKNOWN,no,identity,"[""identity""]",[],reviewed,AUTO_CONFIRMED_MAPPING_DEFAULT,false,confirmed_mapping_default,2026-08-12T13:24:27.980894+00:00
402:6,402,6,sa,sa,sa,DET,wo,wo,UNKNOWN,no,identity,"[""identity""]",[],reviewed,AUTO_CONFIRMED_MAPPING_DEFAULT,false,confirmed_mapping_default,2026-08-12T13:24:27.983866+00:00
270:4,270,4,yi,yi,yi,DET,wo,wo,UNKNOWN,no,identity,"[""identity""]",[],reviewed,,false,ambiguous_language_seed_lookup,2026-08-12T13:24:48.788565+00:00
270:16,270,16,yi,yi,yi,DET,wo,wo,UNKNOWN,no,identity,"[""identity""]",[],reviewed,AUTO_CONFIRMED_MAPPING_DEFAULT,false,confirmed_mapping_default,2026-08-12T13:24:48.791566+00:00
282:2,282,2,yi,yi,yi,DET,wo,wo,UNKNOWN,no,identity,"[""identity""]",[],reviewed,AUTO_CONFIRMED_MAPPING_DEFAULT,false,confirmed_mapping_default,2026-08-12T13:24:48.792676+00:00
369:5,369,5,yi,yi,yi,DET,wo,wo,UNKNOWN,no,identity,"[""identity""]",[],reviewed,AUTO_CONFIRMED_MAPPING_DEFAULT,false,confirmed_mapping_default,2026-08-12T13:24:48.794567+00:00
424:11,424,11,yi,yi,yi,DET,wo,wo,UNKNOWN,no,identity,"[""identity""]",[],reviewed,AUTO_CONFIRMED_MAPPING_DEFAULT,false,confirmed_mapping_default,2026-08-12T13:24:48.796570+00:00
424:22,424,22,yi,yi,yi,DET,wo,wo,UNKNOWN,no,identity,"[""identity""]",[],reviewed,AUTO_CONFIRMED_MAPPING_DEFAULT,false,confirmed_mapping_default,2026-08-12T13:24:48.797673+00:00
3543:5,3543,5,yi,yi,yi,DET,wo,wo,UNKNOWN,no,identity,"[""identity""]",[],reviewed,AUTO_CONFIRMED_MAPPING_DEFAULT,false,confirmed_mapping_default,2026-08-12T13:24:48.798565+00:00
3566:8,3566,8,yi,yi,yi,DET,wo,wo,UNKNOWN,no,identity,"[""identity""]",[],reviewed,AUTO_CONFIRMED_MAPPING_DEFAULT,false,confirmed_mapping_default,2026-08-12T13:24:48.800673+00:00
5901:2,5901,2,yi,yi,yi,DET,wo,wo,UNKNOWN,no,identity,"[""identity""]",[],reviewed,AUTO_CONFIRMED_MAPPING_DEFAULT,false,confirmed_mapping_default,2026-08-12T13:24:48.802686+00:00
5932:1,5932,1,yi,yi,yi,DET,wo,wo,UNKNOWN,no,identity,"[""identity""]",[],reviewed,AUTO_CONFIRMED_MAPPING_DEFAULT,false,confirmed_mapping_default,2026-08-12T13:24:48.804567+00:00
271:2,271,2,mi,mi,mi,UNKNOWN,wo,wo,UNKNOWN,no,identity,"[""identity""]",[],reviewed,,false,ambiguous_language_seed_lookup,2026-08-12T13:25:38.596372+00:00
282:6,282,6,ko,ko,ko,PRON,wo,wo,UNKNOWN,no,identity,"[""identity""]",[],reviewed,,false,ambiguous_language_seed_lookup,2026-08-12T13:26:55.702275+00:00
293:11,293,11,ko,ko,ko,PRON,wo,wo,UNKNOWN,no,identity,"[""identity""]",[],reviewed,,false,ambiguous_language_seed_lookup,2026-08-12T13:27:13.722411+00:00
351:11,351,11,ko,ko,ko,PRON,wo,wo,UNKNOWN,no,identity,"[""identity""]",[],reviewed,AUTO_CONFIRMED_MAPPING_DEFAULT,false,confirmed_mapping_default,2026-08-12T13:27:13.726180+00:00
303:3,303,3,la,la,la,PRON,wo,wo,UNKNOWN,no,identity,"[""identity""]",[],reviewed,,false,ambiguous_language_seed_lookup,2026-08-12T13:27:27.764131+00:00
303:10,303,10,ne,ne,ne,ADV,fr,fr,UNKNOWN,yes,identity,"[""identity""]",[],reviewed,,false,ambiguous_language_seed_lookup,2026-08-12T13:27:49.572381+00:00
303:11,303,11,soyez,soyez,soyez,VERB,fr,fr,UNKNOWN,yes,identity,"[""identity""]",[],reviewed,,false,french_seed_lookup,2026-08-12T13:27:56.946178+00:00
303:12,303,12,pas,pas,pas,ADV,fr,fr,UNKNOWN,yes,identity,"[""identity""]",[],reviewed,,false,french_seed_lookup,2026-08-12T13:28:04.361356+00:00
303:13,303,13,égoïstes,égoïstes,égoïste,ADJ,fr,fr,UNKNOWN,yes,identity,"[""identity""]",[],reviewed,,false,french_seed_lookup,2026-08-12T13:28:14.023309+00:00303:15
303:16,303,16,fin,fin,fin,NOUN,fr,fr,UNKNOWN,yes,identity,"[""identity""]",[],reviewed,,false,french_seed_lookup,2026-08-12T13:30:31.930207+00:00
305:2,305,2,mom,mom,mom,UNKNOWN,wo,wo,UNKNOWN,no,identity,"[""identity""]",[],reviewed,AUTO_IDENTITY_LOOKUP,false,curated_lookup,2026-08-12T13:50:21.647155+00:00
322:6,322,6,mom,mom,mom,UNKNOWN,wo,wo,UNKNOWN,no,identity,"[""identity""]",[],reviewed,AUTO_IDENTITY_LOOKUP,false,curated_lookup,2026-08-12T13:50:21.649058+00:00
331:1,331,1,mom,mom,mom,UNKNOWN,wo,wo,UNKNOWN,no,identity,"[""identity""]",[],reviewed,AUTO_IDENTITY_LOOKUP,false,curated_lookup,2026-08-12T13:50:21.651054+00:00
356:2,356,2,mom,mom,mom,UNKNOWN,wo,wo,UNKNOWN,no,identity,"[""identity""]",[],reviewed,AUTO_IDENTITY_LOOKUP,false,curated_lookup,2026-08-12T13:50:21.653160+00:00
303:15,303,15,la,la,la,DET,fr,fr,UNKNOWN,yes,identity,"[""identity""]",[],reviewed,,false,ambiguous_language_seed_lookup,2026-08-12T13:51:05.610914+00:00
305:1,305,1,yaw,yow,yow,PRON,wo,wo,UNKNOWN,no,substitution,"[""substitution"", ""phonetic_spelling""]","[{""operation"": ""replace"", ""formal_text"": ""o"", ""informal_text"": ""a"", ""formal_start"": 1, ""formal_end"": 2, ""informal_start"": 1, ""informal_end"": 2}]",reviewed,,false,seed_lookup,2026-08-12T13:51:33.916749+00:00
305:4,305,4,mounèla,mu ne la,,UNKNOWN,wo,wo,UNKNOWN,no,diacritic,"[""diacritic"", ""spacing_merge"", ""insertion"", ""substitution"", ""phonetic_spelling""]","[{""operation"": ""insert"", ""formal_text"": """", ""informal_text"": ""o"", ""formal_start"": 1, ""formal_end"": 1, ""informal_start"": 1, ""informal_end"": 2}, {""operation"": ""delete"", ""formal_text"": "" "", ""informal_text"": """", ""formal_start"": 2, ""formal_end"": 3, ""informal_start"": 3, ""informal_end"": 3}, {""operation"": ""replace"", ""formal_text"": ""e "", ""informal_text"": ""è"", ""formal_start"": 4, ""formal_end"": 6, ""informal_start"": 4, ""informal_end"": 5}]",reviewed,,true,curated_lookup,2026-08-12T13:51:51.905031+00:00
305:5,305,5,ne,ne,ne,ADV,fr,fr,UNKNOWN,yes,identity,"[""identity""]",[],reviewed,,false,ambiguous_language_seed_lookup,2026-08-12T13:52:12.467194+00:00
3576:19,3576,19,ne,ne,ne,ADV,fr,fr,UNKNOWN,yes,identity,"[""identity""]",[],reviewed,AUTO_CONFIRMED_MAPPING_DEFAULT,false,confirmed_mapping_default,2026-08-12T13:52:12.473213+00:00
305:6,305,6,m'appelee,m'appelle,m'appelle,VERB,fr,fr,UNKNOWN,yes,french_spelling,"[""french_spelling""]","[{""operation"": ""delete"", ""formal_text"": ""l"", ""informal_text"": """", ""formal_start"": 7, ""formal_end"": 8, ""informal_start"": 7, ""informal_end"": 7}, {""operation"": ""insert"", ""formal_text"": """", ""informal_text"": ""e"", ""formal_start"": 9, ""formal_end"": 9, ""informal_start"": 8, ""informal_end"": 9}]",reviewed,,true,manual,2026-08-12T13:53:09.801241+00:00
305:7,305,7,pas,pas,pas,ADV,fr,fr,UNKNOWN,yes,identity,"[""identity""]",[],reviewed,,false,french_seed_lookup,2026-08-12T13:53:17.071873+00:00
305:10,305,10,kotinè,continuer,continuer,VERB,fr,fr,UNKNOWN,yes,french_spelling,"[""french_spelling""]","[{""operation"": ""replace"", ""formal_text"": ""c"", ""informal_text"": ""k"", ""formal_start"": 0, ""formal_end"": 1, ""informal_start"": 0, ""informal_end"": 1}, {""operation"": ""delete"", ""formal_text"": ""n"", ""informal_text"": """", ""formal_start"": 2, ""formal_end"": 3, ""informal_start"": 2, ""informal_end"": 2}, {""operation"": ""replace"", ""formal_text"": ""uer"", ""informal_text"": ""è"", ""formal_start"": 6, ""formal_end"": 9, ""informal_start"": 5, ""informal_end"": 6}]",reviewed,,true,manual,2026-08-12T13:53:44.974754+00:00
305:11,305,11,ay,ay,ay,DET,wo,wo,UNKNOWN,no,identity,"[""identity""]",[],reviewed,,false,ambiguous_language_seed_lookup,2026-08-12T13:54:04.789882+00:00
305:12,305,12,mo,mots,mots,NOUN,fr,fr,UNKNOWN,yes,phonetic_spelling,"[""phonetic_spelling""]","[{""operation"": ""delete"", ""formal_text"": ""ts"", ""informal_text"": """", ""formal_start"": 2, ""formal_end"": 4, ""informal_start"": 2, ""informal_end"": 2}]",reviewed,,true,manual,2026-08-12T13:54:22.081930+00:00
305:13,305,13,romantiques,romantiques,romantique,ADJ,fr,fr,UNKNOWN,yes,identity,"[""identity""]",[],reviewed,,false,french_seed_lookup,2026-08-12T13:54:54.466715+00:00
305:15,305,15,nopi,noppi,noppi,VERB,wo,wo,UNKNOWN,no,deletion,"[""deletion"", ""phonetic_spelling""]","[{""operation"": ""delete"", ""formal_text"": ""p"", ""informal_text"": """", ""formal_start"": 3, ""formal_end"": 4, ""informal_start"": 3, ""informal_end"": 3}]",reviewed,,false,seed_lookup,2026-08-12T13:55:07.743821+00:00
305:16,305,16,khamna,xam na,,UNKNOWN,wo,wo,UNKNOWN,no,spacing_merge,"[""spacing_merge"", ""substitution"", ""phonetic_spelling""]","[{""operation"": ""replace"", ""formal_text"": ""x"", ""informal_text"": ""kh"", ""formal_start"": 0, ""formal_end"": 1, ""informal_start"": 0, ""informal_end"": 2}, {""operation"": ""delete"", ""formal_text"": "" "", ""informal_text"": """", ""formal_start"": 3, ""formal_end"": 4, ""informal_start"": 4, ""informal_end"": 4}]",reviewed,,true,manual,2026-08-12T13:55:32.132854+00:00
305:17,305,17,di,di,di,VERB,wo,wo,UNKNOWN,no,identity,"[""identity""]",[],reviewed,,false,seed_lookup,2026-08-12T13:56:05.379291+00:00
305:18,305,18,ngène,ngeen,ngeen,PRON,wo,wo,UNKNOWN,no,diacritic,"[""diacritic"", ""deletion"", ""insertion"", ""phonetic_spelling""]","[{""operation"": ""insert"", ""formal_text"": """", ""informal_text"": ""èn"", ""formal_start"": 2, ""formal_end"": 2, ""informal_start"": 2, ""informal_end"": 4}, {""operation"": ""delete"", ""formal_text"": ""en"", ""informal_text"": """", ""formal_start"": 3, ""formal_end"": 5, ""informal_start"": 5, ""informal_end"": 5}]",reviewed,,false,seed_lookup,2026-08-12T13:56:12.257764+00:00
305:19,305,19,wakhe,wax,wax,VERB,wo,wo,UNKNOWN,no,substitution,"[""substitution"", ""phonetic_spelling""]","[{""operation"": ""replace"", ""formal_text"": ""x"", ""informal_text"": ""khe"", ""formal_start"": 2, ""formal_end"": 3, ""informal_start"": 2, ""informal_end"": 5}]",uncertain,,false,ambiguous_language_seed_lookup,2026-08-12T13:56:51.517824+00:00
305:21,305,21,wah,wax,wax,VERB,wo,wo,UNKNOWN,no,substitution,"[""substitution"", ""phonetic_spelling""]","[{""operation"": ""replace"", ""formal_text"": ""x"", ""informal_text"": ""h"", ""formal_start"": 2, ""formal_end"": 3, ""informal_start"": 2, ""informal_end"": 3}]",reviewed,,false,ambiguous_language_seed_lookup,2026-08-12T13:57:23.008046+00:00
305:22,305,22,mai,mais,mais,CCONJ,fr,fr,UNKNOWN,yes,french_spelling,"[""french_spelling""]","[{""operation"": ""delete"", ""formal_text"": ""s"", ""informal_text"": """", ""formal_start"": 3, ""formal_end"": 4, ""informal_start"": 3, ""informal_end"": 3}]",reviewed,,false,french_seed_lookup,2026-08-12T13:57:34.493975+00:00
305:23,305,23,deuk,dëgg,dëgg,NOUN,wo,wo,UNKNOWN,no,diacritic,"[""diacritic"", ""substitution""]","[{""operation"": ""replace"", ""formal_text"": ""ëgg"", ""informal_text"": ""euk"", ""formal_start"": 1, ""formal_end"": 4, ""informal_start"": 1, ""informal_end"": 4}]",reviewed,,false,seed_lookup,2026-08-12T13:57:50.165361+00:00
305:24,305,24,la,la,la,PRON,wo,wo,UNKNOWN,no,identity,"[""identity""]",[],reviewed,,false,ambiguous_language_seed_lookup,2026-08-12T13:58:23.931257+00:00
336:2,336,2,la,la,la,PRON,wo,wo,UNKNOWN,no,identity,"[""identity""]",[],reviewed,AUTO_CONFIRMED_MAPPING_DEFAULT,false,confirmed_mapping_default,2026-08-12T13:58:23.934492+00:00
345:4,345,4,la,la,la,PRON,wo,wo,UNKNOWN,no,identity,"[""identity""]",[],reviewed,AUTO_CONFIRMED_MAPPING_DEFAULT,false,confirmed_mapping_default,2026-08-12T13:58:23.936964+00:00
364:4,364,4,la,la,la,PRON,wo,wo,UNKNOWN,no,identity,"[""identity""]",[],reviewed,AUTO_CONFIRMED_MAPPING_DEFAULT,false,confirmed_mapping_default,2026-08-12T13:58:23.939060+00:00
400:7,400,7,la,la,la,PRON,wo,wo,UNKNOWN,no,identity,"[""identity""]",[],reviewed,AUTO_CONFIRMED_MAPPING_DEFAULT,false,confirmed_mapping_default,2026-08-12T13:58:23.941003+00:00
415:5,415,5,la,la,la,PRON,wo,wo,UNKNOWN,no,identity,"[""identity""]",[],reviewed,AUTO_CONFIRMED_MAPPING_DEFAULT,false,confirmed_mapping_default,2026-08-12T13:58:23.942960+00:00
487:1,487,1,la,la,la,PRON,wo,wo,UNKNOWN,no,identity,"[""identity""]",[],reviewed,AUTO_CONFIRMED_MAPPING_DEFAULT,false,confirmed_mapping_default,2026-08-12T13:58:23.944948+00:00
3575:1,3575,1,la,la,la,PRON,wo,wo,UNKNOWN,no,identity,"[""identity""]",[],reviewed,AUTO_CONFIRMED_MAPPING_DEFAULT,false,confirmed_mapping_default,2026-08-12T13:58:23.946043+00:00
3575:5,3575,5,la,la,la,PRON,wo,wo,UNKNOWN,no,identity,"[""identity""]",[],reviewed,AUTO_CONFIRMED_MAPPING_DEFAULT,false,confirmed_mapping_default,2026-08-12T13:58:23.948068+00:00
5891:7,5891,7,la,la,la,PRON,wo,wo,UNKNOWN,no,identity,"[""identity""]",[],reviewed,AUTO_CONFIRMED_MAPPING_DEFAULT,false,confirmed_mapping_default,2026-08-12T13:58:23.949994+00:00
5911:2,5911,2,la,la,la,PRON,wo,wo,UNKNOWN,no,identity,"[""identity""]",[],reviewed,AUTO_CONFIRMED_MAPPING_DEFAULT,false,confirmed_mapping_default,2026-08-12T13:58:23.951947+00:00
305:25,305,25,wah,wax,wax,VERB,wo,wo,UNKNOWN,no,substitution,"[""substitution""]","[{""operation"": ""replace"", ""formal_text"": ""x"", ""informal_text"": ""h"", ""formal_start"": 2, ""formal_end"": 3, ""informal_start"": 2, ""informal_end"": 3}]",uncertain,,false,ambiguous_language_seed_lookup,2026-08-12T13:59:23.805522+00:00
306:0,306,0,weurseuk,wërsëg,wërsëg,NOUN,wo,wo,UNKNOWN,no,diacritic,"[""diacritic"", ""substitution"", ""phonetic_spelling""]","[{""operation"": ""replace"", ""formal_text"": ""ë"", ""informal_text"": ""eu"", ""formal_start"": 1, ""formal_end"": 2, ""informal_start"": 1, ""informal_end"": 3}, {""operation"": ""replace"", ""formal_text"": ""ëg"", ""informal_text"": ""euk"", ""formal_start"": 4, ""formal_end"": 6, ""informal_start"": 5, ""informal_end"": 8}]",reviewed,,false,seed_lookup,2026-08-12T13:59:45.661309+00:00
306:1,306,1,mon,mon,mon,DET,fr,fr,UNKNOWN,yes,identity,"[""identity""]",[],reviewed,,false,french_seed_lookup,2026-08-12T14:00:01.003867+00:00
306:4,306,4,kagne,kañ,kañ,ADV,wo,wo,UNKNOWN,no,diacritic,"[""diacritic"", ""substitution"", ""phonetic_spelling""]","[{""operation"": ""replace"", ""formal_text"": ""ñ"", ""informal_text"": ""gne"", ""formal_start"": 2, ""formal_end"": 3, ""informal_start"": 2, ""informal_end"": 5}]",reviewed,,false,seed_lookup,2026-08-12T14:00:16.899500+00:00
306:5,306,5,gañou,nga ñuy,,UNKNOWN,wo,wo,UNKNOWN,no,spacing_merge,"[""spacing_merge"", ""deletion"", ""insertion""]","[{""operation"": ""delete"", ""formal_text"": ""n"", ""informal_text"": """", ""formal_start"": 0, ""formal_end"": 1, ""informal_start"": 0, ""informal_end"": 0}, {""operation"": ""delete"", ""formal_text"": "" "", ""informal_text"": """", ""formal_start"": 3, ""formal_end"": 4, ""informal_start"": 2, ""informal_end"": 2}, {""operation"": ""insert"", ""formal_text"": """", ""informal_text"": ""o"", ""formal_start"": 5, ""formal_end"": 5, ""informal_start"": 3, ""informal_end"": 4}, {""operation"": ""delete"", ""formal_text"": ""y"", ""informal_text"": """", ""formal_start"": 6, ""formal_end"": 7, ""informal_start"": 5, ""informal_end"": 5}]",reviewed,,true,manual,2026-08-12T14:00:46.171368+00:00
306:6,306,6,wath,wàcc,wàcc,VERB,wo,wo,UNKNOWN,no,diacritic,"[""diacritic"", ""substitution"", ""phonetic_spelling""]","[{""operation"": ""replace"", ""formal_text"": ""àcc"", ""informal_text"": ""ath"", ""formal_start"": 1, ""formal_end"": 4, ""informal_start"": 1, ""informal_end"": 4}]",reviewed,,false,seed_lookup,2026-08-12T14:07:14.004583+00:00
307:2,307,2,daye,day,day,VERB,wo,wo,UNKNOWN,no,insertion,"[""insertion"", ""phonetic_spelling""]","[{""operation"": ""insert"", ""formal_text"": """", ""informal_text"": ""e"", ""formal_start"": 3, ""formal_end"": 3, ""informal_start"": 3, ""informal_end"": 4}]",reviewed,,false,seed_lookup,2026-08-12T14:07:49.587547+00:00
307:3,307,3,ame,am,am,VERB,wo,wo,UNKNOWN,no,insertion,"[""insertion"", ""phonetic_spelling""]","[{""operation"": ""insert"", ""formal_text"": """", ""informal_text"": ""e"", ""formal_start"": 2, ""formal_end"": 2, ""informal_start"": 2, ""informal_end"": 3}]",uncertain,,false,ambiguous_language_seed_lookup,2026-08-12T14:08:01.921590+00:00
307:4,307,4,foula,fulla,fulla,NOUN,wo,wo,UNKNOWN,no,deletion,"[""deletion"", ""insertion"", ""phonetic_spelling""]","[{""operation"": ""insert"", ""formal_text"": """", ""informal_text"": ""o"", ""formal_start"": 1, ""formal_end"": 1, ""informal_start"": 1, ""informal_end"": 2}, {""operation"": ""delete"", ""formal_text"": ""l"", ""informal_text"": """", ""formal_start"": 3, ""formal_end"": 4, ""informal_start"": 4, ""informal_end"": 4}]",reviewed,,false,ambiguous_language_seed_lookup,2026-08-12T14:11:29.435316+00:00
307:5,307,5,boule,bul,bul,PART,wo,wo,UNKNOWN,no,insertion,"[""insertion"", ""phonetic_spelling""]","[{""operation"": ""insert"", ""formal_text"": """", ""informal_text"": ""o"", ""formal_start"": 1, ""formal_end"": 1, ""informal_start"": 1, ""informal_end"": 2}, {""operation"": ""insert"", ""formal_text"": """", ""informal_text"": ""e"", ""formal_start"": 3, ""formal_end"": 3, ""informal_start"": 4, ""informal_end"": 5}]",reviewed,,false,seed_lookup,2026-08-12T14:11:39.539873+00:00
307:6,307,6,nangue,nangu,nangu,VERB,wo,wo,UNKNOWN,no,insertion,"[""insertion""]","[{""operation"": ""insert"", ""formal_text"": """", ""informal_text"": ""e"", ""formal_start"": 5, ""formal_end"": 5, ""informal_start"": 5, ""informal_end"": 6}]",reviewed,,false,seed_lookup,2026-08-12T14:12:01.237905+00:00
307:7,307,7,koula,ku la,,UNKNOWN,wo,wo,UNKNOWN,no,spacing_merge,"[""spacing_merge"", ""insertion"", ""phonetic_spelling""]","[{""operation"": ""insert"", ""formal_text"": """", ""informal_text"": ""o"", ""formal_start"": 1, ""formal_end"": 1, ""informal_start"": 1, ""informal_end"": 2}, {""operation"": ""delete"", ""formal_text"": "" "", ""informal_text"": """", ""formal_start"": 2, ""formal_end"": 3, ""informal_start"": 3, ""informal_end"": 3}]",reviewed,,true,manual,2026-08-12T14:12:21.285671+00:00
307:8,307,8,séparé,séparé,séparé,VERB,fr,fr,UNKNOWN,yes,identity,"[""identity""]",[],reviewed,,false,french_seed_lookup,2026-08-12T14:13:03.056928+00:00
308:5,308,5,ta,te,te,CCONJ,wo,wo,UNKNOWN,no,substitution,"[""substitution""]","[{""operation"": ""replace"", ""formal_text"": ""e"", ""informal_text"": ""a"", ""formal_start"": 1, ""formal_end"": 2, ""informal_start"": 1, ""informal_end"": 2}]",reviewed,,false,ambiguous_language_seed_lookup,2026-08-12T14:13:54.159585+00:00
308:6,308,6,bari,bari,bari,VERB,wo,wo,UNKNOWN,no,identity,"[""identity""]",[],reviewed,,true,seed_lookup,2026-08-12T14:14:30.639642+00:00
398:7,398,7,bari,bari,bari,VERB,wo,wo,UNKNOWN,no,identity,"[""identity""]",[],reviewed,AUTO_IDENTITY_LOOKUP,false,curated_lookup,2026-08-12T14:14:30.643976+00:00
454:6,454,6,bari,bari,bari,VERB,wo,wo,UNKNOWN,no,identity,"[""identity""]",[],reviewed,AUTO_IDENTITY_LOOKUP,false,curated_lookup,2026-08-12T14:14:30.645453+00:00
308:7,308,7,wakh,wax,wax,VERB,wo,wo,UNKNOWN,no,substitution,"[""substitution"", ""phonetic_spelling""]","[{""operation"": ""replace"", ""formal_text"": ""x"", ""informal_text"": ""kh"", ""formal_start"": 2, ""formal_end"": 3, ""informal_start"": 2, ""informal_end"": 4}]",reviewed,,false,ambiguous_language_seed_lookup,2026-08-12T14:14:56.779268+00:00
312:2,312,2,amoul,amul,amul,VERB,wo,wo,UNKNOWN,no,insertion,"[""insertion"", ""phonetic_spelling""]","[{""operation"": ""insert"", ""formal_text"": """", ""informal_text"": ""o"", ""formal_start"": 2, ""formal_end"": 2, ""informal_start"": 2, ""informal_end"": 3}]",reviewed,,true,manual,2026-08-12T14:17:42.182629+00:00
312:3,312,3,bénne,benn,benn,NOUN,wo,wo,UNKNOWN,no,diacritic,"[""diacritic"", ""insertion"", ""substitution"", ""phonetic_spelling""]","[{""operation"": ""replace"", ""formal_text"": ""e"", ""informal_text"": ""é"", ""formal_start"": 1, ""formal_end"": 2, ""informal_start"": 1, ""informal_end"": 2}, {""operation"": ""insert"", ""formal_text"": """", ""informal_text"": ""e"", ""formal_start"": 4, ""formal_end"": 4, ""informal_start"": 4, ""informal_end"": 5}]",reviewed,,false,seed_lookup,2026-08-12T14:17:49.678531+00:00
312:4,312,4,foulla,fulla,fulla,NOUN,wo,wo,UNKNOWN,no,insertion,"[""insertion"", ""phonetic_spelling""]","[{""operation"": ""insert"", ""formal_text"": """", ""informal_text"": ""o"", ""formal_start"": 1, ""formal_end"": 1, ""informal_start"": 1, ""informal_end"": 2}]",reviewed,,false,ambiguous_language_seed_lookup,2026-08-12T14:18:07.375755+00:00
314:2,314,2,sofga,soof nga,,UNKNOWN,wo,wo,UNKNOWN,no,spacing_merge,"[""spacing_merge"", ""abbreviation"", ""deletion""]","[{""operation"": ""delete"", ""formal_text"": ""o"", ""informal_text"": """", ""formal_start"": 2, ""formal_end"": 3, ""informal_start"": 2, ""informal_end"": 2}, {""operation"": ""delete"", ""formal_text"": "" n"", ""informal_text"": """", ""formal_start"": 4, ""formal_end"": 6, ""informal_start"": 3, ""informal_end"": 3}]",reviewed,,true,manual,2026-08-12T14:18:27.513250+00:00
314:3,314,3,bonega,bon nga,,UNKNOWN,wo,wo,UNKNOWN,no,spacing_merge,"[""spacing_merge"", ""substitution""]","[{""operation"": ""replace"", ""formal_text"": "" n"", ""informal_text"": ""e"", ""formal_start"": 3, ""formal_end"": 5, ""informal_start"": 3, ""informal_end"": 4}]",reviewed,,true,manual,2026-08-12T14:19:58.043502+00:00
318:0,318,0,lékhou,lékhou,lékhou,PROPN,unknown,unknown,PERSON,yes,identity,"[""identity""]",[],reviewed,,true,manual,2026-08-12T14:20:07.218295+00:00
318:1,318,1,fékhal,féexal,féexal,VERB,wo,wo,UNKNOWN,no,substitution,"[""substitution"", ""phonetic_spelling""]","[{""operation"": ""replace"", ""formal_text"": ""ex"", ""informal_text"": ""kh"", ""formal_start"": 2, ""formal_end"": 4, ""informal_start"": 2, ""informal_end"": 4}]",reviewed,,false,seed_lookup,2026-08-12T14:20:17.501094+00:00
318:2,318,2,n'a,na,na,UNKNOWN,wo,wo,UNKNOWN,no,insertion,"[""insertion"", ""punctuation""]","[{""operation"": ""insert"", ""formal_text"": """", ""informal_text"": ""'"", ""formal_start"": 1, ""formal_end"": 1, ""informal_start"": 1, ""informal_end"": 2}]",reviewed,,false,ambiguous_language_seed_lookup,2026-08-12T14:21:00.678529+00:00
318:4,318,4,khol,xol,xol,NOUN,wo,wo,UNKNOWN,no,substitution,"[""substitution"", ""phonetic_spelling""]","[{""operation"": ""replace"", ""formal_text"": ""x"", ""informal_text"": ""kh"", ""formal_start"": 0, ""formal_end"": 1, ""informal_start"": 0, ""informal_end"": 2}]",reviewed,,false,seed_lookup,2026-08-12T14:21:14.525021+00:00
322:4,322,4,rew,reew,reew,VERB,wo,wo,UNKNOWN,no,deletion,"[""deletion"", ""phonetic_spelling""]","[{""operation"": ""delete"", ""formal_text"": ""e"", ""informal_text"": """", ""formal_start"": 2, ""formal_end"": 3, ""informal_start"": 2, ""informal_end"": 2}]",reviewed,,false,seed_lookup,2026-08-12T14:21:28.213238+00:00
322:7,322,7,amoul,amul,amul,VERB,wo,wo,UNKNOWN,no,insertion,"[""insertion"", ""phonetic_spelling""]","[{""operation"": ""insert"", ""formal_text"": """", ""informal_text"": ""o"", ""formal_start"": 2, ""formal_end"": 2, ""informal_start"": 2, ""informal_end"": 3}]",reviewed,,false,curated_lookup,2026-08-12T14:22:27.544751+00:00
3570:2,3570,2,amoul,amul,amul,VERB,wo,wo,UNKNOWN,no,insertion,"[""insertion"", ""phonetic_spelling""]","[{""operation"": ""insert"", ""formal_text"": """", ""informal_text"": ""o"", ""formal_start"": 2, ""formal_end"": 2, ""informal_start"": 2, ""informal_end"": 3}]",reviewed,AUTO_CONFIRMED_MAPPING_DEFAULT,false,confirmed_mapping_default,2026-08-12T14:22:27.548657+00:00
322:8,322,8,foula,fulla,fulla,NOUN,wo,wo,UNKNOWN,no,deletion,"[""deletion"", ""insertion"", ""phonetic_spelling""]","[{""operation"": ""insert"", ""formal_text"": """", ""informal_text"": ""o"", ""formal_start"": 1, ""formal_end"": 1, ""informal_start"": 1, ""informal_end"": 2}, {""operation"": ""delete"", ""formal_text"": ""l"", ""informal_text"": """", ""formal_start"": 3, ""formal_end"": 4, ""informal_start"": 4, ""informal_end"": 4}]",reviewed,,false,ambiguous_language_seed_lookup,2026-08-12T14:22:44.289782+00:00
382:6,382,6,foula,fulla,fulla,NOUN,wo,wo,UNKNOWN,no,deletion,"[""deletion"", ""insertion"", ""phonetic_spelling""]","[{""operation"": ""insert"", ""formal_text"": """", ""informal_text"": ""o"", ""formal_start"": 1, ""formal_end"": 1, ""informal_start"": 1, ""informal_end"": 2}, {""operation"": ""delete"", ""formal_text"": ""l"", ""informal_text"": """", ""formal_start"": 3, ""formal_end"": 4, ""informal_start"": 4, ""informal_end"": 4}]",reviewed,AUTO_CONFIRMED_MAPPING_DEFAULT,false,confirmed_mapping_default,2026-08-12T14:22:44.292229+00:00
384:2,384,2,foula,fulla,fulla,NOUN,wo,wo,UNKNOWN,no,deletion,"[""deletion"", ""insertion"", ""phonetic_spelling""]","[{""operation"": ""insert"", ""formal_text"": """", ""informal_text"": ""o"", ""formal_start"": 1, ""formal_end"": 1, ""informal_start"": 1, ""informal_end"": 2}, {""operation"": ""delete"", ""formal_text"": ""l"", ""informal_text"": """", ""formal_start"": 3, ""formal_end"": 4, ""informal_start"": 4, ""informal_end"": 4}]",reviewed,AUTO_CONFIRMED_MAPPING_DEFAULT,false,confirmed_mapping_default,2026-08-12T14:22:44.294153+00:00
327:2,327,2,sofna,soof na,,UNKNOWN,wo,wo,UNKNOWN,no,spacing_merge,"[""spacing_merge"", ""deletion"", ""phonetic_spelling""]","[{""operation"": ""delete"", ""formal_text"": ""o"", ""informal_text"": """", ""formal_start"": 2, ""formal_end"": 3, ""informal_start"": 2, ""informal_end"": 2}, {""operation"": ""delete"", ""formal_text"": "" "", ""informal_text"": """", ""formal_start"": 4, ""formal_end"": 5, ""informal_start"": 3, ""informal_end"": 3}]",reviewed,,true,curated_lookup,2026-08-12T14:22:58.984237+00:00
379:12,379,12,sofna,soof na,,UNKNOWN,wo,wo,UNKNOWN,no,spacing_merge,"[""spacing_merge"", ""deletion"", ""phonetic_spelling""]","[{""operation"": ""delete"", ""formal_text"": ""o"", ""informal_text"": """", ""formal_start"": 2, ""formal_end"": 3, ""informal_start"": 2, ""informal_end"": 2}, {""operation"": ""delete"", ""formal_text"": "" "", ""informal_text"": """", ""formal_start"": 4, ""formal_end"": 5, ""informal_start"": 3, ""informal_end"": 3}]",reviewed,AUTO_CONFIRMED_MAPPING_DEFAULT,false,confirmed_mapping_default,2026-08-12T14:22:58.990823+00:00
327:3,327,3,nk,nak,nak,UNKNOWN,wo,wo,UNKNOWN,no,abbreviation,"[""abbreviation""]","[{""operation"": ""delete"", ""formal_text"": ""a"", ""informal_text"": """", ""formal_start"": 1, ""formal_end"": 2, ""informal_start"": 1, ""informal_end"": 1}]",reviewed,,true,curated_lookup,2026-08-12T14:23:21.447454+00:00
327:4,327,4,ahhhhh,ah,ah,INTJ,fr,fr,UNKNOWN,yes,repetition,"[""repetition"", ""french_spelling""]","[{""operation"": ""insert"", ""formal_text"": """", ""informal_text"": ""hhhh"", ""formal_start"": 2, ""formal_end"": 2, ""informal_start"": 2, ""informal_end"": 6}]",reviewed,,false,french_seed_lookup,2026-08-12T14:23:48.476823+00:00
327:5,327,5,duull,duul,duul,INTJ,wo,wo,UNKNOWN,no,repetition,"[""repetition"", ""insertion""]","[{""operation"": ""insert"", ""formal_text"": """", ""informal_text"": ""l"", ""formal_start"": 4, ""formal_end"": 4, ""informal_start"": 4, ""informal_end"": 5}]",reviewed,,false,seed_lookup,2026-08-12T14:24:07.567591+00:00
327:6,327,6,wayyy,waay,waay,INTJ,wo,wo,UNKNOWN,no,repetition,"[""repetition"", ""deletion"", ""insertion""]","[{""operation"": ""delete"", ""formal_text"": ""a"", ""informal_text"": """", ""formal_start"": 2, ""formal_end"": 3, ""informal_start"": 2, ""informal_end"": 2}, {""operation"": ""insert"", ""formal_text"": """", ""informal_text"": ""yy"", ""formal_start"": 4, ""formal_end"": 4, ""informal_start"": 3, ""informal_end"": 5}]",reviewed,,false,seed_lookup,2026-08-12T14:24:29.496473+00:00
331:0,331,0,weurseuk,wërsëg,wërsëg,NOUN,wo,wo,UNKNOWN,no,diacritic,"[""diacritic"", ""substitution"", ""phonetic_spelling""]","[{""operation"": ""replace"", ""formal_text"": ""ë"", ""informal_text"": ""eu"", ""formal_start"": 1, ""formal_end"": 2, ""informal_start"": 1, ""informal_end"": 3}, {""operation"": ""replace"", ""formal_text"": ""ëg"", ""informal_text"": ""euk"", ""formal_start"": 4, ""formal_end"": 6, ""informal_start"": 5, ""informal_end"": 8}]",reviewed,,false,seed_lookup,2026-08-12T14:24:46.032813+00:00
397:0,397,0,weurseuk,wërsëg,wërsëg,NOUN,wo,wo,UNKNOWN,no,diacritic,"[""diacritic"", ""substitution"", ""phonetic_spelling""]","[{""operation"": ""replace"", ""formal_text"": ""ë"", ""informal_text"": ""eu"", ""formal_start"": 1, ""formal_end"": 2, ""informal_start"": 1, ""informal_end"": 3}, {""operation"": ""replace"", ""formal_text"": ""ëg"", ""informal_text"": ""euk"", ""formal_start"": 4, ""formal_end"": 6, ""informal_start"": 5, ""informal_end"": 8}]",reviewed,AUTO_CONFIRMED_MAPPING_DEFAULT,false,confirmed_mapping_default,2026-08-12T14:24:46.036408+00:00
331:2,331,2,moyi,mooy,mooy,VERB,wo,wo,UNKNOWN,no,deletion,"[""deletion"", ""insertion""]","[{""operation"": ""delete"", ""formal_text"": ""o"", ""informal_text"": """", ""formal_start"": 2, ""formal_end"": 3, ""informal_start"": 2, ""informal_end"": 2}, {""operation"": ""insert"", ""formal_text"": """", ""informal_text"": ""i"", ""formal_start"": 4, ""formal_end"": 4, ""informal_start"": 3, ""informal_end"": 4}]",reviewed,,false,curated_lookup,2026-08-12T14:25:10.050305+00:00
331:3,331,3,lane,lan,lan,PRON,wo,wo,UNKNOWN,no,insertion,"[""insertion"", ""phonetic_spelling""]","[{""operation"": ""insert"", ""formal_text"": """", ""informal_text"": ""e"", ""formal_start"": 3, ""formal_end"": 3, ""informal_start"": 3, ""informal_end"": 4}]",uncertain,,false,ambiguous_language_seed_lookup,2026-08-12T14:27:10.078272+00:00
332:1,332,1,mbeuguéll,mbëggeel,mbëggeel,NOUN,wo,wo,UNKNOWN,no,repetition,"[""repetition"", ""insertion"", ""substitution""]","[{""operation"": ""replace"", ""formal_text"": ""ë"", ""informal_text"": ""eu"", ""formal_start"": 2, ""formal_end"": 3, ""informal_start"": 2, ""informal_end"": 4}, {""operation"": ""replace"", ""formal_text"": ""gee"", ""informal_text"": ""ué"", ""formal_start"": 4, ""formal_end"": 7, ""informal_start"": 5, ""informal_end"": 7}, {""operation"": ""insert"", ""formal_text"": """", ""informal_text"": ""l"", ""formal_start"": 8, ""formal_end"": 8, ""informal_start"": 8, ""informal_end"": 9}]",reviewed,,false,seed_lookup,2026-08-12T14:27:41.514779+00:00
332:3,332,3,douko,du ko,,UNKNOWN,wo,wo,UNKNOWN,no,spacing_merge,"[""spacing_merge"", ""insertion"", ""phonetic_spelling""]","[{""operation"": ""insert"", ""formal_text"": """", ""informal_text"": ""o"", ""formal_start"": 1, ""formal_end"": 1, ""informal_start"": 1, ""informal_end"": 2}, {""operation"": ""delete"", ""formal_text"": "" "", ""informal_text"": """", ""formal_start"": 2, ""formal_end"": 3, ""informal_start"": 3, ""informal_end"": 3}]",reviewed,,true,manual,2026-08-12T14:27:52.049302+00:00
332:4,332,4,forcé,forcé,forcé,VERB,fr,fr,UNKNOWN,yes,identity,"[""identity""]",[],reviewed,,false,french_seed_lookup,2026-08-12T14:27:59.520478+00:00
335:0,335,0,niata,ñaata,ñaata,ADV,wo,wo,UNKNOWN,no,diacritic,"[""diacritic"", ""substitution"", ""phonetic_spelling""]","[{""operation"": ""replace"", ""formal_text"": ""ña"", ""informal_text"": ""ni"", ""formal_start"": 0, ""formal_end"": 2, ""informal_start"": 0, ""informal_end"": 2}]",reviewed,,false,seed_lookup,2026-08-12T14:28:37.069905+00:00
335:1,335,1,diabar,jabar,jabar,NOUN,wo,wo,UNKNOWN,no,substitution,"[""substitution"", ""phonetic_spelling""]","[{""operation"": ""replace"", ""formal_text"": ""j"", ""informal_text"": ""di"", ""formal_start"": 0, ""formal_end"": 1, ""informal_start"": 0, ""informal_end"": 2}]",reviewed,,false,seed_lookup,2026-08-12T14:28:56.967289+00:00
335:2,335,2,gua,nga,nga,PRON,wo,wo,UNKNOWN,no,deletion,"[""deletion"", ""insertion""]","[{""operation"": ""delete"", ""formal_text"": ""n"", ""informal_text"": """", ""formal_start"": 0, ""formal_end"": 1, ""informal_start"": 0, ""informal_end"": 0}, {""operation"": ""insert"", ""formal_text"": """", ""informal_text"": ""u"", ""formal_start"": 2, ""formal_end"": 2, ""informal_start"": 1, ""informal_end"": 2}]",reviewed,,false,seed_lookup,2026-08-12T14:29:16.242005+00:00
335:3,335,3,am,am,am,VERB,wo,wo,UNKNOWN,no,identity,"[""identity""]",[],reviewed,,false,ambiguous_language_seed_lookup,2026-08-12T14:29:26.745366+00:00
345:5,345,5,am,am,am,VERB,wo,wo,UNKNOWN,no,identity,"[""identity""]",[],reviewed,AUTO_CONFIRMED_MAPPING_DEFAULT,false,confirmed_mapping_default,2026-08-12T14:29:26.748384+00:00
336:0,336,0,lii,lii,lii,DET,wo,wo,UNKNOWN,no,identity,"[""identity""]",[],reviewed,AUTO_IDENTITY_LOOKUP,false,seed_lookup,2026-08-12T14:31:51.452369+00:00
336:1,336,1,dhé,de,de,ADV,wo,wo,UNKNOWN,no,diacritic,"[""diacritic"", ""substitution""]","[{""operation"": ""replace"", ""formal_text"": ""e"", ""informal_text"": ""hé"", ""formal_start"": 1, ""formal_end"": 2, ""informal_start"": 1, ""informal_end"": 3}]",reviewed,,false,ambiguous_language_seed_lookup,2026-08-12T14:32:20.324528+00:00
336:3,336,3,wakhno,waxon,waxon,VERB,wo,wo,UNKNOWN,no,deletion,"[""deletion"", ""substitution""]","[{""operation"": ""replace"", ""formal_text"": ""x"", ""informal_text"": ""khn"", ""formal_start"": 2, ""formal_end"": 3, ""informal_start"": 2, ""informal_end"": 5}, {""operation"": ""delete"", ""formal_text"": ""n"", ""informal_text"": """", ""formal_start"": 4, ""formal_end"": 5, ""informal_start"": 6, ""informal_end"": 6}]",reviewed,,true,manual,2026-08-12T14:33:47.829032+00:00
336:7,336,7,barina,bari na,,UNKNOWN,wo,wo,UNKNOWN,no,spacing_merge,"[""spacing_merge""]","[{""operation"": ""delete"", ""formal_text"": "" "", ""informal_text"": """", ""formal_start"": 4, ""formal_end"": 5, ""informal_start"": 4, ""informal_end"": 4}]",reviewed,,true,curated_lookup,2026-08-12T14:33:56.010864+00:00
336:8,336,8,wax,wax,wax,NOUN,wo,wo,UNKNOWN,no,identity,"[""identity""]",[],reviewed,,false,ambiguous_language_seed_lookup,2026-08-12T14:34:30.650429+00:00
338:0,338,0,juboo,juboo,juboo,VERB,wo,wo,UNKNOWN,no,identity,"[""identity""]",[],reviewed,,false,seed_lookup,2026-08-12T14:34:42.372054+00:00
338:2,338,2,say,say,say,DET,wo,wo,UNKNOWN,no,identity,"[""identity""]",[],reviewed,,false,seed_lookup,2026-08-12T14:34:49.857303+00:00
338:4,338,4,nekhna,neex na,,UNKNOWN,wo,wo,UNKNOWN,no,spacing_merge,"[""spacing_merge"", ""substitution"", ""phonetic_spelling""]","[{""operation"": ""replace"", ""formal_text"": ""ex "", ""informal_text"": ""kh"", ""formal_start"": 2, ""formal_end"": 5, ""informal_start"": 2, ""informal_end"": 4}]",reviewed,,true,manual,2026-08-12T14:35:02.063294+00:00
338:5,338,5,deh,de,de,ADV,wo,wo,UNKNOWN,no,insertion,"[""insertion""]","[{""operation"": ""insert"", ""formal_text"": """", ""informal_text"": ""h"", ""formal_start"": 2, ""formal_end"": 2, ""informal_start"": 2, ""informal_end"": 3}]",uncertain,,false,ambiguous_language_seed_lookup,2026-08-12T14:35:23.656582+00:00
338:6,338,6,bravo,bravo,bravo,INTJ,fr,fr,UNKNOWN,yes,identity,"[""identity""]",[],reviewed,,false,french_seed_lookup,2026-08-12T14:35:32.047013+00:00
343:0,343,0,mere,mère,mère,NOUN,fr,fr,UNKNOWN,yes,french_spelling,"[""french_spelling""]","[{""operation"": ""replace"", ""formal_text"": ""è"", ""informal_text"": ""e"", ""formal_start"": 1, ""formal_end"": 2, ""informal_start"": 1, ""informal_end"": 2}]",reviewed,,false,french_seed_lookup,2026-08-12T14:46:56.087802+00:00
343:3,343,3,nama,na ma,,UNKNOWN,wo,wo,UNKNOWN,no,spacing_merge,"[""spacing_merge"", ""phonetic_spelling""]","[{""operation"": ""delete"", ""formal_text"": "" "", ""informal_text"": """", ""formal_start"": 2, ""formal_end"": 3, ""informal_start"": 2, ""informal_end"": 2}]",reviewed,,true,manual,2026-08-12T14:47:04.932289+00:00
344:0,344,0,thiey,céy,céy,INTJ,wo,wo,UNKNOWN,no,diacritic,"[""diacritic"", ""substitution"", ""phonetic_spelling""]","[{""operation"": ""replace"", ""formal_text"": ""cé"", ""informal_text"": ""thie"", ""formal_start"": 0, ""formal_end"": 2, ""informal_start"": 0, ""informal_end"": 4}]",reviewed,,false,seed_lookup,2026-08-12T14:47:16.170631+00:00
344:6,344,6,khol,xol,xol,NOUN,wo,wo,UNKNOWN,no,substitution,"[""substitution"", ""phonetic_spelling""]","[{""operation"": ""replace"", ""formal_text"": ""x"", ""informal_text"": ""kh"", ""formal_start"": 0, ""formal_end"": 1, ""informal_start"": 0, ""informal_end"": 2}]",reviewed,,false,seed_lookup,2026-08-12T14:47:28.962934+00:00
345:3,345,3,khol,xol,xol,NOUN,wo,wo,UNKNOWN,no,substitution,"[""substitution"", ""phonetic_spelling""]","[{""operation"": ""replace"", ""formal_text"": ""x"", ""informal_text"": ""kh"", ""formal_start"": 0, ""formal_end"": 1, ""informal_start"": 0, ""informal_end"": 2}]",reviewed,AUTO_CONFIRMED_MAPPING_DEFAULT,false,confirmed_mapping_default,2026-08-12T14:47:28.965765+00:00
3596:11,3596,11,khol,xol,xol,NOUN,wo,wo,UNKNOWN,no,substitution,"[""substitution"", ""phonetic_spelling""]","[{""operation"": ""replace"", ""formal_text"": ""x"", ""informal_text"": ""kh"", ""formal_start"": 0, ""formal_end"": 1, ""informal_start"": 0, ""informal_end"": 2}]",reviewed,AUTO_CONFIRMED_MAPPING_DEFAULT,false,confirmed_mapping_default,2026-08-12T14:47:28.966965+00:00
344:8,344,8,mane,man,man,PRON,wo,wo,UNKNOWN,no,insertion,"[""insertion"", ""phonetic_spelling""]","[{""operation"": ""insert"", ""formal_text"": """", ""informal_text"": ""e"", ""formal_start"": 3, ""formal_end"": 3, ""informal_start"": 3, ""informal_end"": 4}]",reviewed,,false,ambiguous_language_seed_lookup,2026-08-12T14:47:48.673123+00:00
344:9,344,9,ma,ma,ma,DET,wo,wo,UNKNOWN,no,identity,"[""identity""]",[],reviewed,,false,ambiguous_language_seed_lookup,2026-08-12T14:48:16.534992+00:00
345:2,345,2,niata,ñaata,ñaata,ADV,wo,wo,UNKNOWN,no,diacritic,"[""diacritic"", ""substitution"", ""phonetic_spelling""]","[{""operation"": ""replace"", ""formal_text"": ""ña"", ""informal_text"": ""ni"", ""formal_start"": 0, ""formal_end"": 2, ""informal_start"": 0, ""informal_end"": 2}]",reviewed,,false,seed_lookup,2026-08-12T14:48:25.086167+00:00
346:2,346,2,mi,mi,mi,UNKNOWN,wo,wo,UNKNOWN,no,identity,"[""identity""]",[],reviewed,,false,ambiguous_language_seed_lookup,2026-08-12T14:48:39.771065+00:00
348:2,348,2,mi,mi,mi,UNKNOWN,wo,wo,UNKNOWN,no,identity,"[""identity""]",[],reviewed,AUTO_CONFIRMED_MAPPING_DEFAULT,false,confirmed_mapping_default,2026-08-12T14:48:39.773931+00:00
3543:12,3543,12,mi,mi,mi,UNKNOWN,wo,wo,UNKNOWN,no,identity,"[""identity""]",[],reviewed,AUTO_CONFIRMED_MAPPING_DEFAULT,false,confirmed_mapping_default,2026-08-12T14:48:39.775949+00:00
5891:4,5891,4,mi,mi,mi,UNKNOWN,wo,wo,UNKNOWN,no,identity,"[""identity""]",[],reviewed,AUTO_CONFIRMED_MAPPING_DEFAULT,false,confirmed_mapping_default,2026-08-12T14:48:39.777931+00:00
5934:3,5934,3,mi,mi,mi,UNKNOWN,wo,wo,UNKNOWN,no,identity,"[""identity""]",[],reviewed,AUTO_CONFIRMED_MAPPING_DEFAULT,false,confirmed_mapping_default,2026-08-12T14:48:39.778946+00:00
346:3,346,3,féthe,fecc,fecc,VERB,wo,wo,UNKNOWN,no,diacritic,"[""diacritic"", ""deletion"", ""insertion""]","[{""operation"": ""insert"", ""formal_text"": """", ""informal_text"": ""éth"", ""formal_start"": 1, ""formal_end"": 1, ""informal_start"": 1, ""informal_end"": 4}, {""operation"": ""delete"", ""formal_text"": ""cc"", ""informal_text"": """", ""formal_start"": 2, ""formal_end"": 4, ""informal_start"": 5, ""informal_end"": 5}]",reviewed,,false,seed_lookup,2026-08-12T14:48:50.891130+00:00
346:4,346,4,ba,ba,ba,ADP,wo,wo,UNKNOWN,no,identity,"[""identity""]",[],reviewed,,false,ambiguous_language_seed_lookup,2026-08-12T14:49:27.820578+00:00
346:5,346,5,paré,pare,pare,VERB,wo,wo,UNKNOWN,no,diacritic,"[""diacritic"", ""phonetic_spelling""]","[{""operation"": ""replace"", ""formal_text"": ""e"", ""informal_text"": ""é"", ""formal_start"": 3, ""formal_end"": 4, ""informal_start"": 3, ""informal_end"": 4}]",uncertain,,false,ambiguous_language_seed_lookup,2026-08-12T14:49:42.146827+00:00
346:6,346,6,tok,toog,toog,VERB,wo,wo,UNKNOWN,no,substitution,"[""substitution""]","[{""operation"": ""replace"", ""formal_text"": ""og"", ""informal_text"": ""k"", ""formal_start"": 2, ""formal_end"": 4, ""informal_start"": 2, ""informal_end"": 3}]",reviewed,,false,seed_lookup,2026-08-12T14:49:51.118488+00:00
346:7,346,7,ni,ne,ne,VERB,wo,wo,UNKNOWN,no,substitution,"[""substitution""]","[{""operation"": ""replace"", ""formal_text"": ""e"", ""informal_text"": ""i"", ""formal_start"": 1, ""formal_end"": 2, ""informal_start"": 1, ""informal_end"": 2}]",reviewed,,false,ambiguous_language_seed_lookup,2026-08-12T14:50:53.266205+00:00
346:8,346,8,day,day,day,VERB,wo,wo,UNKNOWN,no,identity,"[""identity""]",[],reviewed,,false,seed_lookup,2026-08-12T14:51:02.487640+00:00
346:9,346,9,dioy,jooy,jooy,VERB,wo,wo,UNKNOWN,no,substitution,"[""substitution"", ""phonetic_spelling""]","[{""operation"": ""replace"", ""formal_text"": ""jo"", ""informal_text"": ""di"", ""formal_start"": 0, ""formal_end"": 2, ""informal_start"": 0, ""informal_end"": 2}]",reviewed,,false,seed_lookup,2026-08-12T14:51:17.019916+00:00
347:0,347,0,mo,mo,mo,INTJ,wo,wo,UNKNOWN,no,identity,"[""identity""]",[],reviewed,,true,manual,2026-08-12T14:52:58.457746+00:00
347:1,347,1,diarna,jar na,,UNKNOWN,wo,wo,UNKNOWN,no,spacing_merge,"[""spacing_merge"", ""substitution"", ""phonetic_spelling""]","[{""operation"": ""replace"", ""formal_text"": ""j"", ""informal_text"": ""di"", ""formal_start"": 0, ""formal_end"": 1, ""informal_start"": 0, ""informal_end"": 2}, {""operation"": ""delete"", ""formal_text"": "" "", ""informal_text"": """", ""formal_start"": 3, ""formal_end"": 4, ""informal_start"": 4, ""informal_end"": 4}]",reviewed,,true,manual,2026-08-12T14:53:11.950472+00:00
347:2,347,2,lathe,laajte,laajte,VERB,wo,wo,UNKNOWN,no,deletion,"[""deletion"", ""insertion""]","[{""operation"": ""delete"", ""formal_text"": ""aj"", ""informal_text"": """", ""formal_start"": 2, ""formal_end"": 4, ""informal_start"": 2, ""informal_end"": 2}, {""operation"": ""insert"", ""formal_text"": """", ""informal_text"": ""h"", ""formal_start"": 5, ""formal_end"": 5, ""informal_start"": 3, ""informal_end"": 4}]",reviewed,,false,seed_lookup,2026-08-12T14:59:27.245053+00:00
347:3,347,3,dal,daal,daal,UNKNOWN,wo,wo,UNKNOWN,no,deletion,"[""deletion"", ""phonetic_spelling""]","[{""operation"": ""delete"", ""formal_text"": ""a"", ""informal_text"": """", ""formal_start"": 2, ""formal_end"": 3, ""informal_start"": 2, ""informal_end"": 2}]",reviewed,,true,manual,2026-08-12T15:00:47.071784+00:00
348:3,348,3,yennneu,yeen,yeen,PRON,wo,wo,UNKNOWN,no,repetition,"[""repetition"", ""insertion"", ""substitution""]","[{""operation"": ""insert"", ""formal_text"": """", ""informal_text"": ""nnn"", ""formal_start"": 2, ""formal_end"": 2, ""informal_start"": 2, ""informal_end"": 5}, {""operation"": ""replace"", ""formal_text"": ""n"", ""informal_text"": ""u"", ""formal_start"": 3, ""formal_end"": 4, ""informal_start"": 6, ""informal_end"": 7}]",reviewed,,false,seed_lookup,2026-08-12T15:00:58.050941+00:00
348:4,348,4,warou,waaru,waaru,VERB,wo,wo,UNKNOWN,no,deletion,"[""deletion"", ""insertion"", ""phonetic_spelling""]","[{""operation"": ""delete"", ""formal_text"": ""a"", ""informal_text"": """", ""formal_start"": 2, ""formal_end"": 3, ""informal_start"": 2, ""informal_end"": 2}, {""operation"": ""insert"", ""formal_text"": """", ""informal_text"": ""o"", ""formal_start"": 4, ""formal_end"": 4, ""informal_start"": 3, ""informal_end"": 4}]",reviewed,,false,seed_lookup,2026-08-12T15:01:08.092730+00:00
348:5,348,5,wolen,woo leen,,UNKNOWN,wo,wo,UNKNOWN,no,spacing_merge,"[""spacing_merge"", ""abbreviation"", ""deletion""]","[{""operation"": ""delete"", ""formal_text"": ""o "", ""informal_text"": """", ""formal_start"": 2, ""formal_end"": 4, ""informal_start"": 2, ""informal_end"": 2}, {""operation"": ""delete"", ""formal_text"": ""e"", ""informal_text"": """", ""formal_start"": 6, ""formal_end"": 7, ""informal_start"": 4, ""informal_end"": 4}]",reviewed,,true,manual,2026-08-12T15:01:16.386438+00:00
348:6,348,6,si,si,si,UNKNOWN,wo,wo,UNKNOWN,no,identity,"[""identity""]",[],reviewed,,false,ambiguous_language_seed_lookup,2026-08-12T15:01:52.354682+00:00
348:7,348,7,mome,moom,moom,PRON,wo,wo,UNKNOWN,no,deletion,"[""deletion"", ""insertion"", ""phonetic_spelling""]","[{""operation"": ""delete"", ""formal_text"": ""o"", ""informal_text"": """", ""formal_start"": 2, ""formal_end"": 3, ""informal_start"": 2, ""informal_end"": 2}, {""operation"": ""insert"", ""formal_text"": """", ""informal_text"": ""e"", ""formal_start"": 4, ""formal_end"": 4, ""informal_start"": 3, ""informal_end"": 4}]",reviewed,,false,seed_lookup,2026-08-12T15:02:03.116889+00:00
349:1,349,1,khôl,xol,xol,NOUN,wo,wo,UNKNOWN,no,diacritic,"[""diacritic"", ""substitution""]","[{""operation"": ""replace"", ""formal_text"": ""xo"", ""informal_text"": ""khô"", ""formal_start"": 0, ""formal_end"": 2, ""informal_start"": 0, ""informal_end"": 3}]",reviewed,,false,seed_lookup,2026-08-12T15:02:16.914164+00:00
349:3,349,3,jalika,jalika,jalika,PROPN,unknown,unknown,PERSON,yes,identity,"[""identity""]",[],reviewed,,true,manual,2026-08-12T15:02:26.634805+00:00
349:4,349,4,dinako,di naa ko,,UNKNOWN,wo,wo,UNKNOWN,no,spacing_merge,"[""spacing_merge"", ""deletion""]","[{""operation"": ""delete"", ""formal_text"": "" "", ""informal_text"": """", ""formal_start"": 2, ""formal_end"": 3, ""informal_start"": 2, ""informal_end"": 2}, {""operation"": ""delete"", ""formal_text"": ""a "", ""informal_text"": """", ""formal_start"": 5, ""formal_end"": 7, ""informal_start"": 4, ""informal_end"": 4}]",reviewed,,true,manual,2026-08-12T15:02:37.642046+00:00
349:5,349,5,guéné,génne,génne,VERB,wo,wo,UNKNOWN,no,diacritic,"[""diacritic"", ""insertion"", ""substitution"", ""phonetic_spelling""]","[{""operation"": ""insert"", ""formal_text"": """", ""informal_text"": ""u"", ""formal_start"": 1, ""formal_end"": 1, ""informal_start"": 1, ""informal_end"": 2}, {""operation"": ""replace"", ""formal_text"": ""ne"", ""informal_text"": ""é"", ""formal_start"": 3, ""formal_end"": 5, ""informal_start"": 4, ""informal_end"": 5}]",reviewed,,false,seed_lookup,2026-08-12T15:02:49.955436+00:00
349:7,349,7,weursseuk,wërsëg,wërsëg,NOUN,wo,wo,UNKNOWN,no,diacritic,"[""diacritic"", ""substitution""]","[{""operation"": ""replace"", ""formal_text"": ""ë"", ""informal_text"": ""eu"", ""formal_start"": 1, ""formal_end"": 2, ""informal_start"": 1, ""informal_end"": 3}, {""operation"": ""replace"", ""formal_text"": ""ëg"", ""informal_text"": ""seuk"", ""formal_start"": 4, ""formal_end"": 6, ""informal_start"": 5, ""informal_end"": 9}]",reviewed,,false,seed_lookup,2026-08-12T15:02:56.777818+00:00
349:8,349,8,tchimm,cim,cim,INTJ,wo,wo,UNKNOWN,no,repetition,"[""repetition"", ""insertion"", ""phonetic_spelling""]","[{""operation"": ""insert"", ""formal_text"": """", ""informal_text"": ""t"", ""formal_start"": 0, ""formal_end"": 0, ""informal_start"": 0, ""informal_end"": 1}, {""operation"": ""insert"", ""formal_text"": """", ""informal_text"": ""h"", ""formal_start"": 1, ""formal_end"": 1, ""informal_start"": 2, ""informal_end"": 3}, {""operation"": ""insert"", ""formal_text"": """", ""informal_text"": ""m"", ""formal_start"": 3, ""formal_end"": 3, ""informal_start"": 5, ""informal_end"": 6}]",reviewed,,false,seed_lookup,2026-08-12T15:03:18.164487+00:00
351:1,351,1,key,key,key,UNKNOWN,wo,wo,UNKNOWN,no,identity,"[""identity""]",[],reviewed,,true,manual,2026-08-12T15:03:31.580618+00:00
402:2,402,2,key,key,key,UNKNOWN,wo,wo,UNKNOWN,no,identity,"[""identity""]",[],reviewed,AUTO_IDENTITY_LOOKUP,false,curated_lookup,2026-08-12T15:03:31.585633+00:00
351:2,351,2,sohna,sohna,sohna,PROPN,unknown,unknown,PERSON,yes,identity,"[""identity""]",[],reviewed,,true,manual,2026-08-12T15:03:39.680355+00:00
351:3,351,3,dialika,dialika,dialika,PROPN,unknown,unknown,PERSON,yes,identity,"[""identity""]",[],reviewed,,true,manual,2026-08-12T15:03:45.005307+00:00
373:1,373,1,dialika,dialika,dialika,PROPN,unknown,unknown,PERSON,yes,identity,"[""identity""]",[],reviewed,AUTO_IDENTITY_LOOKUP,false,curated_lookup,2026-08-12T15:03:45.008309+00:00
437:1,437,1,dialika,dialika,dialika,PROPN,unknown,unknown,PERSON,yes,identity,"[""identity""]",[],reviewed,AUTO_IDENTITY_LOOKUP,false,curated_lookup,2026-08-12T15:03:45.010305+00:00
476:6,476,6,dialika,dialika,dialika,PROPN,unknown,unknown,PERSON,yes,identity,"[""identity""]",[],reviewed,AUTO_IDENTITY_LOOKUP,false,curated_lookup,2026-08-12T15:03:45.012305+00:00
351:4,351,4,nanga,na nga,,UNKNOWN,wo,wo,UNKNOWN,no,spacing_merge,"[""spacing_merge"", ""phonetic_spelling""]","[{""operation"": ""delete"", ""formal_text"": "" "", ""informal_text"": """", ""formal_start"": 2, ""formal_end"": 3, ""informal_start"": 2, ""informal_end"": 2}]",reviewed,,true,manual,2026-08-12T15:03:59.379595+00:00
351:5,351,5,féhé,fexe,fexe,VERB,wo,wo,UNKNOWN,no,diacritic,"[""diacritic"", ""substitution""]","[{""operation"": ""replace"", ""formal_text"": ""exe"", ""informal_text"": ""éhé"", ""formal_start"": 1, ""formal_end"": 4, ""informal_start"": 1, ""informal_end"": 4}]",reviewed,,false,seed_lookup,2026-08-12T15:04:19.867405+00:00
351:6,351,6,ba,ba,ba,ADP,wo,wo,UNKNOWN,no,identity,"[""identity""]",[],reviewed,,false,ambiguous_language_seed_lookup,2026-08-12T15:04:31.904589+00:00
405:5,405,5,ba,ba,ba,ADP,wo,wo,UNKNOWN,no,identity,"[""identity""]",[],reviewed,AUTO_CONFIRMED_MAPPING_DEFAULT,false,confirmed_mapping_default,2026-08-12T15:04:31.908587+00:00
476:2,476,2,ba,ba,ba,ADP,wo,wo,UNKNOWN,no,identity,"[""identity""]",[],reviewed,AUTO_CONFIRMED_MAPPING_DEFAULT,false,confirmed_mapping_default,2026-08-12T15:04:31.909610+00:00
351:7,351,7,linga,li nga,,UNKNOWN,wo,wo,UNKNOWN,no,spacing_merge,"[""spacing_merge""]","[{""operation"": ""delete"", ""formal_text"": "" "", ""informal_text"": """", ""formal_start"": 2, ""formal_end"": 3, ""informal_start"": 2, ""informal_end"": 2}]",reviewed,,true,manual,2026-08-12T15:04:42.301080+00:00
351:10,351,10,yéggali,yeggali,yeggali,VERB,wo,wo,UNKNOWN,no,diacritic,"[""diacritic""]","[{""operation"": ""replace"", ""formal_text"": ""e"", ""informal_text"": ""é"", ""formal_start"": 1, ""formal_end"": 2, ""informal_start"": 1, ""informal_end"": 2}]",reviewed,,false,seed_lookup,2026-08-12T15:08:14.878399+00:00
351:12,351,12,balaa,bala,bala,ADP,wo,wo,UNKNOWN,no,repetition,"[""repetition"", ""insertion""]","[{""operation"": ""insert"", ""formal_text"": """", ""informal_text"": ""a"", ""formal_start"": 4, ""formal_end"": 4, ""informal_start"": 4, ""informal_end"": 5}]",reviewed,,false,seed_lookup,2026-08-16T17:35:11.173164+00:00
351:13,351,13,mouy,muy,muy,X,wo,wo,UNKNOWN,no,insertion,"[""insertion"", ""phonetic_spelling""]","[{""operation"": ""insert"", ""formal_text"": """", ""informal_text"": ""o"", ""formal_start"": 1, ""formal_end"": 1, ""informal_start"": 1, ""informal_end"": 2}]",reviewed,,false,seed_lookup,2026-08-16T17:35:32.398120+00:00
351:14,351,14,heuy,xéy,xéy,VERB,wo,wo,UNKNOWN,no,diacritic,"[""diacritic"", ""substitution"", ""phonetic_spelling""]","[{""operation"": ""replace"", ""formal_text"": ""xé"", ""informal_text"": ""heu"", ""formal_start"": 0, ""formal_end"": 2, ""informal_start"": 0, ""informal_end"": 3}]",reviewed,,false,seed_lookup,2026-08-16T17:35:51.322975+00:00
351:15,351,15,béne,benn,benn,NOUN,wo,wo,UNKNOWN,no,diacritic,"[""diacritic"", ""deletion"", ""insertion"", ""phonetic_spelling""]","[{""operation"": ""insert"", ""formal_text"": """", ""informal_text"": ""én"", ""formal_start"": 1, ""formal_end"": 1, ""informal_start"": 1, ""informal_end"": 3}, {""operation"": ""delete"", ""formal_text"": ""nn"", ""informal_text"": """", ""formal_start"": 2, ""formal_end"": 4, ""informal_start"": 4, ""informal_end"": 4}]",reviewed,,false,seed_lookup,2026-08-16T17:36:00.109179+00:00
351:17,351,17,nguen,ngeen,ngeen,PRON,wo,wo,UNKNOWN,no,substitution,"[""substitution"", ""phonetic_spelling""]","[{""operation"": ""replace"", ""formal_text"": ""e"", ""informal_text"": ""u"", ""formal_start"": 2, ""formal_end"": 3, ""informal_start"": 2, ""informal_end"": 3}]",reviewed,,false,seed_lookup,2026-08-16T17:36:13.459349+00:00
351:18,351,18,dioté,jote,jote,VERB,wo,wo,UNKNOWN,no,diacritic,"[""diacritic"", ""substitution"", ""phonetic_spelling""]","[{""operation"": ""replace"", ""formal_text"": ""j"", ""informal_text"": ""di"", ""formal_start"": 0, ""formal_end"": 1, ""informal_start"": 0, ""informal_end"": 2}, {""operation"": ""replace"", ""formal_text"": ""e"", ""informal_text"": ""é"", ""formal_start"": 3, ""formal_end"": 4, ""informal_start"": 4, ""informal_end"": 5}]",reviewed,,false,seed_lookup,2026-08-16T17:36:26.938405+00:00
351:19,351,19,moulay,mu lay,,UNKNOWN,wo,wo,UNKNOWN,no,spacing_merge,"[""spacing_merge"", ""insertion""]","[{""operation"": ""insert"", ""formal_text"": """", ""informal_text"": ""o"", ""formal_start"": 1, ""formal_end"": 1, ""informal_start"": 1, ""informal_end"": 2}, {""operation"": ""delete"", ""formal_text"": "" "", ""informal_text"": """", ""formal_start"": 2, ""formal_end"": 3, ""informal_start"": 3, ""informal_end"": 3}]",reviewed,,true,manual,2026-08-16T17:36:43.098066+00:00
351:20,351,20,hass,xas,xas,VERB,wo,wo,UNKNOWN,no,repetition,"[""repetition"", ""insertion"", ""substitution""]","[{""operation"": ""replace"", ""formal_text"": ""x"", ""informal_text"": ""h"", ""formal_start"": 0, ""formal_end"": 1, ""informal_start"": 0, ""informal_end"": 1}, {""operation"": ""insert"", ""formal_text"": """", ""informal_text"": ""s"", ""formal_start"": 3, ""formal_end"": 3, ""informal_start"": 3, ""informal_end"": 4}]",reviewed,,false,seed_lookup,2026-08-16T17:36:56.438896+00:00
354:0,354,0,wooooouuuyaaayyyy,wuyyay,wuyyay,INTJ,wo,wo,UNKNOWN,no,repetition,"[""repetition"", ""insertion"", ""substitution""]","[{""operation"": ""insert"", ""formal_text"": """", ""informal_text"": ""ooooouu"", ""formal_start"": 1, ""formal_end"": 1, ""informal_start"": 1, ""informal_end"": 8}, {""operation"": ""replace"", ""formal_text"": ""y"", ""informal_text"": ""aa"", ""formal_start"": 3, ""formal_end"": 4, ""informal_start"": 10, ""informal_end"": 12}, {""operation"": ""insert"", ""formal_text"": """", ""informal_text"": ""yyy"", ""formal_start"": 6, ""formal_end"": 6, ""informal_start"": 14, ""informal_end"": 17}]",reviewed,,true,manual,2026-08-16T17:38:10.797051+00:00
354:1,354,1,yooooyyyy,yooy,yooy,VERB,wo,wo,UNKNOWN,no,repetition,"[""repetition"", ""insertion""]","[{""operation"": ""insert"", ""formal_text"": """", ""informal_text"": ""oo"", ""formal_start"": 3, ""formal_end"": 3, ""informal_start"": 3, ""informal_end"": 5}, {""operation"": ""insert"", ""formal_text"": """", ""informal_text"": ""yyy"", ""formal_start"": 4, ""formal_end"": 4, ""informal_start"": 6, ""informal_end"": 9}]",reviewed,,false,seed_lookup,2026-08-16T17:38:35.848168+00:00
354:2,354,2,ndidiaye,nijaay,nijaay,NOUN,wo,wo,UNKNOWN,no,insertion,"[""insertion"", ""substitution""]","[{""operation"": ""insert"", ""formal_text"": """", ""informal_text"": ""d"", ""formal_start"": 1, ""formal_end"": 1, ""informal_start"": 1, ""informal_end"": 2}, {""operation"": ""replace"", ""formal_text"": ""ja"", ""informal_text"": ""di"", ""formal_start"": 2, ""formal_end"": 4, ""informal_start"": 3, ""informal_end"": 5}, {""operation"": ""insert"", ""formal_text"": """", ""informal_text"": ""e"", ""formal_start"": 6, ""formal_end"": 6, ""informal_start"": 7, ""informal_end"": 8}]",reviewed,,false,seed_lookup,2026-08-16T17:38:49.230768+00:00
354:4,354,4,neina,nee na,,UNKNOWN,wo,wo,UNKNOWN,no,spacing_merge,"[""spacing_merge"", ""substitution"", ""phonetic_spelling""]","[{""operation"": ""replace"", ""formal_text"": ""e "", ""informal_text"": ""i"", ""formal_start"": 2, ""formal_end"": 4, ""informal_start"": 2, ""informal_end"": 3}]",reviewed,,true,manual,2026-08-16T17:39:00.172462+00:00
354:5,354,5,bbeiii,bbeiii,bbeiii,UNKNOWN,unknown,unknown,UNKNOWN,uncertain,identity,"[""identity""]",[],uncertain,,true,manual,2026-08-16T17:39:15.710210+00:00
354:7,354,7,mangui,ma ngi,,UNKNOWN,wo,wo,UNKNOWN,no,spacing_merge,"[""spacing_merge"", ""insertion""]","[{""operation"": ""delete"", ""formal_text"": "" "", ""informal_text"": """", ""formal_start"": 2, ""formal_end"": 3, ""informal_start"": 2, ""informal_end"": 2}, {""operation"": ""insert"", ""formal_text"": """", ""informal_text"": ""u"", ""formal_start"": 5, ""formal_end"": 5, ""informal_start"": 4, ""informal_end"": 5}]",reviewed,,true,manual,2026-08-16T17:39:32.615120+00:00
354:8,354,8,dead,dead,dead,UNKNOWN,other,other,UNKNOWN,yes,identity,"[""identity""]",[],reviewed,,true,manual,2026-08-16T17:39:50.612440+00:00
355:2,355,2,guis,gis,gis,VERB,wo,wo,UNKNOWN,no,insertion,"[""insertion"", ""phonetic_spelling""]","[{""operation"": ""insert"", ""formal_text"": """", ""informal_text"": ""u"", ""formal_start"": 1, ""formal_end"": 1, ""informal_start"": 1, ""informal_end"": 2}]",uncertain,,false,ambiguous_language_seed_lookup,2026-08-16T17:40:05.370757+00:00
355:3,355,3,dognou,doo ñu,,UNKNOWN,wo,wo,UNKNOWN,no,diacritic,"[""diacritic"", ""spacing_merge"", ""deletion"", ""insertion""]","[{""operation"": ""insert"", ""formal_text"": """", ""informal_text"": ""gn"", ""formal_start"": 2, ""formal_end"": 2, ""informal_start"": 2, ""informal_end"": 4}, {""operation"": ""delete"", ""formal_text"": "" ñ"", ""informal_text"": """", ""formal_start"": 3, ""formal_end"": 5, ""informal_start"": 5, ""informal_end"": 5}]",reviewed,,true,manual,2026-08-16T17:40:19.789331+00:00
355:4,355,4,maye,may,may,VERB,wo,wo,UNKNOWN,no,insertion,"[""insertion""]","[{""operation"": ""insert"", ""formal_text"": """", ""informal_text"": ""e"", ""formal_start"": 3, ""formal_end"": 3, ""informal_start"": 3, ""informal_end"": 4}]",reviewed,,false,seed_lookup,2026-08-16T17:40:29.194585+00:00
355:5,355,5,diam,jàmm,jàmm,NOUN,wo,wo,UNKNOWN,no,diacritic,"[""diacritic"", ""deletion"", ""substitution"", ""phonetic_spelling""]","[{""operation"": ""replace"", ""formal_text"": ""jà"", ""informal_text"": ""dia"", ""formal_start"": 0, ""formal_end"": 2, ""informal_start"": 0, ""informal_end"": 3}, {""operation"": ""delete"", ""formal_text"": ""m"", ""informal_text"": """", ""formal_start"": 3, ""formal_end"": 4, ""informal_start"": 4, ""informal_end"": 4}]",reviewed,,false,seed_lookup,2026-08-16T17:40:36.631081+00:00
394:7,394,7,diam,jàmm,jàmm,NOUN,wo,wo,UNKNOWN,no,diacritic,"[""diacritic"", ""deletion"", ""substitution"", ""phonetic_spelling""]","[{""operation"": ""replace"", ""formal_text"": ""jà"", ""informal_text"": ""dia"", ""formal_start"": 0, ""formal_end"": 2, ""informal_start"": 0, ""informal_end"": 3}, {""operation"": ""delete"", ""formal_text"": ""m"", ""informal_text"": """", ""formal_start"": 3, ""formal_end"": 4, ""informal_start"": 4, ""informal_end"": 4}]",reviewed,AUTO_CONFIRMED_MAPPING_DEFAULT,false,confirmed_mapping_default,2026-08-16T17:40:36.634084+00:00
437:10,437,10,diam,jàmm,jàmm,NOUN,wo,wo,UNKNOWN,no,diacritic,"[""diacritic"", ""deletion"", ""substitution"", ""phonetic_spelling""]","[{""operation"": ""replace"", ""formal_text"": ""jà"", ""informal_text"": ""dia"", ""formal_start"": 0, ""formal_end"": 2, ""informal_start"": 0, ""informal_end"": 3}, {""operation"": ""delete"", ""formal_text"": ""m"", ""informal_text"": """", ""formal_start"": 3, ""formal_end"": 4, ""informal_start"": 4, ""informal_end"": 4}]",reviewed,AUTO_CONFIRMED_MAPPING_DEFAULT,false,confirmed_mapping_default,2026-08-16T17:40:36.636094+00:00
355:6,355,6,sheuut,séttétét,séttétét,INTJ,wo,wo,UNKNOWN,no,diacritic,"[""diacritic"", ""deletion"", ""substitution""]","[{""operation"": ""replace"", ""formal_text"": ""é"", ""informal_text"": ""heuu"", ""formal_start"": 1, ""formal_end"": 2, ""informal_start"": 1, ""informal_end"": 5}, {""operation"": ""delete"", ""formal_text"": ""tétét"", ""informal_text"": """", ""formal_start"": 3, ""formal_end"": 8, ""informal_start"": 6, ""informal_end"": 6}]",reviewed,,false,seed_lookup,2026-08-16T17:40:58.297863+00:00
355:7,355,7,akh,ak,ak,ADP,wo,wo,UNKNOWN,no,insertion,"[""insertion""]","[{""operation"": ""insert"", ""formal_text"": """", ""informal_text"": ""h"", ""formal_start"": 2, ""formal_end"": 2, ""informal_start"": 2, ""informal_end"": 3}]",reviewed,,false,seed_lookup,2026-08-16T17:41:10.429405+00:00
355:10,355,10,you,yu,yu,DET,wo,wo,UNKNOWN,no,insertion,"[""insertion"", ""phonetic_spelling""]","[{""operation"": ""insert"", ""formal_text"": """", ""informal_text"": ""o"", ""formal_start"": 1, ""formal_end"": 1, ""informal_start"": 1, ""informal_end"": 2}]",reviewed,,false,ambiguous_language_seed_lookup,2026-08-16T17:43:27.509940+00:00
355:11,355,11,gnaw,ñaaw,ñaaw,VERB,wo,wo,UNKNOWN,no,diacritic,"[""diacritic"", ""substitution"", ""phonetic_spelling""]","[{""operation"": ""replace"", ""formal_text"": ""ña"", ""informal_text"": ""gn"", ""formal_start"": 0, ""formal_end"": 2, ""informal_start"": 0, ""informal_end"": 2}]",reviewed,,false,seed_lookup,2026-08-16T17:43:36.999766+00:00
356:3,356,3,wëroul,wérul,wérul,VERB,wo,wo,UNKNOWN,no,insertion,"[""insertion"", ""substitution""]","[{""operation"": ""replace"", ""formal_text"": ""é"", ""informal_text"": ""ë"", ""formal_start"": 1, ""formal_end"": 2, ""informal_start"": 1, ""informal_end"": 2}, {""operation"": ""insert"", ""formal_text"": """", ""informal_text"": ""o"", ""formal_start"": 3, ""formal_end"": 3, ""informal_start"": 3, ""informal_end"": 4}]",reviewed,,true,manual,2026-08-16T17:43:58.542446+00:00
356:4,356,4,wayei,waaye,waaye,CCONJ,wo,wo,UNKNOWN,no,deletion,"[""deletion"", ""insertion""]","[{""operation"": ""delete"", ""formal_text"": ""a"", ""informal_text"": """", ""formal_start"": 1, ""formal_end"": 2, ""informal_start"": 1, ""informal_end"": 1}, {""operation"": ""insert"", ""formal_text"": """", ""informal_text"": ""i"", ""formal_start"": 5, ""formal_end"": 5, ""informal_start"": 4, ""informal_end"": 5}]",reviewed,,false,seed_lookup,2026-08-16T17:44:07.247650+00:00
356:7,356,7,yagui,yaa ngi,,UNKNOWN,wo,wo,UNKNOWN,no,spacing_merge,"[""spacing_merge"", ""deletion"", ""insertion""]","[{""operation"": ""delete"", ""formal_text"": ""a n"", ""informal_text"": """", ""formal_start"": 2, ""formal_end"": 5, ""informal_start"": 2, ""informal_end"": 2}, {""operation"": ""insert"", ""formal_text"": """", ""informal_text"": ""u"", ""formal_start"": 6, ""formal_end"": 6, ""informal_start"": 3, ""informal_end"": 4}]",reviewed,,true,curated_lookup,2026-08-16T17:44:15.827517+00:00
356:8,356,8,may,may,may,UNKNOWN,wo,wo,UNKNOWN,no,identity,"[""identity""]",[],reviewed,,false,seed_lookup,2026-08-16T17:44:28.708222+00:00
356:9,356,9,beug,bëgg,bëgg,VERB,wo,wo,UNKNOWN,no,diacritic,"[""diacritic"", ""deletion"", ""substitution"", ""phonetic_spelling""]","[{""operation"": ""replace"", ""formal_text"": ""ë"", ""informal_text"": ""eu"", ""formal_start"": 1, ""formal_end"": 2, ""informal_start"": 1, ""informal_end"": 3}, {""operation"": ""delete"", ""formal_text"": ""g"", ""informal_text"": """", ""formal_start"": 3, ""formal_end"": 4, ""informal_start"": 4, ""informal_end"": 4}]",reviewed,,false,seed_lookup,2026-08-16T17:44:41.108884+00:00
356:10,356,10,soff,soof,soof,VERB,wo,wo,UNKNOWN,no,repetition,"[""repetition"", ""deletion"", ""insertion"", ""phonetic_spelling""]","[{""operation"": ""delete"", ""formal_text"": ""o"", ""informal_text"": """", ""formal_start"": 2, ""formal_end"": 3, ""informal_start"": 2, ""informal_end"": 2}, {""operation"": ""insert"", ""formal_text"": """", ""informal_text"": ""f"", ""formal_start"": 4, ""formal_end"": 4, ""informal_start"": 3, ""informal_end"": 4}]",reviewed,,false,seed_lookup,2026-08-16T17:55:57.789605+00:00
356:11,356,11,nk,nak,nak,UNKNOWN,wo,wo,UNKNOWN,no,abbreviation,"[""abbreviation""]","[{""operation"": ""delete"", ""formal_text"": ""a"", ""informal_text"": """", ""formal_start"": 1, ""formal_end"": 2, ""informal_start"": 1, ""informal_end"": 1}]",reviewed,,true,curated_lookup,2026-08-16T17:56:17.878445+00:00
356:12,356,12,ish,ish,ish,INTJ,unknown,unknown,UNKNOWN,uncertain,identity,"[""identity""]",[],reviewed,,true,manual,2026-08-16T17:56:29.645774+00:00
357:1,357,1,thiamm,thiamm,thiamm,PROPN,unknown,unknown,PERSON,yes,identity,"[""identity""]",[],reviewed,,true,manual,2026-08-16T17:56:46.345935+00:00
357:2,357,2,soff,soof,soof,VERB,wo,wo,UNKNOWN,no,repetition,"[""repetition"", ""deletion"", ""insertion"", ""phonetic_spelling""]","[{""operation"": ""delete"", ""formal_text"": ""o"", ""informal_text"": """", ""formal_start"": 2, ""formal_end"": 3, ""informal_start"": 2, ""informal_end"": 2}, {""operation"": ""insert"", ""formal_text"": """", ""informal_text"": ""f"", ""formal_start"": 4, ""formal_end"": 4, ""informal_start"": 3, ""informal_end"": 4}]",reviewed,,false,seed_lookup,2026-08-16T17:57:01.944808+00:00
357:3,357,3,guama,nga ma,,UNKNOWN,wo,wo,UNKNOWN,no,spacing_merge,"[""spacing_merge"", ""deletion"", ""insertion""]","[{""operation"": ""delete"", ""formal_text"": ""n"", ""informal_text"": """", ""formal_start"": 0, ""formal_end"": 1, ""informal_start"": 0, ""informal_end"": 0}, {""operation"": ""insert"", ""formal_text"": """", ""informal_text"": ""u"", ""formal_start"": 2, ""formal_end"": 2, ""informal_start"": 1, ""informal_end"": 2}, {""operation"": ""delete"", ""formal_text"": "" "", ""informal_text"": """", ""formal_start"": 3, ""formal_end"": 4, ""informal_start"": 3, ""informal_end"": 3}]",reviewed,,true,manual,2026-08-16T17:57:11.314628+00:00
363:2,363,2,djiepy,jéppi,jéppi,VERB,wo,wo,UNKNOWN,no,diacritic,"[""diacritic"", ""insertion"", ""substitution""]","[{""operation"": ""insert"", ""formal_text"": """", ""informal_text"": ""d"", ""formal_start"": 0, ""formal_end"": 0, ""informal_start"": 0, ""informal_end"": 1}, {""operation"": ""replace"", ""formal_text"": ""é"", ""informal_text"": ""ie"", ""formal_start"": 1, ""formal_end"": 2, ""informal_start"": 2, ""informal_end"": 4}, {""operation"": ""replace"", ""formal_text"": ""pi"", ""informal_text"": ""y"", ""formal_start"": 3, ""formal_end"": 5, ""informal_start"": 5, ""informal_end"": 6}]",reviewed,,false,seed_lookup,2026-08-16T17:57:17.684616+00:00
363:3,363,3,nako,naa ko,,UNKNOWN,wo,wo,UNKNOWN,no,spacing_merge,"[""spacing_merge"", ""deletion""]","[{""operation"": ""delete"", ""formal_text"": ""a "", ""informal_text"": """", ""formal_start"": 2, ""formal_end"": 4, ""informal_start"": 2, ""informal_end"": 2}]",reviewed,,true,manual,2026-08-16T17:57:27.483062+00:00
364:0,364,0,ndidiaye,nijaay,nijaay,NOUN,wo,wo,UNKNOWN,no,insertion,"[""insertion"", ""substitution""]","[{""operation"": ""insert"", ""formal_text"": """", ""informal_text"": ""d"", ""formal_start"": 1, ""formal_end"": 1, ""informal_start"": 1, ""informal_end"": 2}, {""operation"": ""replace"", ""formal_text"": ""ja"", ""informal_text"": ""di"", ""formal_start"": 2, ""formal_end"": 4, ""informal_start"": 3, ""informal_end"": 5}, {""operation"": ""insert"", ""formal_text"": """", ""informal_text"": ""e"", ""formal_start"": 6, ""formal_end"": 6, ""informal_start"": 7, ""informal_end"": 8}]",reviewed,,false,seed_lookup,2026-08-16T17:57:33.585009+00:00
390:0,390,0,ndidiaye,nijaay,nijaay,NOUN,wo,wo,UNKNOWN,no,insertion,"[""insertion"", ""substitution""]","[{""operation"": ""insert"", ""formal_text"": """", ""informal_text"": ""d"", ""formal_start"": 1, ""formal_end"": 1, ""informal_start"": 1, ""informal_end"": 2}, {""operation"": ""replace"", ""formal_text"": ""ja"", ""informal_text"": ""di"", ""formal_start"": 2, ""formal_end"": 4, ""informal_start"": 3, ""informal_end"": 5}, {""operation"": ""insert"", ""formal_text"": """", ""informal_text"": ""e"", ""formal_start"": 6, ""formal_end"": 6, ""informal_start"": 7, ""informal_end"": 8}]",reviewed,AUTO_CONFIRMED_MAPPING_DEFAULT,false,confirmed_mapping_default,2026-08-16T17:57:33.589109+00:00
364:5,364,5,wakh,wax,wax,VERB,wo,wo,UNKNOWN,no,substitution,"[""substitution"", ""phonetic_spelling""]","[{""operation"": ""replace"", ""formal_text"": ""x"", ""informal_text"": ""kh"", ""formal_start"": 2, ""formal_end"": 3, ""informal_start"": 2, ""informal_end"": 4}]",reviewed,,false,ambiguous_language_seed_lookup,2026-08-16T17:57:56.293202+00:00
454:7,454,7,wakh,wax,wax,VERB,wo,wo,UNKNOWN,no,substitution,"[""substitution"", ""phonetic_spelling""]","[{""operation"": ""replace"", ""formal_text"": ""x"", ""informal_text"": ""kh"", ""formal_start"": 2, ""formal_end"": 3, ""informal_start"": 2, ""informal_end"": 4}]",reviewed,AUTO_CONFIRMED_MAPPING_DEFAULT,false,confirmed_mapping_default,2026-08-16T17:57:56.297314+00:00
458:7,458,7,wakh,wax,wax,VERB,wo,wo,UNKNOWN,no,substitution,"[""substitution"", ""phonetic_spelling""]","[{""operation"": ""replace"", ""formal_text"": ""x"", ""informal_text"": ""kh"", ""formal_start"": 2, ""formal_end"": 3, ""informal_start"": 2, ""informal_end"": 4}]",reviewed,AUTO_CONFIRMED_MAPPING_DEFAULT,false,confirmed_mapping_default,2026-08-16T17:57:56.298203+00:00
462:7,462,7,wakh,wax,wax,VERB,wo,wo,UNKNOWN,no,substitution,"[""substitution"", ""phonetic_spelling""]","[{""operation"": ""replace"", ""formal_text"": ""x"", ""informal_text"": ""kh"", ""formal_start"": 2, ""formal_end"": 3, ""informal_start"": 2, ""informal_end"": 4}]",reviewed,AUTO_CONFIRMED_MAPPING_DEFAULT,false,confirmed_mapping_default,2026-08-16T17:57:56.300329+00:00
3592:2,3592,2,wakh,wax,wax,VERB,wo,wo,UNKNOWN,no,substitution,"[""substitution"", ""phonetic_spelling""]","[{""operation"": ""replace"", ""formal_text"": ""x"", ""informal_text"": ""kh"", ""formal_start"": 2, ""formal_end"": 3, ""informal_start"": 2, ""informal_end"": 4}]",reviewed,AUTO_CONFIRMED_MAPPING_DEFAULT,false,confirmed_mapping_default,2026-08-16T17:57:56.301205+00:00
364:7,364,7,ma,maa,maa,UNKNOWN,wo,wo,UNKNOWN,no,deletion,"[""deletion""]","[{""operation"": ""delete"", ""formal_text"": ""a"", ""informal_text"": """", ""formal_start"": 2, ""formal_end"": 3, ""informal_start"": 2, ""informal_end"": 2}]",reviewed,,true,seed_lookup,2026-08-16T17:58:06.902265+00:00
364:8,364,8,dégoul,déggul,déggul,VERB,wo,wo,UNKNOWN,no,substitution,"[""substitution"", ""phonetic_spelling""]","[{""operation"": ""replace"", ""formal_text"": ""g"", ""informal_text"": ""o"", ""formal_start"": 3, ""formal_end"": 4, ""informal_start"": 3, ""informal_end"": 4}]",reviewed,,true,manual,2026-08-16T17:58:19.618692+00:00
365:3,365,3,daguene,dangeen,dangeen,X,wo,wo,UNKNOWN,no,deletion,"[""deletion"", ""insertion"", ""substitution""]","[{""operation"": ""delete"", ""formal_text"": ""n"", ""informal_text"": """", ""formal_start"": 2, ""formal_end"": 3, ""informal_start"": 2, ""informal_end"": 2}, {""operation"": ""replace"", ""formal_text"": ""e"", ""informal_text"": ""u"", ""formal_start"": 4, ""formal_end"": 5, ""informal_start"": 3, ""informal_end"": 4}, {""operation"": ""insert"", ""formal_text"": """", ""informal_text"": ""e"", ""formal_start"": 7, ""formal_end"": 7, ""informal_start"": 6, ""informal_end"": 7}]",reviewed,,false,seed_lookup,2026-08-16T17:58:29.472434+00:00
365:4,365,4,kofi,ko fi,,UNKNOWN,wo,wo,UNKNOWN,no,spacing_merge,"[""spacing_merge""]","[{""operation"": ""delete"", ""formal_text"": "" "", ""informal_text"": """", ""formal_start"": 2, ""formal_end"": 3, ""informal_start"": 2, ""informal_end"": 2}]",reviewed,,true,manual,2026-08-16T17:58:36.218786+00:00
365:5,365,5,bayi,bàyyi,bàyyi,VERB,wo,wo,UNKNOWN,no,diacritic,"[""diacritic"", ""substitution""]","[{""operation"": ""replace"", ""formal_text"": ""ày"", ""informal_text"": ""a"", ""formal_start"": 1, ""formal_end"": 3, ""informal_start"": 1, ""informal_end"": 2}]",reviewed,,false,seed_lookup,2026-08-16T17:58:47.772243+00:00
365:6,365,6,pour,pour,pour,ADP,fr,fr,UNKNOWN,yes,identity,"[""identity""]",[],reviewed,,false,french_seed_lookup,2026-08-16T17:58:56.355520+00:00
455:6,455,6,pour,pour,pour,ADP,fr,fr,UNKNOWN,yes,identity,"[""identity""]",[],reviewed,AUTO_CONFIRMED_MAPPING_DEFAULT,false,confirmed_mapping_default,2026-08-16T17:58:56.359536+00:00
487:0,487,0,pour,pour,pour,ADP,fr,fr,UNKNOWN,yes,identity,"[""identity""]",[],reviewed,AUTO_CONFIRMED_MAPPING_DEFAULT,false,confirmed_mapping_default,2026-08-16T17:58:56.360518+00:00
3557:3,3557,3,pour,pour,pour,ADP,fr,fr,UNKNOWN,yes,identity,"[""identity""]",[],reviewed,AUTO_CONFIRMED_MAPPING_DEFAULT,false,confirmed_mapping_default,2026-08-16T17:58:56.362535+00:00
3579:7,3579,7,pour,pour,pour,ADP,fr,fr,UNKNOWN,yes,identity,"[""identity""]",[],reviewed,AUTO_CONFIRMED_MAPPING_DEFAULT,false,confirmed_mapping_default,2026-08-16T17:58:56.363534+00:00
365:7,365,7,moumay,mu may,,UNKNOWN,wo,wo,UNKNOWN,no,spacing_merge,"[""spacing_merge"", ""insertion""]","[{""operation"": ""insert"", ""formal_text"": """", ""informal_text"": ""o"", ""formal_start"": 1, ""formal_end"": 1, ""informal_start"": 1, ""informal_end"": 2}, {""operation"": ""delete"", ""formal_text"": "" "", ""informal_text"": """", ""formal_start"": 2, ""formal_end"": 3, ""informal_start"": 3, ""informal_end"": 3}]",reviewed,,true,manual,2026-08-16T17:59:12.687720+00:00
365:8,365,8,metital,mettital,mettital,VERB,wo,wo,UNKNOWN,no,deletion,"[""deletion""]","[{""operation"": ""delete"", ""formal_text"": ""t"", ""informal_text"": """", ""formal_start"": 2, ""formal_end"": 3, ""informal_start"": 2, ""informal_end"": 2}]",reviewed,,true,manual,2026-08-16T17:59:41.344946+00:00
368:2,368,2,khamoul,xamul,xamul,VERB,wo,wo,UNKNOWN,no,insertion,"[""insertion"", ""substitution""]","[{""operation"": ""replace"", ""formal_text"": ""x"", ""informal_text"": ""kh"", ""formal_start"": 0, ""formal_end"": 1, ""informal_start"": 0, ""informal_end"": 2}, {""operation"": ""insert"", ""formal_text"": """", ""informal_text"": ""o"", ""formal_start"": 3, ""formal_end"": 3, ""informal_start"": 4, ""informal_end"": 5}]",reviewed,,true,manual,2026-08-16T17:59:59.762881+00:00
368:3,368,3,bopam,boppam,boppam,UNKNOWN,wo,wo,UNKNOWN,no,deletion,"[""deletion""]","[{""operation"": ""delete"", ""formal_text"": ""p"", ""informal_text"": """", ""formal_start"": 3, ""formal_end"": 4, ""informal_start"": 3, ""informal_end"": 3}]",reviewed,,true,manual,2026-08-16T18:00:31.087902+00:00
369:0,369,0,kham,xam,xam,VERB,wo,wo,UNKNOWN,no,substitution,"[""substitution"", ""phonetic_spelling""]","[{""operation"": ""replace"", ""formal_text"": ""x"", ""informal_text"": ""kh"", ""formal_start"": 0, ""formal_end"": 1, ""informal_start"": 0, ""informal_end"": 2}]",reviewed,,false,seed_lookup,2026-08-16T18:00:42.550951+00:00
369:2,369,2,loutakh,lu tax,,UNKNOWN,wo,wo,UNKNOWN,no,spacing_merge,"[""spacing_merge"", ""insertion"", ""substitution"", ""phonetic_spelling""]","[{""operation"": ""insert"", ""formal_text"": """", ""informal_text"": ""o"", ""formal_start"": 1, ""formal_end"": 1, ""informal_start"": 1, ""informal_end"": 2}, {""operation"": ""delete"", ""formal_text"": "" "", ""informal_text"": """", ""formal_start"": 2, ""formal_end"": 3, ""informal_start"": 3, ""informal_end"": 3}, {""operation"": ""replace"", ""formal_text"": ""x"", ""informal_text"": ""kh"", ""formal_start"": 5, ""formal_end"": 6, ""informal_start"": 5, ""informal_end"": 7}]",reviewed,,true,manual,2026-08-16T18:00:52.489060+00:00
369:3,369,3,khaleyou,xalé yu,,UNKNOWN,wo,wo,UNKNOWN,no,diacritic,"[""diacritic"", ""spacing_merge"", ""insertion"", ""substitution"", ""phonetic_spelling""]","[{""operation"": ""replace"", ""formal_text"": ""x"", ""informal_text"": ""kh"", ""formal_start"": 0, ""formal_end"": 1, ""informal_start"": 0, ""informal_end"": 2}, {""operation"": ""replace"", ""formal_text"": ""é "", ""informal_text"": ""e"", ""formal_start"": 3, ""formal_end"": 5, ""informal_start"": 4, ""informal_end"": 5}, {""operation"": ""insert"", ""formal_text"": """", ""informal_text"": ""o"", ""formal_start"": 6, ""formal_end"": 6, ""informal_start"": 6, ""informal_end"": 7}]",reviewed,,true,manual,2026-08-16T18:01:10.776838+00:00
369:4,369,4,djguen,jigéen,jigéen,NOUN,wo,wo,UNKNOWN,no,diacritic,"[""diacritic"", ""deletion"", ""insertion"", ""substitution""]","[{""operation"": ""insert"", ""formal_text"": """", ""informal_text"": ""d"", ""formal_start"": 0, ""formal_end"": 0, ""informal_start"": 0, ""informal_end"": 1}, {""operation"": ""delete"", ""formal_text"": ""i"", ""informal_text"": """", ""formal_start"": 1, ""formal_end"": 2, ""informal_start"": 2, ""informal_end"": 2}, {""operation"": ""replace"", ""formal_text"": ""é"", ""informal_text"": ""u"", ""formal_start"": 3, ""formal_end"": 4, ""informal_start"": 3, ""informal_end"": 4}]",reviewed,,false,seed_lookup,2026-08-16T18:01:22.598879+00:00
369:7,369,7,nékhoulén,neexuleen,neexuleen,UNKNOWN,wo,wo,UNKNOWN,no,diacritic,"[""diacritic"", ""substitution"", ""phonetic_spelling""]","[{""operation"": ""replace"", ""formal_text"": ""eex"", ""informal_text"": ""ékho"", ""formal_start"": 1, ""formal_end"": 4, ""informal_start"": 1, ""informal_end"": 5}, {""operation"": ""replace"", ""formal_text"": ""ee"", ""informal_text"": ""é"", ""formal_start"": 6, ""formal_end"": 8, ""informal_start"": 7, ""informal_end"": 8}]",reviewed,,true,manual,2026-08-16T18:01:45.932683+00:00
369:8,369,8,dalén,da leen,,UNKNOWN,wo,wo,UNKNOWN,no,diacritic,"[""diacritic"", ""spacing_merge"", ""substitution"", ""phonetic_spelling""]","[{""operation"": ""delete"", ""formal_text"": "" "", ""informal_text"": """", ""formal_start"": 2, ""formal_end"": 3, ""informal_start"": 2, ""informal_end"": 2}, {""operation"": ""replace"", ""formal_text"": ""ee"", ""informal_text"": ""é"", ""formal_start"": 4, ""formal_end"": 6, ""informal_start"": 3, ""informal_end"": 4}]",reviewed,,true,manual,2026-08-16T18:01:59.771399+00:00
369:9,369,9,guina,gëna,gëna,VERB,wo,wo,UNKNOWN,no,diacritic,"[""diacritic"", ""substitution""]","[{""operation"": ""replace"", ""formal_text"": ""ë"", ""informal_text"": ""ui"", ""formal_start"": 1, ""formal_end"": 2, ""informal_start"": 1, ""informal_end"": 3}]",reviewed,,false,curated_lookup,2026-08-16T18:02:08.728304+00:00
369:10,369,10,paré,pare,pare,VERB,wo,wo,UNKNOWN,no,diacritic,"[""diacritic"", ""phonetic_spelling""]","[{""operation"": ""replace"", ""formal_text"": ""e"", ""informal_text"": ""é"", ""formal_start"": 3, ""formal_end"": 4, ""informal_start"": 3, ""informal_end"": 4}]",reviewed,,false,ambiguous_language_seed_lookup,2026-08-16T18:02:19.775554+00:00
370:1,370,1,khôl,xol,xol,NOUN,wo,wo,UNKNOWN,no,diacritic,"[""diacritic"", ""substitution""]","[{""operation"": ""replace"", ""formal_text"": ""xo"", ""informal_text"": ""khô"", ""formal_start"": 0, ""formal_end"": 2, ""informal_start"": 0, ""informal_end"": 3}]",reviewed,,false,seed_lookup,2026-08-16T18:02:28.431623+00:00
370:3,370,3,métina,metti na,,UNKNOWN,wo,wo,UNKNOWN,no,diacritic,"[""diacritic"", ""spacing_merge"", ""substitution""]","[{""operation"": ""replace"", ""formal_text"": ""et"", ""informal_text"": ""é"", ""formal_start"": 1, ""formal_end"": 3, ""informal_start"": 1, ""informal_end"": 2}, {""operation"": ""delete"", ""formal_text"": "" "", ""informal_text"": """", ""formal_start"": 5, ""formal_end"": 6, ""informal_start"": 4, ""informal_end"": 4}]",reviewed,,true,manual,2026-08-16T18:02:35.472994+00:00
370:4,370,4,si,si,si,UNKNOWN,wo,wo,UNKNOWN,no,identity,"[""identity""]",[],reviewed,,false,ambiguous_language_seed_lookup,2026-08-16T18:04:43.785054+00:00
373:2,373,2,khétou,xeetu,xeetu,NOUN,wo,wo,UNKNOWN,no,diacritic,"[""diacritic"", ""insertion"", ""substitution"", ""phonetic_spelling""]","[{""operation"": ""replace"", ""formal_text"": ""xee"", ""informal_text"": ""khé"", ""formal_start"": 0, ""formal_end"": 3, ""informal_start"": 0, ""informal_end"": 3}, {""operation"": ""insert"", ""formal_text"": """", ""informal_text"": ""o"", ""formal_start"": 4, ""formal_end"": 4, ""informal_start"": 4, ""informal_end"": 5}]",reviewed,,true,manual,2026-08-16T18:05:03.476318+00:00
373:3,373,3,seuyeum,séyam,séyam,UNKNOWN,wo,wo,UNKNOWN,no,diacritic,"[""diacritic"", ""substitution"", ""phonetic_spelling""]","[{""operation"": ""replace"", ""formal_text"": ""é"", ""informal_text"": ""eu"", ""formal_start"": 1, ""formal_end"": 2, ""informal_start"": 1, ""informal_end"": 3}, {""operation"": ""replace"", ""formal_text"": ""a"", ""informal_text"": ""eu"", ""formal_start"": 3, ""formal_end"": 4, ""informal_start"": 4, ""informal_end"": 6}]",reviewed,,true,manual,2026-08-16T18:05:18.686116+00:00
373:4,373,4,lanela,lan la,,UNKNOWN,wo,wo,UNKNOWN,no,spacing_merge,"[""spacing_merge"", ""substitution""]","[{""operation"": ""replace"", ""formal_text"": "" "", ""informal_text"": ""e"", ""formal_start"": 3, ""formal_end"": 4, ""informal_start"": 3, ""informal_end"": 4}]",reviewed,,true,manual,2026-08-16T18:05:27.951093+00:00
377:2,377,2,kaname,kanam,kanam,NOUN,wo,wo,UNKNOWN,no,insertion,"[""insertion""]","[{""operation"": ""insert"", ""formal_text"": """", ""informal_text"": ""e"", ""formal_start"": 5, ""formal_end"": 5, ""informal_start"": 5, ""informal_end"": 6}]",reviewed,,false,seed_lookup,2026-08-16T18:05:44.706554+00:00
377:4,377,4,comme,comme,comme,ADV,fr,fr,UNKNOWN,yes,identity,"[""identity""]",[],reviewed,,false,french_seed_lookup,2026-08-16T18:05:52.174145+00:00
377:5,377,5,bamélou,bàmmeelu,bàmmeelu,NOUN,wo,wo,UNKNOWN,no,insertion,"[""insertion"", ""substitution"", ""phonetic_spelling""]","[{""operation"": ""replace"", ""formal_text"": ""à"", ""informal_text"": ""a"", ""formal_start"": 1, ""formal_end"": 2, ""informal_start"": 1, ""informal_end"": 2}, {""operation"": ""replace"", ""formal_text"": ""mee"", ""informal_text"": ""é"", ""formal_start"": 3, ""formal_end"": 6, ""informal_start"": 3, ""informal_end"": 4}, {""operation"": ""insert"", ""formal_text"": """", ""informal_text"": ""o"", ""formal_start"": 7, ""formal_end"": 7, ""informal_start"": 5, ""informal_end"": 6}]",reviewed,,true,manual,2026-08-16T18:06:17.391794+00:00
377:6,377,6,mbame,mbaam,mbaam,NOUN,wo,wo,UNKNOWN,no,deletion,"[""deletion"", ""insertion""]","[{""operation"": ""delete"", ""formal_text"": ""a"", ""informal_text"": """", ""formal_start"": 3, ""formal_end"": 4, ""informal_start"": 3, ""informal_end"": 3}, {""operation"": ""insert"", ""formal_text"": """", ""informal_text"": ""e"", ""formal_start"": 5, ""formal_end"": 5, ""informal_start"": 4, ""informal_end"": 5}]",reviewed,,false,seed_lookup,2026-08-16T18:06:27.586733+00:00
379:1,379,1,si,si,si,UNKNOWN,wo,wo,UNKNOWN,no,identity,"[""identity""]",[],reviewed,AUTO_CONFIRMED_MAPPING_DEFAULT,false,confirmed_mapping_default,2026-08-16T18:07:36.208719+00:00
379:4,379,4,kane,kan,kan,DET,wo,wo,UNKNOWN,no,insertion,"[""insertion""]","[{""operation"": ""insert"", ""formal_text"": """", ""informal_text"": ""e"", ""formal_start"": 3, ""formal_end"": 3, ""informal_start"": 3, ""informal_end"": 4}]",reviewed,,false,seed_lookup,2026-08-16T18:08:44.026649+00:00
379:7,379,7,dinako,di naa ko,,UNKNOWN,wo,wo,UNKNOWN,no,spacing_merge,"[""spacing_merge"", ""deletion""]","[{""operation"": ""delete"", ""formal_text"": "" "", ""informal_text"": """", ""formal_start"": 2, ""formal_end"": 3, ""informal_start"": 2, ""informal_end"": 2}, {""operation"": ""delete"", ""formal_text"": ""a "", ""informal_text"": """", ""formal_start"": 5, ""formal_end"": 7, ""informal_start"": 4, ""informal_end"": 4}]",reviewed,,true,curated_lookup,2026-08-16T18:08:52.048539+00:00
379:9,379,9,plainte,plainte,plainte,NOUN,fr,fr,UNKNOWN,yes,identity,"[""identity""]",[],reviewed,,false,french_seed_lookup,2026-08-16T18:08:57.616907+00:00
379:10,379,10,m,m,m,UNKNOWN,fr,fr,UNKNOWN,yes,identity,"[""identity""]",[],uncertain,,false,french_seed_lookup,2026-08-16T18:09:07.891627+00:00
379:13,379,13,elle,elle,elle,PRON,fr,fr,UNKNOWN,yes,identity,"[""identity""]",[],reviewed,,false,french_seed_lookup,2026-08-16T18:09:15.007613+00:00
379:14,379,14,interprète,interprète,interprète,VERB,fr,fr,UNKNOWN,yes,identity,"[""identity""]",[],reviewed,,false,french_seed_lookup,2026-08-16T18:09:21.622297+00:00
379:15,379,15,mal,mal,mal,ADJ,fr,fr,UNKNOWN,yes,identity,"[""identity""]",[],reviewed,,false,french_seed_lookup,2026-08-16T18:09:34.744377+00:00
379:16,379,16,son,son,son,DET,fr,fr,UNKNOWN,yes,identity,"[""identity""]",[],reviewed,,false,french_seed_lookup,2026-08-16T18:09:39.927921+00:00
379:18,379,18,qu'à,quand,quand,ADV,fr,fr,UNKNOWN,yes,french_spelling,"[""french_spelling""]","[{""operation"": ""replace"", ""formal_text"": ""and"", ""informal_text"": ""'à"", ""formal_start"": 2, ""formal_end"": 5, ""informal_start"": 2, ""informal_end"": 4}]",reviewed,,false,french_seed_lookup,2026-08-16T18:09:58.524467+00:00
379:19,379,19,même,même,même,ADV,fr,fr,UNKNOWN,yes,identity,"[""identity""]",[],reviewed,,false,french_seed_lookup,2026-08-16T18:10:05.178319+00:00
380:0,380,0,yalna,yalna,yalna,UNKNOWN,wo,wo,UNKNOWN,no,identity,"[""identity""]",[],reviewed,,true,manual,2026-08-16T18:10:13.302274+00:00
380:1,380,1,nek,nekk,nekk,VERB,wo,wo,UNKNOWN,no,deletion,"[""deletion""]","[{""operation"": ""delete"", ""formal_text"": ""k"", ""informal_text"": """", ""formal_start"": 3, ""formal_end"": 4, ""informal_start"": 3, ""informal_end"": 3}]",reviewed,,false,seed_lookup,2026-08-16T18:11:19.918405+00:00
380:2,380,2,guent,gént,gént,NOUN,wo,wo,UNKNOWN,no,diacritic,"[""diacritic"", ""substitution"", ""phonetic_spelling""]","[{""operation"": ""replace"", ""formal_text"": ""é"", ""informal_text"": ""ue"", ""formal_start"": 1, ""formal_end"": 2, ""informal_start"": 1, ""informal_end"": 3}]",reviewed,,false,seed_lookup,2026-08-16T18:11:33.177930+00:00
382:2,382,2,sofena,soof na,,UNKNOWN,wo,wo,UNKNOWN,no,spacing_merge,"[""spacing_merge"", ""deletion"", ""substitution"", ""phonetic_spelling""]","[{""operation"": ""delete"", ""formal_text"": ""o"", ""informal_text"": """", ""formal_start"": 2, ""formal_end"": 3, ""informal_start"": 2, ""informal_end"": 2}, {""operation"": ""replace"", ""formal_text"": "" "", ""informal_text"": ""e"", ""formal_start"": 4, ""formal_end"": 5, ""informal_start"": 3, ""informal_end"": 4}]",reviewed,,true,curated_lookup,2026-08-16T18:11:41.343801+00:00
382:3,382,3,té,te,te,CCONJ,wo,wo,UNKNOWN,no,diacritic,"[""diacritic"", ""phonetic_spelling""]","[{""operation"": ""replace"", ""formal_text"": ""e"", ""informal_text"": ""é"", ""formal_start"": 1, ""formal_end"": 2, ""informal_start"": 1, ""informal_end"": 2}]",reviewed,,false,ambiguous_language_seed_lookup,2026-08-16T18:12:30.464946+00:00
382:5,382,5,amoul,amul,amul,VERB,wo,wo,UNKNOWN,no,insertion,"[""insertion"", ""phonetic_spelling""]","[{""operation"": ""insert"", ""formal_text"": """", ""informal_text"": ""o"", ""formal_start"": 2, ""formal_end"": 2, ""informal_start"": 2, ""informal_end"": 3}]",reviewed,AUTO_CONFIRMED_MAPPING_DEFAULT,false,confirmed_mapping_default,2026-08-16T18:13:22.576849+00:00
382:7,382,7,ni,ni,ni,ADV,wo,wo,UNKNOWN,no,identity,"[""identity""]",[],reviewed,,false,ambiguous_language_seed_lookup,2026-08-16T18:13:37.458040+00:00
382:8,382,8,yayame,yaayam,yaayam,UNKNOWN,wo,wo,UNKNOWN,no,deletion,"[""deletion"", ""insertion"", ""phonetic_spelling""]","[{""operation"": ""delete"", ""formal_text"": ""a"", ""informal_text"": """", ""formal_start"": 1, ""formal_end"": 2, ""informal_start"": 1, ""informal_end"": 1}, {""operation"": ""insert"", ""formal_text"": """", ""informal_text"": ""e"", ""formal_start"": 6, ""formal_end"": 6, ""informal_start"": 5, ""informal_end"": 6}]",reviewed,,true,manual,2026-08-16T18:13:53.345714+00:00
382:9,382,9,soné,sonnee,sonnee,VERB,wo,wo,UNKNOWN,no,diacritic,"[""diacritic"", ""substitution""]","[{""operation"": ""replace"", ""formal_text"": ""nee"", ""informal_text"": ""é"", ""formal_start"": 3, ""formal_end"": 6, ""informal_start"": 3, ""informal_end"": 4}]",reviewed,,true,manual,2026-08-16T18:23:43.868501+00:00
382:10,382,10,si,si,si,UNKNOWN,wo,wo,UNKNOWN,no,identity,"[""identity""]",[],reviewed,AUTO_CONFIRMED_MAPPING_DEFAULT,false,confirmed_mapping_default,2026-08-16T18:28:22.036240+00:00
384:13,384,13,si,si,si,UNKNOWN,wo,wo,UNKNOWN,no,identity,"[""identity""]",[],reviewed,AUTO_CONFIRMED_MAPPING_DEFAULT,false,confirmed_mapping_default,2026-08-16T18:28:22.038256+00:00
458:6,458,6,si,si,si,UNKNOWN,wo,wo,UNKNOWN,no,identity,"[""identity""]",[],reviewed,AUTO_CONFIRMED_MAPPING_DEFAULT,false,confirmed_mapping_default,2026-08-16T18:28:22.040255+00:00
487:7,487,7,si,si,si,UNKNOWN,wo,wo,UNKNOWN,no,identity,"[""identity""]",[],reviewed,AUTO_CONFIRMED_MAPPING_DEFAULT,false,confirmed_mapping_default,2026-08-16T18:28:22.042241+00:00
5877:3,5877,3,si,si,si,UNKNOWN,wo,wo,UNKNOWN,no,identity,"[""identity""]",[],reviewed,AUTO_CONFIRMED_MAPPING_DEFAULT,false,confirmed_mapping_default,2026-08-16T18:28:22.044241+00:00
5938:11,5938,11,si,si,si,UNKNOWN,wo,wo,UNKNOWN,no,identity,"[""identity""]",[],reviewed,AUTO_CONFIRMED_MAPPING_DEFAULT,false,confirmed_mapping_default,2026-08-16T18:28:22.045254+00:00
382:11,382,11,mome,moom,moom,PRON,wo,wo,UNKNOWN,no,deletion,"[""deletion"", ""insertion"", ""phonetic_spelling""]","[{""operation"": ""delete"", ""formal_text"": ""o"", ""informal_text"": """", ""formal_start"": 2, ""formal_end"": 3, ""informal_start"": 2, ""informal_end"": 2}, {""operation"": ""insert"", ""formal_text"": """", ""informal_text"": ""e"", ""formal_start"": 4, ""formal_end"": 4, ""informal_start"": 3, ""informal_end"": 4}]",reviewed,,false,seed_lookup,2026-08-16T18:28:38.182299+00:00
409:2,409,2,mome,moom,moom,PRON,wo,wo,UNKNOWN,no,deletion,"[""deletion"", ""insertion"", ""phonetic_spelling""]","[{""operation"": ""delete"", ""formal_text"": ""o"", ""informal_text"": """", ""formal_start"": 2, ""formal_end"": 3, ""informal_start"": 2, ""informal_end"": 2}, {""operation"": ""insert"", ""formal_text"": """", ""informal_text"": ""e"", ""formal_start"": 4, ""formal_end"": 4, ""informal_start"": 3, ""informal_end"": 4}]",reviewed,AUTO_CONFIRMED_MAPPING_DEFAULT,false,confirmed_mapping_default,2026-08-16T18:28:38.186300+00:00
437:14,437,14,mome,moom,moom,PRON,wo,wo,UNKNOWN,no,deletion,"[""deletion"", ""insertion"", ""phonetic_spelling""]","[{""operation"": ""delete"", ""formal_text"": ""o"", ""informal_text"": """", ""formal_start"": 2, ""formal_end"": 3, ""informal_start"": 2, ""informal_end"": 2}, {""operation"": ""insert"", ""formal_text"": """", ""informal_text"": ""e"", ""formal_start"": 4, ""formal_end"": 4, ""informal_start"": 3, ""informal_end"": 4}]",reviewed,AUTO_CONFIRMED_MAPPING_DEFAULT,false,confirmed_mapping_default,2026-08-16T18:28:38.187299+00:00
455:2,455,2,mome,moom,moom,PRON,wo,wo,UNKNOWN,no,deletion,"[""deletion"", ""insertion"", ""phonetic_spelling""]","[{""operation"": ""delete"", ""formal_text"": ""o"", ""informal_text"": """", ""formal_start"": 2, ""formal_end"": 3, ""informal_start"": 2, ""informal_end"": 2}, {""operation"": ""insert"", ""formal_text"": """", ""informal_text"": ""e"", ""formal_start"": 4, ""formal_end"": 4, ""informal_start"": 3, ""informal_end"": 4}]",reviewed,AUTO_CONFIRMED_MAPPING_DEFAULT,false,confirmed_mapping_default,2026-08-16T18:28:38.189316+00:00
382:12,382,12,béne,benn,benn,NOUN,wo,wo,UNKNOWN,no,diacritic,"[""diacritic"", ""deletion"", ""insertion"", ""phonetic_spelling""]","[{""operation"": ""insert"", ""formal_text"": """", ""informal_text"": ""én"", ""formal_start"": 1, ""formal_end"": 1, ""informal_start"": 1, ""informal_end"": 3}, {""operation"": ""delete"", ""formal_text"": ""nn"", ""informal_text"": """", ""formal_start"": 2, ""formal_end"": 4, ""informal_start"": 4, ""informal_end"": 4}]",reviewed,,false,seed_lookup,2026-08-16T18:28:46.025819+00:00
382:13,382,13,dome,doom,doom,NOUN,wo,wo,UNKNOWN,no,deletion,"[""deletion"", ""insertion"", ""phonetic_spelling""]","[{""operation"": ""delete"", ""formal_text"": ""o"", ""informal_text"": """", ""formal_start"": 2, ""formal_end"": 3, ""informal_start"": 2, ""informal_end"": 2}, {""operation"": ""insert"", ""formal_text"": """", ""informal_text"": ""e"", ""formal_start"": 4, ""formal_end"": 4, ""informal_start"": 3, ""informal_end"": 4}]",reviewed,,false,seed_lookup,2026-08-16T18:28:56.601053+00:00
382:14,382,14,mouy,muy,muy,X,wo,wo,UNKNOWN,no,insertion,"[""insertion"", ""phonetic_spelling""]","[{""operation"": ""insert"", ""formal_text"": """", ""informal_text"": ""o"", ""formal_start"": 1, ""formal_end"": 1, ""informal_start"": 1, ""informal_end"": 2}]",reviewed,,false,seed_lookup,2026-08-16T18:29:03.601632+00:00
382:15,382,15,khalate,xalaat,xalaat,VERB,wo,wo,UNKNOWN,no,deletion,"[""deletion"", ""insertion"", ""substitution"", ""phonetic_spelling""]","[{""operation"": ""replace"", ""formal_text"": ""x"", ""informal_text"": ""kh"", ""formal_start"": 0, ""formal_end"": 1, ""informal_start"": 0, ""informal_end"": 2}, {""operation"": ""delete"", ""formal_text"": ""a"", ""informal_text"": """", ""formal_start"": 4, ""formal_end"": 5, ""informal_start"": 5, ""informal_end"": 5}, {""operation"": ""insert"", ""formal_text"": """", ""informal_text"": ""e"", ""formal_start"": 6, ""formal_end"": 6, ""informal_start"": 6, ""informal_end"": 7}]",reviewed,,false,seed_lookup,2026-08-16T18:29:16.292611+00:00
382:16,382,16,bayikofi,bàyyi ko fi,,UNKNOWN,wo,wo,UNKNOWN,no,diacritic,"[""diacritic"", ""spacing_merge"", ""substitution""]","[{""operation"": ""replace"", ""formal_text"": ""ày"", ""informal_text"": ""a"", ""formal_start"": 1, ""formal_end"": 3, ""informal_start"": 1, ""informal_end"": 2}, {""operation"": ""delete"", ""formal_text"": "" "", ""informal_text"": """", ""formal_start"": 5, ""formal_end"": 6, ""informal_start"": 4, ""informal_end"": 4}, {""operation"": ""delete"", ""formal_text"": "" "", ""informal_text"": """", ""formal_start"": 8, ""formal_end"": 9, ""informal_start"": 6, ""informal_end"": 6}]",reviewed,,true,manual,2026-08-16T18:29:23.938547+00:00
382:17,382,17,ndakhe,ndax,ndax,ADV,wo,wo,UNKNOWN,no,substitution,"[""substitution"", ""phonetic_spelling""]","[{""operation"": ""replace"", ""formal_text"": ""x"", ""informal_text"": ""khe"", ""formal_start"": 3, ""formal_end"": 4, ""informal_start"": 3, ""informal_end"": 6}]",reviewed,,false,seed_lookup,2026-08-16T18:29:38.017745+00:00
382:18,382,18,diabarame,jabaram,jabaram,NOUN,wo,wo,UNKNOWN,no,insertion,"[""insertion"", ""substitution"", ""phonetic_spelling""]","[{""operation"": ""replace"", ""formal_text"": ""j"", ""informal_text"": ""di"", ""formal_start"": 0, ""formal_end"": 1, ""informal_start"": 0, ""informal_end"": 2}, {""operation"": ""insert"", ""formal_text"": """", ""informal_text"": ""e"", ""formal_start"": 7, ""formal_end"": 7, ""informal_start"": 8, ""informal_end"": 9}]",reviewed,,true,manual,2026-08-16T18:29:51.605523+00:00
383:1,383,1,beugueu,bëgg,bëgg,VERB,wo,wo,UNKNOWN,no,diacritic,"[""diacritic"", ""substitution"", ""phonetic_spelling""]","[{""operation"": ""replace"", ""formal_text"": ""ë"", ""informal_text"": ""eu"", ""formal_start"": 1, ""formal_end"": 2, ""informal_start"": 1, ""informal_end"": 3}, {""operation"": ""replace"", ""formal_text"": ""g"", ""informal_text"": ""ueu"", ""formal_start"": 3, ""formal_end"": 4, ""informal_start"": 4, ""informal_end"": 7}]",reviewed,,false,seed_lookup,2026-08-16T18:29:58.539928+00:00
383:3,383,3,mohamed,mohamed,mohamed,PROPN,unknown,unknown,PERSON,yes,identity,"[""identity""]",[],reviewed,,true,manual,2026-08-16T18:30:04.248660+00:00
383:4,383,4,psl,psl,psl,UNKNOWN,unknown,unknown,UNKNOWN,uncertain,identity,"[""identity""]",[],uncertain,,true,manual,2026-08-16T18:30:17.027053+00:00
384:1,384,1,amale,amal,amal,VERB,wo,wo,UNKNOWN,no,insertion,"[""insertion""]","[{""operation"": ""insert"", ""formal_text"": """", ""informal_text"": ""e"", ""formal_start"": 4, ""formal_end"": 4, ""informal_start"": 4, ""informal_end"": 5}]",reviewed,,false,ambiguous_language_seed_lookup,2026-08-16T18:30:29.739430+00:00
384:4,384,4,mongui,moo ngi,,UNKNOWN,wo,wo,UNKNOWN,no,spacing_merge,"[""spacing_merge"", ""deletion"", ""insertion""]","[{""operation"": ""delete"", ""formal_text"": ""o "", ""informal_text"": """", ""formal_start"": 2, ""formal_end"": 4, ""informal_start"": 2, ""informal_end"": 2}, {""operation"": ""insert"", ""formal_text"": """", ""informal_text"": ""u"", ""formal_start"": 6, ""formal_end"": 6, ""informal_start"": 4, ""informal_end"": 5}]",reviewed,,true,manual,2026-08-16T18:30:37.805576+00:00
384:5,384,5,laye,lay,lay,UNKNOWN,wo,wo,UNKNOWN,no,insertion,"[""insertion""]","[{""operation"": ""insert"", ""formal_text"": """", ""informal_text"": ""e"", ""formal_start"": 3, ""formal_end"": 3, ""informal_start"": 3, ""informal_end"": 4}]",reviewed,,false,seed_lookup,2026-08-16T18:30:55.125431+00:00
384:7,384,7,nekhale,neexal,neexal,VERB,wo,wo,UNKNOWN,no,insertion,"[""insertion"", ""substitution"", ""phonetic_spelling""]","[{""operation"": ""replace"", ""formal_text"": ""ex"", ""informal_text"": ""kh"", ""formal_start"": 2, ""formal_end"": 4, ""informal_start"": 2, ""informal_end"": 4}, {""operation"": ""insert"", ""formal_text"": """", ""informal_text"": ""e"", ""formal_start"": 6, ""formal_end"": 6, ""informal_start"": 6, ""informal_end"": 7}]",reviewed,,false,seed_lookup,2026-08-16T18:31:07.113646+00:00
384:8,384,8,khilifa,kilifa,kilifa,NOUN,wo,wo,UNKNOWN,no,insertion,"[""insertion""]","[{""operation"": ""insert"", ""formal_text"": """", ""informal_text"": ""h"", ""formal_start"": 1, ""formal_end"": 1, ""informal_start"": 1, ""informal_end"": 2}]",reviewed,,false,seed_lookup,2026-08-16T18:31:14.707116+00:00
384:9,384,9,yayou,yaayu,yaayu,NOUN,wo,wo,UNKNOWN,no,deletion,"[""deletion"", ""insertion"", ""phonetic_spelling""]","[{""operation"": ""delete"", ""formal_text"": ""a"", ""informal_text"": """", ""formal_start"": 2, ""formal_end"": 3, ""informal_start"": 2, ""informal_end"": 2}, {""operation"": ""insert"", ""formal_text"": """", ""informal_text"": ""o"", ""formal_start"": 4, ""formal_end"": 4, ""informal_start"": 3, ""informal_end"": 4}]",reviewed,,true,manual,2026-08-16T18:31:27.456466+00:00
384:11,384,11,mongui,moo ngi,,UNKNOWN,wo,wo,UNKNOWN,no,spacing_merge,"[""spacing_merge"", ""deletion"", ""insertion"", ""phonetic_spelling""]","[{""operation"": ""delete"", ""formal_text"": ""o "", ""informal_text"": """", ""formal_start"": 2, ""formal_end"": 4, ""informal_start"": 2, ""informal_end"": 2}, {""operation"": ""insert"", ""formal_text"": """", ""informal_text"": ""u"", ""formal_start"": 6, ""formal_end"": 6, ""informal_start"": 4, ""informal_end"": 5}]",reviewed,,true,curated_lookup,2026-08-16T18:31:32.944054+00:00
384:12,384,12,seuye,séy,séy,VERB,wo,wo,UNKNOWN,no,diacritic,"[""diacritic"", ""insertion"", ""substitution""]","[{""operation"": ""replace"", ""formal_text"": ""é"", ""informal_text"": ""eu"", ""formal_start"": 1, ""formal_end"": 2, ""informal_start"": 1, ""informal_end"": 3}, {""operation"": ""insert"", ""formal_text"": """", ""informal_text"": ""e"", ""formal_start"": 3, ""formal_end"": 3, ""informal_start"": 4, ""informal_end"": 5}]",reviewed,,false,seed_lookup,2026-08-16T18:31:49.152573+00:00
384:14,384,14,keur,kër,kër,NOUN,wo,wo,UNKNOWN,no,diacritic,"[""diacritic"", ""substitution"", ""phonetic_spelling""]","[{""operation"": ""replace"", ""formal_text"": ""ë"", ""informal_text"": ""eu"", ""formal_start"": 1, ""formal_end"": 2, ""informal_start"": 1, ""informal_end"": 3}]",reviewed,,false,seed_lookup,2026-08-16T18:31:53.392414+00:00
3593:8,3593,8,keur,kër,kër,NOUN,wo,wo,UNKNOWN,no,diacritic,"[""diacritic"", ""substitution"", ""phonetic_spelling""]","[{""operation"": ""replace"", ""formal_text"": ""ë"", ""informal_text"": ""eu"", ""formal_start"": 1, ""formal_end"": 2, ""informal_start"": 1, ""informal_end"": 3}]",reviewed,AUTO_CONFIRMED_MAPPING_DEFAULT,false,confirmed_mapping_default,2026-08-16T18:31:53.396855+00:00
384:16,384,16,bo,boo,boo,CCONJ,wo,wo,UNKNOWN,no,deletion,"[""deletion""]","[{""operation"": ""delete"", ""formal_text"": ""o"", ""informal_text"": """", ""formal_start"": 2, ""formal_end"": 3, ""informal_start"": 2, ""informal_end"": 2}]",reviewed,,false,curated_lookup,2026-08-16T18:33:39.842309+00:00
384:17,384,17,ammei,ame,ame,VERB,wo,wo,UNKNOWN,no,repetition,"[""repetition"", ""insertion""]","[{""operation"": ""insert"", ""formal_text"": """", ""informal_text"": ""m"", ""formal_start"": 2, ""formal_end"": 2, ""informal_start"": 2, ""informal_end"": 3}, {""operation"": ""insert"", ""formal_text"": """", ""informal_text"": ""i"", ""formal_start"": 3, ""formal_end"": 3, ""informal_start"": 4, ""informal_end"": 5}]",reviewed,,false,ambiguous_language_seed_lookup,2026-08-16T18:33:53.912779+00:00
384:19,384,19,wouti,wuti,wuti,UNKNOWN,wo,wo,UNKNOWN,no,insertion,"[""insertion"", ""phonetic_spelling""]","[{""operation"": ""insert"", ""formal_text"": """", ""informal_text"": ""o"", ""formal_start"": 1, ""formal_end"": 1, ""informal_start"": 1, ""informal_end"": 2}]",reviewed,,true,manual,2026-08-16T18:34:10.067192+00:00
390:3,390,3,diongué,jonge,jonge,ADJ,wo,wo,UNKNOWN,no,diacritic,"[""diacritic"", ""substitution"", ""phonetic_spelling""]","[{""operation"": ""replace"", ""formal_text"": ""j"", ""informal_text"": ""di"", ""formal_start"": 0, ""formal_end"": 1, ""informal_start"": 0, ""informal_end"": 2}, {""operation"": ""replace"", ""formal_text"": ""e"", ""informal_text"": ""ué"", ""formal_start"": 4, ""formal_end"": 5, ""informal_start"": 5, ""informal_end"": 7}]",reviewed,,true,manual,2026-08-16T18:35:07.705306+00:00
390:4,390,4,waybb,waay,waay,INTJ,wo,wo,UNKNOWN,no,repetition,"[""repetition"", ""deletion"", ""insertion""]","[{""operation"": ""delete"", ""formal_text"": ""a"", ""informal_text"": """", ""formal_start"": 2, ""formal_end"": 3, ""informal_start"": 2, ""informal_end"": 2}, {""operation"": ""insert"", ""formal_text"": """", ""informal_text"": ""bb"", ""formal_start"": 4, ""formal_end"": 4, ""informal_start"": 3, ""informal_end"": 5}]",reviewed,,false,seed_lookup,2026-08-16T18:35:17.815503+00:00
391:0,391,0,yalla,yalla,yalla,NOUN,wo,wo,OTHER,yes,identity,"[""identity""]",[],reviewed,,true,manual,2026-08-16T18:35:48.928746+00:00
391:2,391,2,yalla,yalla,yalla,NOUN,wo,wo,OTHER,yes,identity,"[""identity""]",[],reviewed,AUTO_IDENTITY_LOOKUP,false,curated_lookup,2026-08-16T18:35:48.931747+00:00
437:6,437,6,yalla,yalla,yalla,NOUN,wo,wo,OTHER,yes,identity,"[""identity""]",[],reviewed,AUTO_IDENTITY_LOOKUP,false,curated_lookup,2026-08-16T18:35:48.933751+00:00
452:2,452,2,yalla,yalla,yalla,NOUN,wo,wo,OTHER,yes,identity,"[""identity""]",[],reviewed,AUTO_IDENTITY_LOOKUP,false,curated_lookup,2026-08-16T18:35:48.935748+00:00
455:3,455,3,yalla,yalla,yalla,NOUN,wo,wo,OTHER,yes,identity,"[""identity""]",[],reviewed,AUTO_IDENTITY_LOOKUP,false,curated_lookup,2026-08-16T18:35:48.936763+00:00
5917:0,5917,0,yalla,yalla,yalla,NOUN,wo,wo,OTHER,yes,identity,"[""identity""]",[],reviewed,AUTO_IDENTITY_LOOKUP,false,curated_lookup,2026-08-16T18:35:48.938750+00:00
5933:1,5933,1,yalla,yalla,yalla,NOUN,wo,wo,OTHER,yes,identity,"[""identity""]",[],reviewed,AUTO_IDENTITY_LOOKUP,false,curated_lookup,2026-08-16T18:35:48.939766+00:00
391:1,391,1,nalènne,na leen,,UNKNOWN,wo,wo,UNKNOWN,no,diacritic,"[""diacritic"", ""spacing_merge"", ""repetition"", ""deletion"", ""insertion""]","[{""operation"": ""delete"", ""formal_text"": "" "", ""informal_text"": """", ""formal_start"": 2, ""formal_end"": 3, ""informal_start"": 2, ""informal_end"": 2}, {""operation"": ""insert"", ""formal_text"": """", ""informal_text"": ""ènn"", ""formal_start"": 4, ""formal_end"": 4, ""informal_start"": 3, ""informal_end"": 6}, {""operation"": ""delete"", ""formal_text"": ""en"", ""informal_text"": """", ""formal_start"": 5, ""formal_end"": 7, ""informal_start"": 7, ""informal_end"": 7}]",reviewed,,true,manual,2026-08-16T18:36:00.620220+00:00
391:3,391,3,douggeul,dugal,dugal,VERB,wo,wo,UNKNOWN,no,insertion,"[""insertion"", ""substitution"", ""phonetic_spelling""]","[{""operation"": ""insert"", ""formal_text"": """", ""informal_text"": ""o"", ""formal_start"": 1, ""formal_end"": 1, ""informal_start"": 1, ""informal_end"": 2}, {""operation"": ""replace"", ""formal_text"": ""a"", ""informal_text"": ""geu"", ""formal_start"": 3, ""formal_end"": 4, ""informal_start"": 4, ""informal_end"": 7}]",reviewed,,false,seed_lookup,2026-08-16T18:36:10.100271+00:00
391:4,391,4,adjana,aljanna,aljanna,NOUN,wo,wo,UNKNOWN,no,deletion,"[""deletion"", ""substitution""]","[{""operation"": ""replace"", ""formal_text"": ""l"", ""informal_text"": ""d"", ""formal_start"": 1, ""formal_end"": 2, ""informal_start"": 1, ""informal_end"": 2}, {""operation"": ""delete"", ""formal_text"": ""n"", ""informal_text"": """", ""formal_start"": 5, ""formal_end"": 6, ""informal_start"": 5, ""informal_end"": 5}]",reviewed,,true,seed_lookup,2026-08-16T18:37:06.738514+00:00
393:1,393,1,omou,omou,omou,PROPN,unknown,unknown,PERSON,yes,identity,"[""identity""]",[],reviewed,,true,manual,2026-08-16T18:37:13.833498+00:00
405:2,405,2,omou,omou,omou,PROPN,unknown,unknown,PERSON,yes,identity,"[""identity""]",[],reviewed,AUTO_IDENTITY_LOOKUP,false,curated_lookup,2026-08-16T18:37:13.838495+00:00
393:2,393,2,way,waay,waay,INTJ,wo,wo,UNKNOWN,no,deletion,"[""deletion""]","[{""operation"": ""delete"", ""formal_text"": ""a"", ""informal_text"": """", ""formal_start"": 2, ""formal_end"": 3, ""informal_start"": 2, ""informal_end"": 2}]",reviewed,,false,seed_lookup,2026-08-16T18:37:24.542367+00:00
393:3,393,3,komo,ku mu,,UNKNOWN,wo,wo,UNKNOWN,no,spacing_merge,"[""spacing_merge"", ""substitution""]","[{""operation"": ""replace"", ""formal_text"": ""u "", ""informal_text"": ""o"", ""formal_start"": 1, ""formal_end"": 3, ""informal_start"": 1, ""informal_end"": 2}, {""operation"": ""replace"", ""formal_text"": ""u"", ""informal_text"": ""o"", ""formal_start"": 4, ""formal_end"": 5, ""informal_start"": 3, ""informal_end"": 4}]",reviewed,,true,manual,2026-08-16T18:37:37.880001+00:00
393:4,393,4,nekh,neex,neex,VERB,wo,wo,UNKNOWN,no,substitution,"[""substitution"", ""phonetic_spelling""]","[{""operation"": ""replace"", ""formal_text"": ""ex"", ""informal_text"": ""kh"", ""formal_start"": 2, ""formal_end"": 4, ""informal_start"": 2, ""informal_end"": 4}]",reviewed,,false,seed_lookup,2026-08-16T18:37:44.795070+00:00
3521:6,3521,6,nekh,neex,neex,VERB,wo,wo,UNKNOWN,no,substitution,"[""substitution"", ""phonetic_spelling""]","[{""operation"": ""replace"", ""formal_text"": ""ex"", ""informal_text"": ""kh"", ""formal_start"": 2, ""formal_end"": 4, ""informal_start"": 2, ""informal_end"": 4}]",reviewed,AUTO_CONFIRMED_MAPPING_DEFAULT,false,confirmed_mapping_default,2026-08-16T18:37:44.800066+00:00
393:5,393,5,rkk,rek,rek,UNKNOWN,wo,wo,UNKNOWN,no,repetition,"[""repetition"", ""deletion"", ""insertion""]","[{""operation"": ""delete"", ""formal_text"": ""e"", ""informal_text"": """", ""formal_start"": 1, ""formal_end"": 2, ""informal_start"": 1, ""informal_end"": 1}, {""operation"": ""insert"", ""formal_text"": """", ""informal_text"": ""k"", ""formal_start"": 3, ""formal_end"": 3, ""informal_start"": 2, ""informal_end"": 3}]",reviewed,,true,curated_lookup,2026-08-16T18:37:55.957376+00:00
393:6,393,6,lalal,laalal,laalal,VERB,wo,wo,UNKNOWN,no,deletion,"[""deletion""]","[{""operation"": ""delete"", ""formal_text"": ""a"", ""informal_text"": """", ""formal_start"": 1, ""formal_end"": 2, ""informal_start"": 1, ""informal_end"": 1}]",reviewed,,true,manual,2026-08-16T18:38:08.425714+00:00
393:7,393,7,j'aime,j'aime,j'aime,UNKNOWN,fr,fr,UNKNOWN,yes,identity,"[""identity""]",[],reviewed,,true,manual,2026-08-16T18:38:19.900304+00:00
5909:11,5909,11,j'aime,j'aime,j'aime,UNKNOWN,fr,fr,UNKNOWN,yes,identity,"[""identity""]",[],reviewed,AUTO_IDENTITY_LOOKUP,false,curated_lookup,2026-08-16T18:38:19.905308+00:00
394:1,394,1,oumi,oumi,oumi,PROPN,unknown,unknown,PERSON,yes,identity,"[""identity""]",[],reviewed,,true,manual,2026-08-16T18:38:28.345628+00:00
5891:3,5891,3,oumi,oumi,oumi,PROPN,unknown,unknown,PERSON,yes,identity,"[""identity""]",[],reviewed,AUTO_IDENTITY_LOOKUP,false,curated_lookup,2026-08-16T18:38:28.350626+00:00
394:2,394,2,fialika,fialika,fialika,PROPN,unknown,unknown,PERSON,yes,identity,"[""identity""]",[],reviewed,,true,manual,2026-08-16T18:38:31.965265+00:00
394:3,394,3,mon,moo,moo,INTJ,wo,wo,UNKNOWN,no,substitution,"[""substitution""]","[{""operation"": ""replace"", ""formal_text"": ""o"", ""informal_text"": ""n"", ""formal_start"": 2, ""formal_end"": 3, ""informal_start"": 2, ""informal_end"": 3}]",reviewed,,false,seed_lookup,2026-08-16T18:38:38.887594+00:00
394:4,394,4,waron,waroon,waroon,VERB,wo,wo,UNKNOWN,no,deletion,"[""deletion""]","[{""operation"": ""delete"", ""formal_text"": ""o"", ""informal_text"": """", ""formal_start"": 4, ""formal_end"": 5, ""informal_start"": 4, ""informal_end"": 4}]",reviewed,,true,manual,2026-08-16T18:38:52.431894+00:00
394:5,394,5,nk,nekk,nekk,VERB,wo,wo,UNKNOWN,no,abbreviation,"[""abbreviation"", ""deletion""]","[{""operation"": ""delete"", ""formal_text"": ""e"", ""informal_text"": """", ""formal_start"": 1, ""formal_end"": 2, ""informal_start"": 1, ""informal_end"": 1}, {""operation"": ""delete"", ""formal_text"": ""k"", ""informal_text"": """", ""formal_start"": 3, ""formal_end"": 4, ""informal_start"": 2, ""informal_end"": 2}]",reviewed,,false,seed_lookup,2026-08-16T18:40:09.171643+00:00
394:6,394,6,woudiou,wujj,wujj,NOUN,wo,wo,UNKNOWN,no,insertion,"[""insertion"", ""substitution"", ""phonetic_spelling""]","[{""operation"": ""insert"", ""formal_text"": """", ""informal_text"": ""o"", ""formal_start"": 1, ""formal_end"": 1, ""informal_start"": 1, ""informal_end"": 2}, {""operation"": ""replace"", ""formal_text"": ""jj"", ""informal_text"": ""diou"", ""formal_start"": 2, ""formal_end"": 4, ""informal_start"": 3, ""informal_end"": 7}]",reviewed,,false,seed_lookup,2026-08-16T18:41:29.729791+00:00
395:0,395,0,wa,waa,waa,INTJ,wo,wo,UNKNOWN,no,deletion,"[""deletion""]","[{""operation"": ""delete"", ""formal_text"": ""a"", ""informal_text"": """", ""formal_start"": 2, ""formal_end"": 3, ""informal_start"": 2, ""informal_end"": 2}]",reviewed,,false,seed_lookup,2026-08-16T18:41:48.681244+00:00
395:2,395,2,tidian,tidian,tidian,PROPN,unknown,unknown,PERSON,yes,identity,"[""identity""]",[],reviewed,,true,manual,2026-08-16T18:41:57.320075+00:00
395:4,395,4,loko,lu ko,,UNKNOWN,wo,wo,UNKNOWN,no,spacing_merge,"[""spacing_merge"", ""substitution""]","[{""operation"": ""replace"", ""formal_text"": ""u "", ""informal_text"": ""o"", ""formal_start"": 1, ""formal_end"": 3, ""informal_start"": 1, ""informal_end"": 2}]",reviewed,,true,manual,2026-08-16T18:42:26.327044+00:00
395:5,395,5,dall,dal,dal,VERB,wo,wo,UNKNOWN,no,repetition,"[""repetition"", ""insertion""]","[{""operation"": ""insert"", ""formal_text"": """", ""informal_text"": ""l"", ""formal_start"": 3, ""formal_end"": 3, ""informal_start"": 3, ""informal_end"": 4}]",reviewed,,false,ambiguous_language_seed_lookup,2026-08-16T18:42:44.007649+00:00
395:6,395,6,bamoy,ba muy,,UNKNOWN,wo,wo,UNKNOWN,no,spacing_merge,"[""spacing_merge"", ""substitution""]","[{""operation"": ""delete"", ""formal_text"": "" "", ""informal_text"": """", ""formal_start"": 2, ""formal_end"": 3, ""informal_start"": 2, ""informal_end"": 2}, {""operation"": ""replace"", ""formal_text"": ""u"", ""informal_text"": ""o"", ""formal_start"": 4, ""formal_end"": 5, ""informal_start"": 3, ""informal_end"": 4}]",reviewed,,true,manual,2026-08-16T18:43:07.132532+00:00
395:7,395,7,and,ànd,ànd,VERB,wo,wo,UNKNOWN,no,diacritic,"[""diacritic""]","[{""operation"": ""replace"", ""formal_text"": ""à"", ""informal_text"": ""a"", ""formal_start"": 0, ""formal_end"": 1, ""informal_start"": 0, ""informal_end"": 1}]",reviewed,,false,seed_lookup,2026-08-16T18:43:20.871568+00:00
395:11,395,11,nan,naan,naan,VERB,wo,wo,UNKNOWN,no,deletion,"[""deletion""]","[{""operation"": ""delete"", ""formal_text"": ""a"", ""informal_text"": """", ""formal_start"": 2, ""formal_end"": 3, ""informal_start"": 2, ""informal_end"": 2}]",reviewed,,false,ambiguous_language_seed_lookup,2026-08-16T18:43:33.817351+00:00
395:15,395,15,na,na,na,UNKNOWN,wo,wo,UNKNOWN,no,identity,"[""identity""]",[],reviewed,,false,ambiguous_language_seed_lookup,2026-08-16T18:43:51.335125+00:00
395:16,395,16,deh,de,de,UNKNOWN,wo,wo,UNKNOWN,no,insertion,"[""insertion""]","[{""operation"": ""insert"", ""formal_text"": """", ""informal_text"": ""h"", ""formal_start"": 2, ""formal_end"": 2, ""informal_start"": 2, ""informal_end"": 3}]",reviewed,,false,ambiguous_language_seed_lookup,2026-08-16T18:44:14.294858+00:00
396:0,396,0,wa,waa,waa,UNKNOWN,wo,wo,UNKNOWN,no,deletion,"[""deletion""]","[{""operation"": ""delete"", ""formal_text"": ""a"", ""informal_text"": """", ""formal_start"": 2, ""formal_end"": 3, ""informal_start"": 2, ""informal_end"": 2}]",reviewed,,false,seed_lookup,2026-08-16T18:44:33.712715+00:00
402:3,402,3,wa,waa,waa,UNKNOWN,wo,wo,UNKNOWN,no,deletion,"[""deletion""]","[{""operation"": ""delete"", ""formal_text"": ""a"", ""informal_text"": """", ""formal_start"": 2, ""formal_end"": 3, ""informal_start"": 2, ""informal_end"": 2}]",reviewed,AUTO_CONFIRMED_MAPPING_DEFAULT,false,confirmed_mapping_default,2026-08-16T18:44:33.716717+00:00
3561:0,3561,0,wa,waa,waa,UNKNOWN,wo,wo,UNKNOWN,no,deletion,"[""deletion""]","[{""operation"": ""delete"", ""formal_text"": ""a"", ""informal_text"": """", ""formal_start"": 2, ""formal_end"": 3, ""informal_start"": 2, ""informal_end"": 2}]",reviewed,AUTO_CONFIRMED_MAPPING_DEFAULT,false,confirmed_mapping_default,2026-08-16T18:44:33.718715+00:00
3596:0,3596,0,wa,waa,waa,UNKNOWN,wo,wo,UNKNOWN,no,deletion,"[""deletion""]","[{""operation"": ""delete"", ""formal_text"": ""a"", ""informal_text"": """", ""formal_start"": 2, ""formal_end"": 3, ""informal_start"": 2, ""informal_end"": 2}]",reviewed,AUTO_CONFIRMED_MAPPING_DEFAULT,false,confirmed_mapping_default,2026-08-16T18:44:33.720711+00:00
5891:0,5891,0,wa,waa,waa,UNKNOWN,wo,wo,UNKNOWN,no,deletion,"[""deletion""]","[{""operation"": ""delete"", ""formal_text"": ""a"", ""informal_text"": """", ""formal_start"": 2, ""formal_end"": 3, ""informal_start"": 2, ""informal_end"": 2}]",reviewed,AUTO_CONFIRMED_MAPPING_DEFAULT,false,confirmed_mapping_default,2026-08-16T18:44:33.721717+00:00
5897:0,5897,0,wa,waa,waa,UNKNOWN,wo,wo,UNKNOWN,no,deletion,"[""deletion""]","[{""operation"": ""delete"", ""formal_text"": ""a"", ""informal_text"": """", ""formal_start"": 2, ""formal_end"": 3, ""informal_start"": 2, ""informal_end"": 2}]",reviewed,AUTO_CONFIRMED_MAPPING_DEFAULT,false,confirmed_mapping_default,2026-08-16T18:44:33.722712+00:00
5917:1,5917,1,wa,waa,waa,UNKNOWN,wo,wo,UNKNOWN,no,deletion,"[""deletion""]","[{""operation"": ""delete"", ""formal_text"": ""a"", ""informal_text"": """", ""formal_start"": 2, ""formal_end"": 3, ""informal_start"": 2, ""informal_end"": 2}]",reviewed,AUTO_CONFIRMED_MAPPING_DEFAULT,false,confirmed_mapping_default,2026-08-16T18:44:33.724711+00:00
5938:0,5938,0,wa,waa,waa,UNKNOWN,wo,wo,UNKNOWN,no,deletion,"[""deletion""]","[{""operation"": ""delete"", ""formal_text"": ""a"", ""informal_text"": """", ""formal_start"": 2, ""formal_end"": 3, ""informal_start"": 2, ""informal_end"": 2}]",reviewed,AUTO_CONFIRMED_MAPPING_DEFAULT,false,confirmed_mapping_default,2026-08-16T18:44:33.725741+00:00
5939:0,5939,0,wa,waa,waa,UNKNOWN,wo,wo,UNKNOWN,no,deletion,"[""deletion""]","[{""operation"": ""delete"", ""formal_text"": ""a"", ""informal_text"": """", ""formal_start"": 2, ""formal_end"": 3, ""informal_start"": 2, ""informal_end"": 2}]",reviewed,AUTO_CONFIRMED_MAPPING_DEFAULT,false,confirmed_mapping_default,2026-08-16T18:44:33.727711+00:00
396:2,396,2,ni,ni,ni,ADV,wo,wo,UNKNOWN,no,identity,"[""identity""]",[],reviewed,,false,ambiguous_language_seed_lookup,2026-08-16T18:46:10.121600+00:00
409:10,409,10,ni,ni,ni,ADV,wo,wo,UNKNOWN,no,identity,"[""identity""]",[],reviewed,AUTO_CONFIRMED_MAPPING_DEFAULT,false,confirmed_mapping_default,2026-08-16T18:46:10.125714+00:00
5901:17,5901,17,ni,ni,ni,ADV,wo,wo,UNKNOWN,no,identity,"[""identity""]",[],reviewed,AUTO_CONFIRMED_MAPPING_DEFAULT,false,confirmed_mapping_default,2026-08-16T18:46:10.127685+00:00
5909:2,5909,2,ni,ni,ni,ADV,wo,wo,UNKNOWN,no,identity,"[""identity""]",[],reviewed,AUTO_CONFIRMED_MAPPING_DEFAULT,false,confirmed_mapping_default,2026-08-16T18:46:10.129673+00:00
396:3,396,3,lagne,lañ,lañ,UNKNOWN,wo,wo,UNKNOWN,no,diacritic,"[""diacritic"", ""substitution"", ""phonetic_spelling""]","[{""operation"": ""replace"", ""formal_text"": ""ñ"", ""informal_text"": ""gne"", ""formal_start"": 2, ""formal_end"": 3, ""informal_start"": 2, ""informal_end"": 5}]",reviewed,,true,seed_lookup,2026-08-16T18:46:59.673553+00:00
396:4,396,4,koy,koy,koy,UNKNOWN,wo,wo,UNKNOWN,no,identity,"[""identity""]",[],reviewed,,true,manual,2026-08-16T18:47:07.510630+00:00
396:5,396,5,bayi,bàyyi,bàyyi,VERB,wo,wo,UNKNOWN,no,diacritic,"[""diacritic"", ""substitution""]","[{""operation"": ""replace"", ""formal_text"": ""ày"", ""informal_text"": ""a"", ""formal_start"": 1, ""formal_end"": 3, ""informal_start"": 1, ""informal_end"": 2}]",reviewed,,false,seed_lookup,2026-08-16T18:47:14.145223+00:00
397:2,397,2,d,dee,dee,VERB,wo,wo,UNKNOWN,no,abbreviation,"[""abbreviation""]","[{""operation"": ""delete"", ""formal_text"": ""ee"", ""informal_text"": """", ""formal_start"": 1, ""formal_end"": 3, ""informal_start"": 1, ""informal_end"": 1}]",reviewed,,false,seed_lookup,2026-08-16T18:49:09.779816+00:00
397:3,397,3,ma,ma,ma,PROPN,unknown,unknown,PERSON,yes,identity,"[""identity""]",[],reviewed,,false,ambiguous_language_seed_lookup,2026-08-16T18:51:27.237577+00:00
397:6,397,6,weroul,wérul,wérul,VERB,wo,wo,UNKNOWN,no,diacritic,"[""diacritic"", ""insertion"", ""substitution"", ""phonetic_spelling""]","[{""operation"": ""replace"", ""formal_text"": ""é"", ""informal_text"": ""e"", ""formal_start"": 1, ""formal_end"": 2, ""informal_start"": 1, ""informal_end"": 2}, {""operation"": ""insert"", ""formal_text"": """", ""informal_text"": ""o"", ""formal_start"": 3, ""formal_end"": 3, ""informal_start"": 3, ""informal_end"": 4}]",reviewed,,false,curated_lookup,2026-08-16T18:52:17.742918+00:00
397:7,397,7,elle,elle,elle,PRON,fr,fr,UNKNOWN,yes,identity,"[""identity""]",[],reviewed,,false,french_seed_lookup,2026-08-16T18:52:23.898090+00:00
397:9,397,9,son,son,son,DET,fr,fr,UNKNOWN,yes,identity,"[""identity""]",[],reviewed,,false,french_seed_lookup,2026-08-16T18:52:29.912076+00:00
398:2,398,2,motakhe,moo tax,,UNKNOWN,wo,wo,UNKNOWN,no,spacing_merge,"[""spacing_merge"", ""deletion"", ""substitution"", ""phonetic_spelling""]","[{""operation"": ""delete"", ""formal_text"": ""o "", ""informal_text"": """", ""formal_start"": 2, ""formal_end"": 4, ""informal_start"": 2, ""informal_end"": 2}, {""operation"": ""replace"", ""formal_text"": ""x"", ""informal_text"": ""khe"", ""formal_start"": 6, ""formal_end"": 7, ""informal_start"": 4, ""informal_end"": 7}]",reviewed,,true,manual,2026-08-16T18:53:27.442772+00:00
398:3,398,3,dotouma,dootu ma,,UNKNOWN,wo,wo,UNKNOWN,no,spacing_merge,"[""spacing_merge"", ""deletion"", ""insertion"", ""phonetic_spelling""]","[{""operation"": ""insert"", ""formal_text"": """", ""informal_text"": ""t"", ""formal_start"": 2, ""formal_end"": 2, ""informal_start"": 2, ""informal_end"": 3}, {""operation"": ""delete"", ""formal_text"": ""t"", ""informal_text"": """", ""formal_start"": 3, ""formal_end"": 4, ""informal_start"": 4, ""informal_end"": 4}, {""operation"": ""delete"", ""formal_text"": "" "", ""informal_text"": """", ""formal_start"": 5, ""formal_end"": 6, ""informal_start"": 5, ""informal_end"": 5}]",reviewed,,true,manual,2026-08-16T18:54:51.183157+00:00
398:4,398,4,sétane,seetaan,seetaan,VERB,wo,wo,UNKNOWN,no,diacritic,"[""diacritic"", ""deletion"", ""insertion"", ""substitution"", ""phonetic_spelling""]","[{""operation"": ""replace"", ""formal_text"": ""ee"", ""informal_text"": ""é"", ""formal_start"": 1, ""formal_end"": 3, ""informal_start"": 1, ""informal_end"": 2}, {""operation"": ""delete"", ""formal_text"": ""a"", ""informal_text"": """", ""formal_start"": 5, ""formal_end"": 6, ""informal_start"": 4, ""informal_end"": 4}, {""operation"": ""insert"", ""formal_text"": """", ""informal_text"": ""e"", ""formal_start"": 7, ""formal_end"": 7, ""informal_start"": 5, ""informal_end"": 6}]",reviewed,,false,seed_lookup,2026-08-16T18:54:57.843949+00:00
398:8,398,8,wakhe,wax,wax,VERB,wo,wo,UNKNOWN,no,substitution,"[""substitution"", ""phonetic_spelling""]","[{""operation"": ""replace"", ""formal_text"": ""x"", ""informal_text"": ""khe"", ""formal_start"": 2, ""formal_end"": 3, ""informal_start"": 2, ""informal_end"": 5}]",reviewed,,false,ambiguous_language_seed_lookup,2026-08-16T18:55:13.048597+00:00
400:0,400,0,mane,man,man,DET,wo,wo,UNKNOWN,no,insertion,"[""insertion"", ""phonetic_spelling""]","[{""operation"": ""insert"", ""formal_text"": """", ""informal_text"": ""e"", ""formal_start"": 3, ""formal_end"": 3, ""informal_start"": 3, ""informal_end"": 4}]",reviewed,,false,ambiguous_language_seed_lookup,2026-08-16T18:55:29.816254+00:00
400:1,400,1,ma,maa,maa,UNKNOWN,wo,wo,UNKNOWN,no,deletion,"[""deletion""]","[{""operation"": ""delete"", ""formal_text"": ""a"", ""informal_text"": """", ""formal_start"": 2, ""formal_end"": 3, ""informal_start"": 2, ""informal_end"": 2}]",reviewed,,true,curated_lookup,2026-08-16T18:55:44.891868+00:00
400:2,400,2,degoul,déggul,déggul,VERB,wo,wo,UNKNOWN,no,diacritic,"[""diacritic"", ""substitution"", ""phonetic_spelling""]","[{""operation"": ""replace"", ""formal_text"": ""é"", ""informal_text"": ""e"", ""formal_start"": 1, ""formal_end"": 2, ""informal_start"": 1, ""informal_end"": 2}, {""operation"": ""replace"", ""formal_text"": ""g"", ""informal_text"": ""o"", ""formal_start"": 3, ""formal_end"": 4, ""informal_start"": 3, ""informal_end"": 4}]",reviewed,,false,curated_lookup,2026-08-16T18:55:52.099916+00:00
400:4,400,4,nidiay,nijaay,nijaay,NOUN,wo,wo,UNKNOWN,no,substitution,"[""substitution"", ""phonetic_spelling""]","[{""operation"": ""replace"", ""formal_text"": ""ja"", ""informal_text"": ""di"", ""formal_start"": 2, ""formal_end"": 4, ""informal_start"": 2, ""informal_end"": 4}]",reviewed,,false,seed_lookup,2026-08-16T18:55:59.851004+00:00
400:8,400,8,wowé,woowe,woowe,VERB,wo,wo,UNKNOWN,no,diacritic,"[""diacritic"", ""deletion"", ""substitution"", ""phonetic_spelling""]","[{""operation"": ""delete"", ""formal_text"": ""o"", ""informal_text"": """", ""formal_start"": 2, ""formal_end"": 3, ""informal_start"": 2, ""informal_end"": 2}, {""operation"": ""replace"", ""formal_text"": ""e"", ""informal_text"": ""é"", ""formal_start"": 4, ""formal_end"": 5, ""informal_start"": 3, ""informal_end"": 4}]",reviewed,,true,seed_lookup,2026-08-16T18:57:53.887293+00:00
402:1,402,1,marém,marém,marém,PROPN,unknown,unknown,PERSON,yes,identity,"[""identity""]",[],reviewed,,true,manual,2026-08-16T18:57:58.439884+00:00
402:4,402,4,dialy,dialy,dialy,PROPN,unknown,unknown,PERSON,yes,identity,"[""identity""]",[],reviewed,,true,manual,2026-08-16T18:58:07.195290+00:00
402:5,402,5,ka,ka,ka,PROPN,unknown,unknown,PERSON,yes,identity,"[""identity""]",[],reviewed,,false,ambiguous_language_seed_lookup,2026-08-16T18:58:28.903702+00:00
402:7,402,7,fourno,furno,furno,NOUN,wo,wo,UNKNOWN,no,insertion,"[""insertion""]","[{""operation"": ""insert"", ""formal_text"": """", ""informal_text"": ""o"", ""formal_start"": 1, ""formal_end"": 1, ""informal_start"": 1, ""informal_end"": 2}]",reviewed,,false,seed_lookup,2026-08-16T18:59:04.062855+00:00
402:8,402,8,keurigne,këriñ,këriñ,NOUN,wo,wo,UNKNOWN,no,diacritic,"[""diacritic"", ""substitution"", ""phonetic_spelling""]","[{""operation"": ""replace"", ""formal_text"": ""ë"", ""informal_text"": ""eu"", ""formal_start"": 1, ""formal_end"": 2, ""informal_start"": 1, ""informal_end"": 3}, {""operation"": ""replace"", ""formal_text"": ""ñ"", ""informal_text"": ""gne"", ""formal_start"": 4, ""formal_end"": 5, ""informal_start"": 5, ""informal_end"": 8}]",reviewed,,false,seed_lookup,2026-08-16T18:59:10.461724+00:00
402:9,402,9,lay,lay,lay,UNKNOWN,wo,wo,UNKNOWN,no,identity,"[""identity""]",[],reviewed,,false,seed_lookup,2026-08-16T18:59:15.196712+00:00
402:10,402,10,dieul,jél,jél,VERB,wo,wo,UNKNOWN,no,diacritic,"[""diacritic"", ""substitution""]","[{""operation"": ""replace"", ""formal_text"": ""jé"", ""informal_text"": ""dieu"", ""formal_start"": 0, ""formal_end"": 2, ""informal_start"": 0, ""informal_end"": 4}]",reviewed,,false,seed_lookup,2026-08-16T19:01:02.328583+00:00
403:0,403,0,waa,waa,waa,INTJ,wo,wo,UNKNOWN,no,identity,"[""identity""]",[],reviewed,,false,seed_lookup,2026-08-16T19:01:10.504820+00:00
403:1,403,1,yen,yeen,yeen,PRON,wo,wo,UNKNOWN,no,deletion,"[""deletion""]","[{""operation"": ""delete"", ""formal_text"": ""e"", ""informal_text"": """", ""formal_start"": 2, ""formal_end"": 3, ""informal_start"": 2, ""informal_end"": 2}]",reviewed,,false,seed_lookup,2026-08-16T19:04:16.696938+00:00
403:2,403,2,degue,dégg,dégg,VERB,wo,wo,UNKNOWN,no,diacritic,"[""diacritic"", ""substitution""]","[{""operation"": ""replace"", ""formal_text"": ""é"", ""informal_text"": ""e"", ""formal_start"": 1, ""formal_end"": 2, ""informal_start"": 1, ""informal_end"": 2}, {""operation"": ""replace"", ""formal_text"": ""g"", ""informal_text"": ""ue"", ""formal_start"": 3, ""formal_end"": 4, ""informal_start"": 3, ""informal_end"": 5}]",reviewed,,false,seed_lookup,2026-08-16T19:05:09.134306+00:00
403:3,403,3,nguen,ngeen,ngeen,PRON,wo,wo,UNKNOWN,no,substitution,"[""substitution""]","[{""operation"": ""replace"", ""formal_text"": ""e"", ""informal_text"": ""u"", ""formal_start"": 2, ""formal_end"": 3, ""informal_start"": 2, ""informal_end"": 3}]",reviewed,,false,seed_lookup,2026-08-16T19:05:22.828591+00:00
403:6,403,6,bou,bu,bu,PART,wo,wo,UNKNOWN,no,insertion,"[""insertion"", ""phonetic_spelling""]","[{""operation"": ""insert"", ""formal_text"": """", ""informal_text"": ""o"", ""formal_start"": 1, ""formal_end"": 1, ""informal_start"": 1, ""informal_end"": 2}]",reviewed,,false,ambiguous_language_seed_lookup,2026-08-16T19:07:29.318839+00:00
403:7,403,7,nidiay,nijaay,nijaay,NOUN,wo,wo,UNKNOWN,no,substitution,"[""substitution"", ""phonetic_spelling""]","[{""operation"": ""replace"", ""formal_text"": ""ja"", ""informal_text"": ""di"", ""formal_start"": 2, ""formal_end"": 4, ""informal_start"": 2, ""informal_end"": 4}]",reviewed,,false,seed_lookup,2026-08-16T19:07:40.478787+00:00
403:9,403,9,mdr,mdr,mdr,UNKNOWN,unknown,unknown,UNKNOWN,uncertain,identity,"[""identity""]",[],uncertain,,true,manual,2026-08-16T19:08:07.973482+00:00
405:0,405,0,mais,mais,mais,CCONJ,fr,fr,UNKNOWN,yes,identity,"[""identity""]",[],reviewed,,false,french_seed_lookup,2026-08-16T19:08:19.472367+00:00
405:6,405,6,diamm,jàmm,jàmm,NOUN,wo,wo,UNKNOWN,no,diacritic,"[""diacritic"", ""substitution"", ""phonetic_spelling""]","[{""operation"": ""replace"", ""formal_text"": ""jà"", ""informal_text"": ""dia"", ""formal_start"": 0, ""formal_end"": 2, ""informal_start"": 0, ""informal_end"": 3}]",reviewed,,false,seed_lookup,2026-08-16T19:09:23.701258+00:00
405:7,405,7,le,la,la,UNKNOWN,wo,wo,UNKNOWN,no,substitution,"[""substitution""]","[{""operation"": ""replace"", ""formal_text"": ""a"", ""informal_text"": ""e"", ""formal_start"": 1, ""formal_end"": 2, ""informal_start"": 1, ""informal_end"": 2}]",reviewed,,false,ambiguous_language_seed_lookup,2026-08-16T19:09:59.967303+00:00
409:1,409,1,yaw,yow,yow,PRON,wo,wo,UNKNOWN,no,substitution,"[""substitution"", ""phonetic_spelling""]","[{""operation"": ""replace"", ""formal_text"": ""o"", ""informal_text"": ""a"", ""formal_start"": 1, ""formal_end"": 2, ""informal_start"": 1, ""informal_end"": 2}]",reviewed,,false,seed_lookup,2026-08-16T19:15:50.136747+00:00
409:3,409,3,boumala,bu ma la,,UNKNOWN,wo,wo,UNKNOWN,no,spacing_merge,"[""spacing_merge"", ""insertion"", ""phonetic_spelling""]","[{""operation"": ""insert"", ""formal_text"": """", ""informal_text"": ""o"", ""formal_start"": 1, ""formal_end"": 1, ""informal_start"": 1, ""informal_end"": 2}, {""operation"": ""delete"", ""formal_text"": "" "", ""informal_text"": """", ""formal_start"": 2, ""formal_end"": 3, ""informal_start"": 3, ""informal_end"": 3}, {""operation"": ""delete"", ""formal_text"": "" "", ""informal_text"": """", ""formal_start"": 5, ""formal_end"": 6, ""informal_start"": 5, ""informal_end"": 5}]",reviewed,,true,manual,2026-08-16T19:16:03.377295+00:00
409:4,409,4,diapé,jàppe,jàppe,VERB,wo,wo,UNKNOWN,no,substitution,"[""substitution"", ""phonetic_spelling""]","[{""operation"": ""replace"", ""formal_text"": ""jà"", ""informal_text"": ""dia"", ""formal_start"": 0, ""formal_end"": 2, ""informal_start"": 0, ""informal_end"": 3}, {""operation"": ""replace"", ""formal_text"": ""pe"", ""informal_text"": ""é"", ""formal_start"": 3, ""formal_end"": 5, ""informal_start"": 4, ""informal_end"": 5}]",reviewed,,false,seed_lookup,2026-08-16T19:16:10.443817+00:00
409:5,409,5,dotoko,doo too ko,,UNKNOWN,wo,wo,UNKNOWN,no,spacing_merge,"[""spacing_merge"", ""abbreviation"", ""deletion""]","[{""operation"": ""delete"", ""formal_text"": ""o "", ""informal_text"": """", ""formal_start"": 2, ""formal_end"": 4, ""informal_start"": 2, ""informal_end"": 2}, {""operation"": ""delete"", ""formal_text"": ""o "", ""informal_text"": """", ""formal_start"": 6, ""formal_end"": 8, ""informal_start"": 4, ""informal_end"": 4}]",reviewed,,true,manual,2026-08-16T19:18:34.345607+00:00
409:6,409,6,defaty,defati,defati,VERB,wo,wo,UNKNOWN,no,substitution,"[""substitution""]","[{""operation"": ""replace"", ""formal_text"": ""i"", ""informal_text"": ""y"", ""formal_start"": 5, ""formal_end"": 6, ""informal_start"": 5, ""informal_end"": 6}]",reviewed,,true,manual,2026-08-16T19:19:11.024808+00:00
409:8,409,8,layam,layam,layam,UNKNOWN,wo,wo,UNKNOWN,no,identity,"[""identity""]",[],reviewed,,true,manual,2026-08-16T19:19:45.093096+00:00
409:9,409,9,layami,layami,layami,UNKNOWN,wo,wo,UNKNOWN,no,identity,"[""identity""]",[],reviewed,,true,manual,2026-08-16T19:20:45.143280+00:00
415:0,415,0,waa,waa,waa,INTJ,wo,wo,UNKNOWN,no,identity,"[""identity""]",[],reviewed,,false,seed_lookup,2026-08-16T19:20:55.882061+00:00
415:1,415,1,ndidiay,nijaay,nijaay,NOUN,wo,wo,UNKNOWN,no,insertion,"[""insertion"", ""substitution""]","[{""operation"": ""insert"", ""formal_text"": """", ""informal_text"": ""d"", ""formal_start"": 1, ""formal_end"": 1, ""informal_start"": 1, ""informal_end"": 2}, {""operation"": ""replace"", ""formal_text"": ""ja"", ""informal_text"": ""di"", ""formal_start"": 2, ""formal_end"": 4, ""informal_start"": 3, ""informal_end"": 5}]",reviewed,,false,seed_lookup,2026-08-16T19:21:15.912707+00:00
415:6,415,6,wax,wax,wax,VERB,wo,wo,UNKNOWN,no,identity,"[""identity""]",[],reviewed,,false,ambiguous_language_seed_lookup,2026-08-16T19:21:25.939643+00:00
424:3,424,3,béteu,bett,bett,VERB,wo,wo,UNKNOWN,no,diacritic,"[""diacritic"", ""insertion"", ""substitution"", ""phonetic_spelling""]","[{""operation"": ""insert"", ""formal_text"": """", ""informal_text"": ""ét"", ""formal_start"": 1, ""formal_end"": 1, ""informal_start"": 1, ""informal_end"": 3}, {""operation"": ""replace"", ""formal_text"": ""tt"", ""informal_text"": ""u"", ""formal_start"": 2, ""formal_end"": 4, ""informal_start"": 4, ""informal_end"": 5}]",reviewed,,false,seed_lookup,2026-08-16T19:21:33.206538+00:00
424:4,424,4,nama,na ma,,UNKNOWN,wo,wo,UNKNOWN,no,spacing_merge,"[""spacing_merge""]","[{""operation"": ""delete"", ""formal_text"": "" "", ""informal_text"": """", ""formal_start"": 2, ""formal_end"": 3, ""informal_start"": 2, ""informal_end"": 2}]",reviewed,,true,curated_lookup,2026-08-16T19:21:38.918288+00:00
5934:0,5934,0,waa,waa,waa,INTJ,wo,wo,UNKNOWN,no,identity,"[""identity""]",[],reviewed,AUTO_CONFIRMED_MAPPING_DEFAULT,false,confirmed_mapping_default,2026-08-16T19:23:00.255011+00:00
424:5,424,5,bayil,bàyyil,bàyyil,VERB,wo,wo,UNKNOWN,no,diacritic,"[""diacritic"", ""substitution""]","[{""operation"": ""replace"", ""formal_text"": ""ày"", ""informal_text"": ""a"", ""formal_start"": 1, ""formal_end"": 3, ""informal_start"": 1, ""informal_end"": 2}]",reviewed,,true,manual,2026-08-23T12:18:26.517957+00:00
424:6,424,6,khalé,xale,xale,NOUN,wo,wo,UNKNOWN,no,diacritic,"[""diacritic"", ""substitution"", ""phonetic_spelling""]","[{""operation"": ""replace"", ""formal_text"": ""x"", ""informal_text"": ""kh"", ""formal_start"": 0, ""formal_end"": 1, ""informal_start"": 0, ""informal_end"": 2}, {""operation"": ""replace"", ""formal_text"": ""e"", ""informal_text"": ""é"", ""formal_start"": 3, ""formal_end"": 4, ""informal_start"": 4, ""informal_end"": 5}]",reviewed,,true,manual,2026-08-23T12:20:15.186487+00:00
424:7,424,7,seuy,séy,séy,NOUN,wo,wo,UNKNOWN,no,diacritic,"[""diacritic"", ""substitution""]","[{""operation"": ""replace"", ""formal_text"": ""é"", ""informal_text"": ""eu"", ""formal_start"": 1, ""formal_end"": 2, ""informal_start"": 1, ""informal_end"": 3}]",reviewed,,false,seed_lookup,2026-08-23T12:20:31.051336+00:00
424:8,424,8,tamite,tamit,tamit,UNKNOWN,wo,wo,UNKNOWN,no,insertion,"[""insertion""]","[{""operation"": ""insert"", ""formal_text"": """", ""informal_text"": ""e"", ""formal_start"": 5, ""formal_end"": 5, ""informal_start"": 5, ""informal_end"": 6}]",reviewed,,true,curated_lookup,2026-08-23T12:22:24.573771+00:00
424:9,424,9,pourquoi,pourquoi,pourquoi,ADV,fr,fr,UNKNOWN,yes,identity,"[""identity""]",[],reviewed,,false,french_seed_lookup,2026-08-23T12:22:30.825449+00:00
424:12,424,12,beugue,bëgg,bëgg,VERB,wo,wo,UNKNOWN,no,diacritic,"[""diacritic"", ""substitution"", ""phonetic_spelling""]","[{""operation"": ""replace"", ""formal_text"": ""ë"", ""informal_text"": ""eu"", ""formal_start"": 1, ""formal_end"": 2, ""informal_start"": 1, ""informal_end"": 3}, {""operation"": ""replace"", ""formal_text"": ""g"", ""informal_text"": ""ue"", ""formal_start"": 3, ""formal_end"": 4, ""informal_start"": 4, ""informal_end"": 6}]",reviewed,,false,seed_lookup,2026-08-23T12:22:40.990597+00:00
424:13,424,13,di,di,di,PART,wo,wo,UNKNOWN,no,identity,"[""identity""]",[],reviewed,,false,seed_lookup,2026-08-23T12:22:57.009969+00:00
424:14,424,14,initié,initié,initié,VERB,fr,fr,UNKNOWN,yes,identity,"[""identity""]",[],reviewed,,false,french_seed_lookup,2026-08-23T12:23:05.538851+00:00
424:15,424,15,wou,wu,wu,UNKNOWN,wo,wo,UNKNOWN,no,insertion,"[""insertion"", ""phonetic_spelling""]","[{""operation"": ""insert"", ""formal_text"": """", ""informal_text"": ""o"", ""formal_start"": 1, ""formal_end"": 1, ""informal_start"": 1, ""informal_end"": 2}]",reviewed,,false,ambiguous_language_seed_lookup,2026-08-23T12:23:16.161489+00:00
424:16,424,16,de,de,de,DET,fr,fr,UNKNOWN,yes,identity,"[""identity""]",[],reviewed,,false,ambiguous_language_seed_lookup,2026-08-23T12:23:38.671357+00:00
424:18,424,18,thi,ci,ci,ADP,wo,wo,UNKNOWN,no,substitution,"[""substitution""]","[{""operation"": ""replace"", ""formal_text"": ""c"", ""informal_text"": ""th"", ""formal_start"": 0, ""formal_end"": 1, ""informal_start"": 0, ""informal_end"": 2}]",reviewed,,false,ambiguous_language_seed_lookup,2026-08-23T12:24:28.944834+00:00
424:19,424,19,seneu,seen,Seen,DET,wo,wo,UNKNOWN,no,insertion,"[""insertion"", ""substitution""]","[{""operation"": ""insert"", ""formal_text"": """", ""informal_text"": ""n"", ""formal_start"": 2, ""formal_end"": 2, ""informal_start"": 2, ""informal_end"": 3}, {""operation"": ""replace"", ""formal_text"": ""n"", ""informal_text"": ""u"", ""formal_start"": 3, ""formal_end"": 4, ""informal_start"": 4, ""informal_end"": 5}]",reviewed,,false,seed_lookup,2026-08-23T12:24:41.395909+00:00
424:20,424,20,seuyou,séyu,séyu,NOUN,wo,wo,UNKNOWN,no,diacritic,"[""diacritic"", ""insertion"", ""substitution""]","[{""operation"": ""replace"", ""formal_text"": ""é"", ""informal_text"": ""eu"", ""formal_start"": 1, ""formal_end"": 2, ""informal_start"": 1, ""informal_end"": 3}, {""operation"": ""insert"", ""formal_text"": """", ""informal_text"": ""o"", ""formal_start"": 3, ""formal_end"": 3, ""informal_start"": 4, ""informal_end"": 5}]",reviewed,,true,manual,2026-08-23T12:24:55.289800+00:00
424:23,424,23,tamite,tamit,tamit,UNKNOWN,wo,wo,UNKNOWN,no,insertion,"[""insertion""]","[{""operation"": ""insert"", ""formal_text"": """", ""informal_text"": ""e"", ""formal_start"": 5, ""formal_end"": 5, ""informal_start"": 5, ""informal_end"": 6}]",reviewed,,true,curated_lookup,2026-08-23T12:25:11.722778+00:00
424:24,424,24,c'est,c'est,c'est,UNKNOWN,fr,fr,UNKNOWN,yes,identity,"[""identity""]",[],reviewed,,true,manual,2026-08-23T12:25:23.493618+00:00
424:26,424,26,waay,waay,waay,INTJ,wo,wo,UNKNOWN,no,identity,"[""identity""]",[],reviewed,,false,seed_lookup,2026-08-23T12:25:30.128713+00:00
437:3,437,3,waay,waay,waay,INTJ,wo,wo,UNKNOWN,no,identity,"[""identity""]",[],reviewed,AUTO_CONFIRMED_MAPPING_DEFAULT,false,confirmed_mapping_default,2026-08-23T12:25:30.132727+00:00
476:5,476,5,sokhna,sokhna,Sokhna,PROPN,unknown,unknown,PERSON,yes,identity,"[""identity""]",[],reviewed,AUTO_IDENTITY_NAME_LOOKUP,false,name_seed_lookup,2026-08-23T12:27:16.834081+00:00
437:0,437,0,sokhna,sokhna,Sokhna,PROPN,unknown,unknown,PERSON,yes,identity,"[""identity""]",[],reviewed,AUTO_IDENTITY_NAME_LOOKUP,false,name_seed_lookup,2026-08-23T12:29:16.324356+00:00
437:2,437,2,inaf,inaf,inaf,UNKNOWN,unknown,unknown,UNKNOWN,uncertain,identity,"[""identity""]",[],uncertain,,true,manual,2026-08-23T12:29:22.285994+00:00
437:4,437,4,lane,lan,lan,DET,wo,wo,UNKNOWN,no,insertion,"[""insertion""]","[{""operation"": ""insert"", ""formal_text"": """", ""informal_text"": ""e"", ""formal_start"": 3, ""formal_end"": 3, ""informal_start"": 3, ""informal_end"": 4}]",reviewed,,false,ambiguous_language_seed_lookup,2026-08-23T12:29:40.978727+00:00
437:5,437,5,moy,mooy,mooy,VERB,wo,wo,UNKNOWN,no,deletion,"[""deletion""]","[{""operation"": ""delete"", ""formal_text"": ""o"", ""informal_text"": """", ""formal_start"": 2, ""formal_end"": 3, ""informal_start"": 2, ""informal_end"": 2}]",reviewed,,false,curated_lookup,2026-08-23T12:29:56.655723+00:00
5926:3,5926,3,moy,mooy,mooy,VERB,wo,wo,UNKNOWN,no,deletion,"[""deletion""]","[{""operation"": ""delete"", ""formal_text"": ""o"", ""informal_text"": """", ""formal_start"": 2, ""formal_end"": 3, ""informal_start"": 2, ""informal_end"": 2}]",reviewed,AUTO_CONFIRMED_MAPPING_DEFAULT,false,confirmed_mapping_default,2026-08-23T12:29:56.658719+00:00
437:7,437,7,na,na,na,UNKNOWN,wo,wo,UNKNOWN,no,identity,"[""identity""]",[],reviewed,,false,ambiguous_language_seed_lookup,2026-08-23T12:30:48.511235+00:00
3521:7,3521,7,na,na,na,UNKNOWN,wo,wo,UNKNOWN,no,identity,"[""identity""]",[],reviewed,AUTO_CONFIRMED_MAPPING_DEFAULT,false,confirmed_mapping_default,2026-08-23T12:30:48.515234+00:00
3541:6,3541,6,na,na,na,UNKNOWN,wo,wo,UNKNOWN,no,identity,"[""identity""]",[],reviewed,AUTO_CONFIRMED_MAPPING_DEFAULT,false,confirmed_mapping_default,2026-08-23T12:30:48.516233+00:00
3564:2,3564,2,na,na,na,UNKNOWN,wo,wo,UNKNOWN,no,identity,"[""identity""]",[],reviewed,AUTO_CONFIRMED_MAPPING_DEFAULT,false,confirmed_mapping_default,2026-08-23T12:30:48.517233+00:00
3587:4,3587,4,na,na,na,UNKNOWN,wo,wo,UNKNOWN,no,identity,"[""identity""]",[],reviewed,AUTO_CONFIRMED_MAPPING_DEFAULT,false,confirmed_mapping_default,2026-08-23T12:30:48.518233+00:00
3596:3,3596,3,na,na,na,UNKNOWN,wo,wo,UNKNOWN,no,identity,"[""identity""]",[],reviewed,AUTO_CONFIRMED_MAPPING_DEFAULT,false,confirmed_mapping_default,2026-08-23T12:30:48.520233+00:00
3596:9,3596,9,na,na,na,UNKNOWN,wo,wo,UNKNOWN,no,identity,"[""identity""]",[],reviewed,AUTO_CONFIRMED_MAPPING_DEFAULT,false,confirmed_mapping_default,2026-08-23T12:30:48.521261+00:00
5900:2,5900,2,na,na,na,UNKNOWN,wo,wo,UNKNOWN,no,identity,"[""identity""]",[],reviewed,AUTO_CONFIRMED_MAPPING_DEFAULT,false,confirmed_mapping_default,2026-08-23T12:30:48.522252+00:00
5901:19,5901,19,na,na,na,UNKNOWN,wo,wo,UNKNOWN,no,identity,"[""identity""]",[],reviewed,AUTO_CONFIRMED_MAPPING_DEFAULT,false,confirmed_mapping_default,2026-08-23T12:30:48.524234+00:00
5920:9,5920,9,na,na,na,UNKNOWN,wo,wo,UNKNOWN,no,identity,"[""identity""]",[],reviewed,AUTO_CONFIRMED_MAPPING_DEFAULT,false,confirmed_mapping_default,2026-08-23T12:30:48.525267+00:00
5920:14,5920,14,na,na,na,UNKNOWN,wo,wo,UNKNOWN,no,identity,"[""identity""]",[],reviewed,AUTO_CONFIRMED_MAPPING_DEFAULT,false,confirmed_mapping_default,2026-08-23T12:30:48.527238+00:00
5932:3,5932,3,na,na,na,UNKNOWN,wo,wo,UNKNOWN,no,identity,"[""identity""]",[],reviewed,AUTO_CONFIRMED_MAPPING_DEFAULT,false,confirmed_mapping_default,2026-08-23T12:30:48.528261+00:00
437:11,437,11,té,te,te,CCONJ,wo,wo,UNKNOWN,no,diacritic,"[""diacritic""]","[{""operation"": ""replace"", ""formal_text"": ""e"", ""informal_text"": ""é"", ""formal_start"": 1, ""formal_end"": 2, ""informal_start"": 1, ""informal_end"": 2}]",reviewed,,false,ambiguous_language_seed_lookup,2026-08-23T12:42:46.042351+00:00
437:12,437,12,ga,nga,nga,PRON,wo,wo,UNKNOWN,no,deletion,"[""deletion""]","[{""operation"": ""delete"", ""formal_text"": ""n"", ""informal_text"": """", ""formal_start"": 0, ""formal_end"": 1, ""informal_start"": 0, ""informal_end"": 0}]",reviewed,,false,seed_lookup,2026-08-23T12:43:16.104813+00:00
437:13,437,13,reesalko,reesal ko,,UNKNOWN,wo,wo,UNKNOWN,no,spacing_merge,"[""spacing_merge""]","[{""operation"": ""delete"", ""formal_text"": "" "", ""informal_text"": """", ""formal_start"": 6, ""formal_end"": 7, ""informal_start"": 6, ""informal_end"": 6}]",reviewed,,true,manual,2026-08-23T12:44:14.129765+00:00
437:15,437,15,miko,mii ko,,UNKNOWN,wo,wo,UNKNOWN,no,spacing_merge,"[""spacing_merge"", ""deletion""]","[{""operation"": ""delete"", ""formal_text"": ""i "", ""informal_text"": """", ""formal_start"": 2, ""formal_end"": 4, ""informal_start"": 2, ""informal_end"": 2}]",reviewed,,true,manual,2026-08-23T12:44:43.399618+00:00
437:16,437,16,lekk,lekk,lekk,VERB,wo,wo,UNKNOWN,no,identity,"[""identity""]",[],reviewed,,false,seed_lookup,2026-08-23T12:44:54.888573+00:00
437:17,437,17,bouko,bu ko,,UNKNOWN,wo,wo,UNKNOWN,no,spacing_merge,"[""spacing_merge"", ""insertion""]","[{""operation"": ""insert"", ""formal_text"": """", ""informal_text"": ""o"", ""formal_start"": 1, ""formal_end"": 1, ""informal_start"": 1, ""informal_end"": 2}, {""operation"": ""delete"", ""formal_text"": "" "", ""informal_text"": """", ""formal_start"": 2, ""formal_end"": 3, ""informal_start"": 3, ""informal_end"": 3}]",reviewed,,true,manual,2026-08-23T12:45:14.051146+00:00
437:18,437,18,reessaloul,reesalul,reesalul,VERB,wo,wo,UNKNOWN,no,repetition,"[""repetition"", ""insertion""]","[{""operation"": ""insert"", ""formal_text"": """", ""informal_text"": ""s"", ""formal_start"": 4, ""formal_end"": 4, ""informal_start"": 4, ""informal_end"": 5}, {""operation"": ""insert"", ""formal_text"": """", ""informal_text"": ""o"", ""formal_start"": 6, ""formal_end"": 6, ""informal_start"": 7, ""informal_end"": 8}]",reviewed,,true,manual,2026-08-23T12:45:44.943158+00:00
437:19,437,19,koukoy,ku koy,,UNKNOWN,wo,wo,UNKNOWN,no,spacing_merge,"[""spacing_merge"", ""insertion""]","[{""operation"": ""insert"", ""formal_text"": """", ""informal_text"": ""o"", ""formal_start"": 1, ""formal_end"": 1, ""informal_start"": 1, ""informal_end"": 2}, {""operation"": ""delete"", ""formal_text"": "" "", ""informal_text"": """", ""formal_start"": 2, ""formal_end"": 3, ""informal_start"": 3, ""informal_end"": 3}]",reviewed,,true,manual,2026-08-23T12:45:52.408836+00:00
437:20,437,20,reessal,reesal,reesal,VERB,wo,wo,UNKNOWN,no,repetition,"[""repetition"", ""insertion""]","[{""operation"": ""insert"", ""formal_text"": """", ""informal_text"": ""s"", ""formal_start"": 4, ""formal_end"": 4, ""informal_start"": 4, ""informal_end"": 5}]",reviewed,,false,seed_lookup,2026-08-23T12:46:02.072002+00:00
452:0,452,0,nn,nn,nn,UNKNOWN,unknown,fr,UNKNOWN,uncertain,identity,"[""identity""]",[],uncertain,,true,manual,2026-08-23T12:46:26.966500+00:00
452:1,452,1,li,li,li,DET,wo,wo,UNKNOWN,no,identity,"[""identity""]",[],reviewed,,false,ambiguous_language_seed_lookup,2026-08-23T12:46:39.776181+00:00
452:3,452,3,nk,nekk,nekk,VERB,wo,wo,UNKNOWN,no,abbreviation,"[""abbreviation"", ""deletion""]","[{""operation"": ""delete"", ""formal_text"": ""e"", ""informal_text"": """", ""formal_start"": 1, ""formal_end"": 2, ""informal_start"": 1, ""informal_end"": 1}, {""operation"": ""delete"", ""formal_text"": ""k"", ""informal_text"": """", ""formal_start"": 3, ""formal_end"": 4, ""informal_start"": 2, ""informal_end"": 2}]",reviewed,,false,seed_lookup,2026-08-23T12:49:46.738209+00:00
452:4,452,4,ay,ay,ay,DET,wo,wo,UNKNOWN,no,identity,"[""identity""]",[],reviewed,,false,ambiguous_language_seed_lookup,2026-08-23T12:49:58.434802+00:00
5901:5,5901,5,ay,ay,ay,DET,wo,wo,UNKNOWN,no,identity,"[""identity""]",[],reviewed,AUTO_CONFIRMED_MAPPING_DEFAULT,false,confirmed_mapping_default,2026-08-23T12:49:58.439803+00:00
452:5,452,5,guent,gént,gént,NOUN,wo,wo,UNKNOWN,no,diacritic,"[""diacritic"", ""substitution""]","[{""operation"": ""replace"", ""formal_text"": ""é"", ""informal_text"": ""ue"", ""formal_start"": 1, ""formal_end"": 2, ""informal_start"": 1, ""informal_end"": 3}]",reviewed,,false,seed_lookup,2026-08-23T12:50:06.169966+00:00
452:6,452,6,wy,waay,waay,INTJ,wo,wo,UNKNOWN,no,abbreviation,"[""abbreviation"", ""deletion""]","[{""operation"": ""delete"", ""formal_text"": ""aa"", ""informal_text"": """", ""formal_start"": 1, ""formal_end"": 3, ""informal_start"": 1, ""informal_end"": 1}]",reviewed,,false,seed_lookup,2026-08-23T12:50:18.373438+00:00
453:0,453,0,ma,ma,ma,PROPN,unknown,unknown,PERSON,yes,identity,"[""identity""]",[],reviewed,,false,ambiguous_language_seed_lookup,2026-08-23T12:50:58.625462+00:00
453:2,453,2,bu,bu,bu,CCONJ,wo,wo,UNKNOWN,no,identity,"[""identity""]",[],reviewed,,false,ambiguous_language_seed_lookup,2026-08-23T12:51:57.832495+00:00
453:3,453,3,ubè,ube,ube,VERB,wo,wo,UNKNOWN,no,diacritic,"[""diacritic""]","[{""operation"": ""replace"", ""formal_text"": ""e"", ""informal_text"": ""è"", ""formal_start"": 2, ""formal_end"": 3, ""informal_start"": 2, ""informal_end"": 3}]",reviewed,,false,seed_lookup,2026-08-23T12:52:10.472540+00:00
453:4,453,4,haut,haut,haut,ADJ,fr,fr,UNKNOWN,yes,identity,"[""identity""]",[],reviewed,,false,french_seed_lookup,2026-08-23T12:52:18.721555+00:00
453:7,453,7,rk,rek,rek,UNKNOWN,wo,wo,UNKNOWN,no,abbreviation,"[""abbreviation""]","[{""operation"": ""delete"", ""formal_text"": ""e"", ""informal_text"": """", ""formal_start"": 1, ""formal_end"": 2, ""informal_start"": 1, ""informal_end"": 1}]",reviewed,,true,curated_lookup,2026-08-23T12:52:31.490984+00:00
5932:7,5932,7,rk,rek,rek,UNKNOWN,wo,wo,UNKNOWN,no,abbreviation,"[""abbreviation""]","[{""operation"": ""delete"", ""formal_text"": ""e"", ""informal_text"": """", ""formal_start"": 1, ""formal_end"": 2, ""informal_start"": 1, ""informal_end"": 1}]",reviewed,AUTO_CONFIRMED_MAPPING_DEFAULT,false,confirmed_mapping_default,2026-08-23T12:52:31.498003+00:00
453:8,453,8,sma,sama,sama,DET,wo,wo,UNKNOWN,no,deletion,"[""deletion""]","[{""operation"": ""delete"", ""formal_text"": ""a"", ""informal_text"": """", ""formal_start"": 1, ""formal_end"": 2, ""informal_start"": 1, ""informal_end"": 1}]",reviewed,,false,seed_lookup,2026-08-23T12:52:36.999152+00:00
453:9,453,9,xol,xol,xol,NOUN,wo,wo,UNKNOWN,no,identity,"[""identity""]",[],reviewed,,false,seed_lookup,2026-08-23T12:52:45.258546+00:00
453:11,453,11,diekh,jeex,jeex,VERB,wo,wo,UNKNOWN,no,substitution,"[""substitution"", ""phonetic_spelling""]","[{""operation"": ""replace"", ""formal_text"": ""j"", ""informal_text"": ""di"", ""formal_start"": 0, ""formal_end"": 1, ""informal_start"": 0, ""informal_end"": 2}, {""operation"": ""replace"", ""formal_text"": ""ex"", ""informal_text"": ""kh"", ""formal_start"": 2, ""formal_end"": 4, ""informal_start"": 3, ""informal_end"": 5}]",reviewed,,false,seed_lookup,2026-08-23T12:52:52.562664+00:00
454:5,454,5,ta,te,te,CCONJ,wo,wo,UNKNOWN,no,substitution,"[""substitution""]","[{""operation"": ""replace"", ""formal_text"": ""e"", ""informal_text"": ""a"", ""formal_start"": 1, ""formal_end"": 2, ""informal_start"": 1, ""informal_end"": 2}]",reviewed,,false,ambiguous_language_seed_lookup,2026-08-23T12:53:07.177562+00:00
454:9,454,9,lamine,làmmiñ,làmmiñ,NOUN,wo,wo,UNKNOWN,no,diacritic,"[""diacritic"", ""substitution""]","[{""operation"": ""replace"", ""formal_text"": ""àm"", ""informal_text"": ""a"", ""formal_start"": 1, ""formal_end"": 3, ""informal_start"": 1, ""informal_end"": 2}, {""operation"": ""replace"", ""formal_text"": ""ñ"", ""informal_text"": ""ne"", ""formal_start"": 5, ""formal_end"": 6, ""informal_start"": 4, ""informal_end"": 6}]",reviewed,,false,seed_lookup,2026-08-23T12:53:15.077795+00:00
454:10,454,10,bou,bu,bu,CCONJ,wo,wo,UNKNOWN,no,insertion,"[""insertion"", ""phonetic_spelling""]","[{""operation"": ""insert"", ""formal_text"": """", ""informal_text"": ""o"", ""formal_start"": 1, ""formal_end"": 1, ""informal_start"": 1, ""informal_end"": 2}]",reviewed,,false,ambiguous_language_seed_lookup,2026-08-23T12:53:36.535573+00:00
454:11,454,11,rey,réy,réy,VERB,wo,wo,UNKNOWN,no,diacritic,"[""diacritic""]","[{""operation"": ""replace"", ""formal_text"": ""é"", ""informal_text"": ""e"", ""formal_start"": 1, ""formal_end"": 2, ""informal_start"": 1, ""informal_end"": 2}]",reviewed,,false,seed_lookup,2026-08-23T12:53:52.719445+00:00
455:0,455,0,ma,ma,ma,PROPN,unknown,unknown,PERSON,yes,identity,"[""identity""]",[],reviewed,,false,ambiguous_language_seed_lookup,2026-08-23T12:54:11.376649+00:00
462:6,462,6,ma,ma,ma,UNKNOWN,wo,wo,UNKNOWN,yes,identity,"[""identity""]",[],reviewed,AUTO_CONFIRMED_MAPPING_DEFAULT,false,confirmed_mapping_default,2026-08-23T12:54:11.380666+00:00
487:4,487,4,ma,ma,ma,UNKNOWN,wo,wo,UNKNOWN,yes,identity,"[""identity""]",[],reviewed,AUTO_CONFIRMED_MAPPING_DEFAULT,false,confirmed_mapping_default,2026-08-23T12:54:11.381668+00:00
3557:4,3557,4,ma,ma,ma,UNKNOWN,wo,wo,UNKNOWN,yes,identity,"[""identity""]",[],reviewed,AUTO_CONFIRMED_MAPPING_DEFAULT,false,confirmed_mapping_default,2026-08-23T12:54:11.383652+00:00
3564:3,3564,3,ma,ma,ma,UNKNOWN,wo,wo,UNKNOWN,yes,identity,"[""identity""]",[],reviewed,AUTO_CONFIRMED_MAPPING_DEFAULT,false,confirmed_mapping_default,2026-08-23T12:54:11.384668+00:00
3579:2,3579,2,ma,ma,ma,PROPN,unknown,unknown,PERSON,yes,identity,"[""identity""]",[],reviewed,AUTO_CONFIRMED_MAPPING_DEFAULT,false,confirmed_mapping_default,2026-08-23T12:54:11.385689+00:00
3579:8,3579,8,ma,ma,ma,UNKNOWN,wo,wo,UNKNOWN,yes,identity,"[""identity""]",[],reviewed,AUTO_CONFIRMED_MAPPING_DEFAULT,false,confirmed_mapping_default,2026-08-23T12:54:11.386654+00:00
3593:10,3593,10,ma,ma,ma,UNKNOWN,wo,wo,UNKNOWN,yes,identity,"[""identity""]",[],reviewed,AUTO_CONFIRMED_MAPPING_DEFAULT,false,confirmed_mapping_default,2026-08-23T12:54:11.388650+00:00
455:1,455,1,ouma,ouma,ouma,PROPN,unknown,unknown,PERSON,yes,identity,"[""identity""]",[],reviewed,,true,manual,2026-08-23T12:55:48.703588+00:00
455:4,455,4,dako,da koo,,UNKNOWN,wo,wo,UNKNOWN,no,spacing_merge,"[""spacing_merge"", ""deletion""]","[{""operation"": ""delete"", ""formal_text"": "" "", ""informal_text"": """", ""formal_start"": 2, ""formal_end"": 3, ""informal_start"": 2, ""informal_end"": 2}, {""operation"": ""delete"", ""formal_text"": ""o"", ""informal_text"": """", ""formal_start"": 5, ""formal_end"": 6, ""informal_start"": 4, ""informal_end"": 4}]",reviewed,,true,manual,2026-08-23T12:55:59.868016+00:00
455:5,455,5,sakk,sàkk,sàkk,VERB,wo,wo,UNKNOWN,no,diacritic,"[""diacritic""]","[{""operation"": ""replace"", ""formal_text"": ""à"", ""informal_text"": ""a"", ""formal_start"": 1, ""formal_end"": 2, ""informal_start"": 1, ""informal_end"": 2}]",reviewed,,false,seed_lookup,2026-08-23T12:56:10.711798+00:00
455:7,455,7,moumaye,mu may,,UNKNOWN,wo,wo,UNKNOWN,no,spacing_merge,"[""spacing_merge"", ""insertion""]","[{""operation"": ""insert"", ""formal_text"": """", ""informal_text"": ""o"", ""formal_start"": 1, ""formal_end"": 1, ""informal_start"": 1, ""informal_end"": 2}, {""operation"": ""delete"", ""formal_text"": "" "", ""informal_text"": """", ""formal_start"": 2, ""formal_end"": 3, ""informal_start"": 3, ""informal_end"": 3}, {""operation"": ""insert"", ""formal_text"": """", ""informal_text"": ""e"", ""formal_start"": 6, ""formal_end"": 6, ""informal_start"": 6, ""informal_end"": 7}]",reviewed,,true,curated_lookup,2026-08-23T12:56:14.775620+00:00
455:8,455,8,nakharal,naqaral,naqaral,VERB,wo,wo,UNKNOWN,no,substitution,"[""substitution"", ""phonetic_spelling""]","[{""operation"": ""replace"", ""formal_text"": ""q"", ""informal_text"": ""kh"", ""formal_start"": 2, ""formal_end"": 3, ""informal_start"": 2, ""informal_end"": 4}]",reviewed,,false,seed_lookup,2026-08-23T12:56:23.387767+00:00
457:0,457,0,nidiaye,nijaay,nijaay,NOUN,wo,wo,UNKNOWN,no,insertion,"[""insertion"", ""substitution"", ""phonetic_spelling""]","[{""operation"": ""replace"", ""formal_text"": ""ja"", ""informal_text"": ""di"", ""formal_start"": 2, ""formal_end"": 4, ""informal_start"": 2, ""informal_end"": 4}, {""operation"": ""insert"", ""formal_text"": """", ""informal_text"": ""e"", ""formal_start"": 6, ""formal_end"": 6, ""informal_start"": 6, ""informal_end"": 7}]",reviewed,,false,seed_lookup,2026-08-23T12:56:29.633824+00:00
457:2,457,2,neina,nee na,,UNKNOWN,wo,wo,UNKNOWN,no,spacing_merge,"[""spacing_merge"", ""substitution""]","[{""operation"": ""replace"", ""formal_text"": ""e "", ""informal_text"": ""i"", ""formal_start"": 2, ""formal_end"": 4, ""informal_start"": 2, ""informal_end"": 3}]",reviewed,,true,curated_lookup,2026-08-23T12:56:35.533215+00:00
457:5,457,5,wouy,wuy,wuy,INTJ,wo,wo,UNKNOWN,no,insertion,"[""insertion"", ""phonetic_spelling""]","[{""operation"": ""insert"", ""formal_text"": """", ""informal_text"": ""o"", ""formal_start"": 1, ""formal_end"": 1, ""informal_start"": 1, ""informal_end"": 2}]",reviewed,,false,seed_lookup,2026-08-23T12:56:49.846303+00:00
458:4,458,4,kene,kenn,kenn,NOUN,wo,wo,UNKNOWN,no,substitution,"[""substitution""]","[{""operation"": ""replace"", ""formal_text"": ""n"", ""informal_text"": ""e"", ""formal_start"": 3, ""formal_end"": 4, ""informal_start"": 3, ""informal_end"": 4}]",reviewed,,false,seed_lookup,2026-08-23T12:57:12.260570+00:00
458:5,458,5,dou,du,du,UNKNOWN,wo,wo,UNKNOWN,no,insertion,"[""insertion"", ""phonetic_spelling""]","[{""operation"": ""insert"", ""formal_text"": """", ""informal_text"": ""o"", ""formal_start"": 1, ""formal_end"": 1, ""informal_start"": 1, ""informal_end"": 2}]",reviewed,,false,ambiguous_language_seed_lookup,2026-08-23T12:57:39.017696+00:00
458:8,458,8,magui,ma ngi,,UNKNOWN,wo,wo,UNKNOWN,no,spacing_merge,"[""spacing_merge"", ""deletion"", ""insertion""]","[{""operation"": ""delete"", ""formal_text"": "" n"", ""informal_text"": """", ""formal_start"": 2, ""formal_end"": 4, ""informal_start"": 2, ""informal_end"": 2}, {""operation"": ""insert"", ""formal_text"": """", ""informal_text"": ""u"", ""formal_start"": 5, ""formal_end"": 5, ""informal_start"": 3, ""informal_end"": 4}]",reviewed,,true,curated_lookup,2026-08-23T12:57:43.797769+00:00
458:9,458,9,deh,dee,dee,VERB,wo,wo,UNKNOWN,no,substitution,"[""substitution""]","[{""operation"": ""replace"", ""formal_text"": ""e"", ""informal_text"": ""h"", ""formal_start"": 2, ""formal_end"": 3, ""informal_start"": 2, ""informal_end"": 3}]",reviewed,,false,seed_lookup,2026-08-23T12:57:51.192286+00:00
462:0,462,0,wouyoul,wuyul,wuyul,VERB,wo,wo,UNKNOWN,no,insertion,"[""insertion"", ""phonetic_spelling""]","[{""operation"": ""insert"", ""formal_text"": """", ""informal_text"": ""o"", ""formal_start"": 1, ""formal_end"": 1, ""informal_start"": 1, ""informal_end"": 2}, {""operation"": ""insert"", ""formal_text"": """", ""informal_text"": ""o"", ""formal_start"": 3, ""formal_end"": 3, ""informal_start"": 4, ""informal_end"": 5}]",reviewed,,true,manual,2026-08-23T12:58:03.448759+00:00
462:1,462,1,pabi,paa bi,,UNKNOWN,wo,wo,UNKNOWN,no,spacing_merge,"[""spacing_merge"", ""deletion""]","[{""operation"": ""delete"", ""formal_text"": ""a "", ""informal_text"": """", ""formal_start"": 2, ""formal_end"": 4, ""informal_start"": 2, ""informal_end"": 2}]",reviewed,,true,manual,2026-08-23T12:58:13.266661+00:00
462:2,462,2,nané,ne na,,UNKNOWN,wo,wo,UNKNOWN,no,uncertain,"[""uncertain""]","[{""operation"": ""delete"", ""formal_text"": ""ne "", ""informal_text"": """", ""formal_start"": 0, ""formal_end"": 3, ""informal_start"": 0, ""informal_end"": 0}, {""operation"": ""insert"", ""formal_text"": """", ""informal_text"": ""né"", ""formal_start"": 5, ""formal_end"": 5, ""informal_start"": 2, ""informal_end"": 4}]",reviewed,,true,manual,2026-08-23T12:59:01.360357+00:00
462:5,462,5,kharal,xaaral,xaaral,VERB,wo,wo,UNKNOWN,no,substitution,"[""substitution""]","[{""operation"": ""replace"", ""formal_text"": ""xa"", ""informal_text"": ""kh"", ""formal_start"": 0, ""formal_end"": 2, ""informal_start"": 0, ""informal_end"": 2}]",reviewed,,true,manual,2026-08-23T12:59:14.788645+00:00
471:0,471,0,dangay,da ngay,,UNKNOWN,wo,wo,UNKNOWN,no,spacing_merge,"[""spacing_merge""]","[{""operation"": ""delete"", ""formal_text"": "" "", ""informal_text"": """", ""formal_start"": 2, ""formal_end"": 3, ""informal_start"": 2, ""informal_end"": 2}]",reviewed,AUTO_SPACING_MERGE,false,spacing_merge_policy,2026-08-23T13:04:17.224881+00:00
471:6,471,6,boumou,bu mu,,UNKNOWN,wo,wo,UNKNOWN,no,spacing_merge,"[""spacing_merge"", ""insertion""]","[{""operation"": ""insert"", ""formal_text"": """", ""informal_text"": ""o"", ""formal_start"": 1, ""formal_end"": 1, ""informal_start"": 1, ""informal_end"": 2}, {""operation"": ""delete"", ""formal_text"": "" "", ""informal_text"": """", ""formal_start"": 2, ""formal_end"": 3, ""informal_start"": 3, ""informal_end"": 3}, {""operation"": ""insert"", ""formal_text"": """", ""informal_text"": ""o"", ""formal_start"": 4, ""formal_end"": 4, ""informal_start"": 4, ""informal_end"": 5}]",reviewed,AUTO_SPACING_MERGE,false,spacing_merge_policy,2026-08-23T13:04:17.224881+00:00
476:0,476,0,diguéne,di ngeen,,UNKNOWN,wo,wo,UNKNOWN,no,diacritic,"[""diacritic"", ""spacing_merge"", ""deletion"", ""substitution""]","[{""operation"": ""replace"", ""formal_text"": "" "", ""informal_text"": ""gué"", ""formal_start"": 2, ""formal_end"": 3, ""informal_start"": 2, ""informal_end"": 5}, {""operation"": ""delete"", ""formal_text"": ""g"", ""informal_text"": """", ""formal_start"": 4, ""formal_end"": 5, ""informal_start"": 6, ""informal_end"": 6}, {""operation"": ""delete"", ""formal_text"": ""en"", ""informal_text"": """", ""formal_start"": 6, ""formal_end"": 8, ""informal_start"": 7, ""informal_end"": 7}]",reviewed,AUTO_SPACING_MERGE,false,spacing_merge_policy,2026-08-23T13:04:17.225882+00:00
3521:3,3521,3,kouko,ku ko,,UNKNOWN,wo,wo,UNKNOWN,no,spacing_merge,"[""spacing_merge"", ""repetition"", ""deletion"", ""insertion""]","[{""operation"": ""delete"", ""formal_text"": ""ku "", ""informal_text"": """", ""formal_start"": 0, ""formal_end"": 3, ""informal_start"": 0, ""informal_end"": 0}, {""operation"": ""insert"", ""formal_text"": """", ""informal_text"": ""uko"", ""formal_start"": 5, ""formal_end"": 5, ""informal_start"": 2, ""informal_end"": 5}]",reviewed,AUTO_SPACING_MERGE,false,spacing_merge_policy,2026-08-23T13:04:17.226881+00:00
3543:13,3543,13,laniouma,la ñu ma,,UNKNOWN,wo,wo,UNKNOWN,no,diacritic,"[""diacritic"", ""spacing_merge"", ""substitution""]","[{""operation"": ""replace"", ""formal_text"": "" ñ"", ""informal_text"": ""nio"", ""formal_start"": 2, ""formal_end"": 4, ""informal_start"": 2, ""informal_end"": 5}, {""operation"": ""delete"", ""formal_text"": "" "", ""informal_text"": """", ""formal_start"": 5, ""formal_end"": 6, ""informal_start"": 6, ""informal_end"": 6}]",reviewed,AUTO_SPACING_MERGE,false,spacing_merge_policy,2026-08-23T13:04:17.226881+00:00
3554:2,3554,2,reynama,rey na ma,,UNKNOWN,wo,wo,UNKNOWN,no,spacing_merge,"[""spacing_merge""]","[{""operation"": ""delete"", ""formal_text"": "" "", ""informal_text"": """", ""formal_start"": 3, ""formal_end"": 4, ""informal_start"": 3, ""informal_end"": 3}, {""operation"": ""delete"", ""formal_text"": "" "", ""informal_text"": """", ""formal_start"": 6, ""formal_end"": 7, ""informal_start"": 5, ""informal_end"": 5}]",reviewed,AUTO_SPACING_MERGE,false,spacing_merge_policy,2026-08-23T13:04:17.227881+00:00
3557:1,3557,1,yama,yaa ma,,UNKNOWN,wo,wo,UNKNOWN,no,spacing_merge,"[""spacing_merge"", ""deletion""]","[{""operation"": ""delete"", ""formal_text"": ""a "", ""informal_text"": """", ""formal_start"": 2, ""formal_end"": 4, ""informal_start"": 2, ""informal_end"": 2}]",reviewed,AUTO_SPACING_MERGE,false,spacing_merge_policy,2026-08-23T13:04:17.227881+00:00
3565:4,3565,4,néna,ne na,,UNKNOWN,wo,wo,UNKNOWN,no,diacritic,"[""diacritic"", ""spacing_merge"", ""substitution""]","[{""operation"": ""replace"", ""formal_text"": ""e "", ""informal_text"": ""é"", ""formal_start"": 1, ""formal_end"": 3, ""informal_start"": 1, ""informal_end"": 2}]",reviewed,AUTO_SPACING_MERGE,false,spacing_merge_policy,2026-08-23T13:04:17.227881+00:00
3566:4,3566,4,motax,moo tax,,UNKNOWN,wo,wo,UNKNOWN,no,spacing_merge,"[""spacing_merge"", ""deletion""]","[{""operation"": ""delete"", ""formal_text"": ""o "", ""informal_text"": """", ""formal_start"": 2, ""formal_end"": 4, ""informal_start"": 2, ""informal_end"": 2}]",reviewed,AUTO_SPACING_MERGE,false,spacing_merge_policy,2026-08-23T13:04:17.228881+00:00
3566:9,3566,9,dilen,di leen,,UNKNOWN,wo,wo,UNKNOWN,no,spacing_merge,"[""spacing_merge"", ""deletion""]","[{""operation"": ""delete"", ""formal_text"": "" "", ""informal_text"": """", ""formal_start"": 2, ""formal_end"": 3, ""informal_start"": 2, ""informal_end"": 2}, {""operation"": ""delete"", ""formal_text"": ""e"", ""informal_text"": """", ""formal_start"": 5, ""formal_end"": 6, ""informal_start"": 4, ""informal_end"": 4}]",reviewed,AUTO_SPACING_MERGE,false,spacing_merge_policy,2026-08-23T13:04:17.228881+00:00
3567:1,3567,1,amna,am na,,UNKNOWN,wo,wo,UNKNOWN,no,spacing_merge,"[""spacing_merge""]","[{""operation"": ""delete"", ""formal_text"": "" "", ""informal_text"": """", ""formal_start"": 2, ""formal_end"": 3, ""informal_start"": 2, ""informal_end"": 2}]",reviewed,AUTO_SPACING_MERGE,false,spacing_merge_policy,2026-08-23T13:04:17.229881+00:00
3570:6,3570,6,gnawna,ñaaw na,,UNKNOWN,wo,wo,UNKNOWN,no,diacritic,"[""diacritic"", ""spacing_merge"", ""substitution""]","[{""operation"": ""replace"", ""formal_text"": ""ña"", ""informal_text"": ""gn"", ""formal_start"": 0, ""formal_end"": 2, ""informal_start"": 0, ""informal_end"": 2}, {""operation"": ""delete"", ""formal_text"": "" "", ""informal_text"": """", ""formal_start"": 4, ""formal_end"": 5, ""informal_start"": 4, ""informal_end"": 4}]",reviewed,AUTO_SPACING_MERGE,false,spacing_merge_policy,2026-08-23T13:04:17.229881+00:00
3579:1,3579,1,néna,ne na,,UNKNOWN,wo,wo,UNKNOWN,no,diacritic,"[""diacritic"", ""spacing_merge"", ""substitution""]","[{""operation"": ""replace"", ""formal_text"": ""e "", ""informal_text"": ""é"", ""formal_start"": 1, ""formal_end"": 3, ""informal_start"": 1, ""informal_end"": 2}]",reviewed,AUTO_SPACING_MERGE,false,spacing_merge_policy,2026-08-23T13:04:17.230881+00:00
3581:5,3581,5,nama,na ma,,UNKNOWN,wo,wo,UNKNOWN,no,spacing_merge,"[""spacing_merge""]","[{""operation"": ""delete"", ""formal_text"": "" "", ""informal_text"": """", ""formal_start"": 2, ""formal_end"": 3, ""informal_start"": 2, ""informal_end"": 2}]",reviewed,AUTO_SPACING_MERGE,false,spacing_merge_policy,2026-08-23T13:04:17.230881+00:00
3592:0,3592,0,amna,am na,,UNKNOWN,wo,wo,UNKNOWN,no,spacing_merge,"[""spacing_merge""]","[{""operation"": ""delete"", ""formal_text"": "" "", ""informal_text"": """", ""formal_start"": 2, ""formal_end"": 3, ""informal_start"": 2, ""informal_end"": 2}]",reviewed,AUTO_SPACING_MERGE,false,spacing_merge_policy,2026-08-23T13:04:17.231881+00:00
3593:7,3593,7,mouyguéne,muy génn,,UNKNOWN,wo,wo,UNKNOWN,no,spacing_merge,"[""spacing_merge"", ""insertion"", ""substitution""]","[{""operation"": ""insert"", ""formal_text"": """", ""informal_text"": ""o"", ""formal_start"": 1, ""formal_end"": 1, ""informal_start"": 1, ""informal_end"": 2}, {""operation"": ""delete"", ""formal_text"": "" "", ""informal_text"": """", ""formal_start"": 3, ""formal_end"": 4, ""informal_start"": 4, ""informal_end"": 4}, {""operation"": ""insert"", ""formal_text"": """", ""informal_text"": ""u"", ""formal_start"": 5, ""formal_end"": 5, ""informal_start"": 5, ""informal_end"": 6}, {""operation"": ""replace"", ""formal_text"": ""n"", ""informal_text"": ""e"", ""formal_start"": 7, ""formal_end"": 8, ""informal_start"": 8, ""informal_end"": 9}]",reviewed,AUTO_SPACING_MERGE,false,spacing_merge_policy,2026-08-23T13:04:17.231881+00:00
3593:11,3593,11,bayila,bàyyi la,,UNKNOWN,wo,wo,UNKNOWN,no,diacritic,"[""diacritic"", ""spacing_merge"", ""substitution""]","[{""operation"": ""replace"", ""formal_text"": ""ày"", ""informal_text"": ""a"", ""formal_start"": 1, ""formal_end"": 3, ""informal_start"": 1, ""informal_end"": 2}, {""operation"": ""delete"", ""formal_text"": "" "", ""informal_text"": """", ""formal_start"": 5, ""formal_end"": 6, ""informal_start"": 4, ""informal_end"": 4}]",reviewed,AUTO_SPACING_MERGE,false,spacing_merge_policy,2026-08-23T13:04:17.231881+00:00
5884:2,5884,2,niagwna,ñaaw na,,UNKNOWN,wo,wo,UNKNOWN,no,diacritic,"[""diacritic"", ""spacing_merge"", ""substitution""]","[{""operation"": ""replace"", ""formal_text"": ""ñ"", ""informal_text"": ""ni"", ""formal_start"": 0, ""formal_end"": 1, ""informal_start"": 0, ""informal_end"": 2}, {""operation"": ""replace"", ""formal_text"": ""a"", ""informal_text"": ""g"", ""formal_start"": 2, ""formal_end"": 3, ""informal_start"": 3, ""informal_end"": 4}, {""operation"": ""delete"", ""formal_text"": "" "", ""informal_text"": """", ""formal_start"": 4, ""formal_end"": 5, ""informal_start"": 5, ""informal_end"": 5}]",reviewed,AUTO_SPACING_MERGE,false,spacing_merge_policy,2026-08-23T13:04:17.232881+00:00
5886:1,5886,1,amna,am na,,UNKNOWN,wo,wo,UNKNOWN,no,spacing_merge,"[""spacing_merge""]","[{""operation"": ""delete"", ""formal_text"": "" "", ""informal_text"": """", ""formal_start"": 2, ""formal_end"": 3, ""informal_start"": 2, ""informal_end"": 2}]",reviewed,AUTO_SPACING_MERGE,false,spacing_merge_policy,2026-08-23T13:04:17.233886+00:00
5890:4,5890,4,nako,naa ko,,UNKNOWN,wo,wo,UNKNOWN,no,spacing_merge,"[""spacing_merge"", ""deletion""]","[{""operation"": ""delete"", ""formal_text"": ""a "", ""informal_text"": """", ""formal_start"": 2, ""formal_end"": 4, ""informal_start"": 2, ""informal_end"": 2}]",reviewed,AUTO_SPACING_MERGE,false,spacing_merge_policy,2026-08-23T13:04:17.233886+00:00
5891:5,5891,5,eska,est ce que,,UNKNOWN,wo,wo,UNKNOWN,no,spacing_merge,"[""spacing_merge"", ""abbreviation"", ""substitution""]","[{""operation"": ""replace"", ""formal_text"": ""t ce que"", ""informal_text"": ""ka"", ""formal_start"": 2, ""formal_end"": 10, ""informal_start"": 2, ""informal_end"": 4}]",reviewed,AUTO_SPACING_MERGE,false,spacing_merge_policy,2026-08-23T13:04:17.233886+00:00
5897:2,5897,2,louko,lu ko,,UNKNOWN,wo,wo,UNKNOWN,no,spacing_merge,"[""spacing_merge"", ""insertion""]","[{""operation"": ""insert"", ""formal_text"": """", ""informal_text"": ""o"", ""formal_start"": 1, ""formal_end"": 1, ""informal_start"": 1, ""informal_end"": 2}, {""operation"": ""delete"", ""formal_text"": "" "", ""informal_text"": """", ""formal_start"": 2, ""formal_end"": 3, ""informal_start"": 3, ""informal_end"": 3}]",reviewed,AUTO_SPACING_MERGE,false,spacing_merge_policy,2026-08-23T13:04:17.234886+00:00
5901:3,5901,3,dagno,da ñoo,,UNKNOWN,wo,wo,UNKNOWN,no,diacritic,"[""diacritic"", ""spacing_merge"", ""deletion"", ""substitution""]","[{""operation"": ""replace"", ""formal_text"": "" ñ"", ""informal_text"": ""gn"", ""formal_start"": 2, ""formal_end"": 4, ""informal_start"": 2, ""informal_end"": 4}, {""operation"": ""delete"", ""formal_text"": ""o"", ""informal_text"": """", ""formal_start"": 5, ""formal_end"": 6, ""informal_start"": 5, ""informal_end"": 5}]",reviewed,AUTO_SPACING_MERGE,false,spacing_merge_policy,2026-08-23T13:04:17.234886+00:00
5901:11,5901,11,dagno,da ñoo,,UNKNOWN,wo,wo,UNKNOWN,no,diacritic,"[""diacritic"", ""spacing_merge"", ""deletion"", ""substitution""]","[{""operation"": ""replace"", ""formal_text"": "" ñ"", ""informal_text"": ""gn"", ""formal_start"": 2, ""formal_end"": 4, ""informal_start"": 2, ""informal_end"": 4}, {""operation"": ""delete"", ""formal_text"": ""o"", ""informal_text"": """", ""formal_start"": 5, ""formal_end"": 6, ""informal_start"": 5, ""informal_end"": 5}]",reviewed,AUTO_SPACING_MERGE,false,spacing_merge_policy,2026-08-23T13:04:17.235887+00:00
5905:0,5905,0,guisngène,gis ngeen,,UNKNOWN,wo,wo,UNKNOWN,no,diacritic,"[""diacritic"", ""spacing_merge"", ""deletion"", ""insertion""]","[{""operation"": ""insert"", ""formal_text"": """", ""informal_text"": ""u"", ""formal_start"": 1, ""formal_end"": 1, ""informal_start"": 1, ""informal_end"": 2}, {""operation"": ""delete"", ""formal_text"": "" "", ""informal_text"": """", ""formal_start"": 3, ""formal_end"": 4, ""informal_start"": 4, ""informal_end"": 4}, {""operation"": ""insert"", ""formal_text"": """", ""informal_text"": ""èn"", ""formal_start"": 6, ""formal_end"": 6, ""informal_start"": 6, ""informal_end"": 8}, {""operation"": ""delete"", ""formal_text"": ""en"", ""informal_text"": """", ""formal_start"": 7, ""formal_end"": 9, ""informal_start"": 9, ""informal_end"": 9}]",reviewed,AUTO_SPACING_MERGE,false,spacing_merge_policy,2026-08-23T13:04:17.235887+00:00
5920:5,5920,5,gněni,ngeen di,,UNKNOWN,wo,wo,UNKNOWN,no,diacritic,"[""diacritic"", ""spacing_merge"", ""abbreviation"", ""deletion"", ""insertion"", ""substitution""]","[{""operation"": ""insert"", ""formal_text"": """", ""informal_text"": ""g"", ""formal_start"": 0, ""formal_end"": 0, ""informal_start"": 0, ""informal_end"": 1}, {""operation"": ""replace"", ""formal_text"": ""gee"", ""informal_text"": ""ě"", ""formal_start"": 1, ""formal_end"": 4, ""informal_start"": 2, ""informal_end"": 3}, {""operation"": ""delete"", ""formal_text"": "" d"", ""informal_text"": """", ""formal_start"": 5, ""formal_end"": 7, ""informal_start"": 4, ""informal_end"": 4}]",reviewed,AUTO_SPACING_MERGE,false,spacing_merge_policy,2026-08-23T13:04:17.236886+00:00
5920:7,5920,7,insbi,ins bi,,UNKNOWN,wo,wo,UNKNOWN,no,spacing_merge,"[""spacing_merge""]","[{""operation"": ""delete"", ""formal_text"": "" "", ""informal_text"": """", ""formal_start"": 3, ""formal_end"": 4, ""informal_start"": 3, ""informal_end"": 3}]",reviewed,AUTO_SPACING_MERGE,false,spacing_merge_policy,2026-08-23T13:04:17.236886+00:00
5931:8,5931,8,moko,moo ko,,UNKNOWN,wo,wo,UNKNOWN,no,spacing_merge,"[""spacing_merge"", ""deletion""]","[{""operation"": ""delete"", ""formal_text"": ""o "", ""informal_text"": """", ""formal_start"": 2, ""formal_end"": 4, ""informal_start"": 2, ""informal_end"": 2}]",reviewed,AUTO_SPACING_MERGE,false,spacing_merge_policy,2026-08-23T13:04:17.237886+00:00
5933:0,5933,0,kanla,kan la,,UNKNOWN,wo,wo,UNKNOWN,no,spacing_merge,"[""spacing_merge""]","[{""operation"": ""delete"", ""formal_text"": "" "", ""informal_text"": """", ""formal_start"": 3, ""formal_end"": 4, ""informal_start"": 3, ""informal_end"": 3}]",reviewed,AUTO_SPACING_MERGE,false,spacing_merge_policy,2026-08-23T13:04:17.237886+00:00
471:1,471,1,sett,seet,seet,VERB,wo,wo,UNKNOWN,no,repetition,"[""repetition"", ""deletion"", ""insertion""]","[{""operation"": ""delete"", ""formal_text"": ""e"", ""informal_text"": """", ""formal_start"": 2, ""formal_end"": 3, ""informal_start"": 2, ""informal_end"": 2}, {""operation"": ""insert"", ""formal_text"": """", ""informal_text"": ""t"", ""formal_start"": 4, ""formal_end"": 4, ""informal_start"": 3, ""informal_end"": 4}]",reviewed,,false,seed_lookup,2026-08-23T13:05:45.452122+00:00
471:2,471,2,li,li,li,DET,wo,wo,UNKNOWN,no,identity,"[""identity""]",[],reviewed,,false,ambiguous_language_seed_lookup,2026-08-23T13:09:17.303835+00:00
471:4,471,4,li,li,li,DET,wo,wo,UNKNOWN,no,identity,"[""identity""]",[],reviewed,AUTO_CONFIRMED_MAPPING_DEFAULT,false,confirmed_mapping_default,2026-08-23T13:09:17.305842+00:00
3521:5,3521,5,li,li,li,DET,wo,wo,UNKNOWN,no,identity,"[""identity""]",[],reviewed,AUTO_CONFIRMED_MAPPING_DEFAULT,false,confirmed_mapping_default,2026-08-23T13:09:17.306832+00:00
3564:0,3564,0,li,li,li,DET,wo,wo,UNKNOWN,no,identity,"[""identity""]",[],reviewed,AUTO_CONFIRMED_MAPPING_DEFAULT,false,confirmed_mapping_default,2026-08-23T13:09:17.306832+00:00
3567:0,3567,0,li,li,li,DET,wo,wo,UNKNOWN,no,identity,"[""identity""]",[],reviewed,AUTO_CONFIRMED_MAPPING_DEFAULT,false,confirmed_mapping_default,2026-08-23T13:09:17.307836+00:00
3570:5,3570,5,li,li,li,DET,wo,wo,UNKNOWN,no,identity,"[""identity""]",[],reviewed,AUTO_CONFIRMED_MAPPING_DEFAULT,false,confirmed_mapping_default,2026-08-23T13:09:17.308838+00:00
3596:1,3596,1,li,li,li,DET,wo,wo,UNKNOWN,no,identity,"[""identity""]",[],reviewed,AUTO_CONFIRMED_MAPPING_DEFAULT,false,confirmed_mapping_default,2026-08-23T13:09:17.309837+00:00
471:5,471,5,yallz,yalla,yalla,NOUN,wo,wo,OTHER,yes,substitution,"[""substitution""]","[{""operation"": ""replace"", ""formal_text"": ""a"", ""informal_text"": ""z"", ""formal_start"": 4, ""formal_end"": 5, ""informal_start"": 4, ""informal_end"": 5}]",reviewed,,false,curated_lookup,2026-08-23T13:09:28.010599+00:00
471:7,471,7,diekh,jeex,jeex,VERB,wo,wo,UNKNOWN,no,substitution,"[""substitution"", ""phonetic_spelling""]","[{""operation"": ""replace"", ""formal_text"": ""j"", ""informal_text"": ""di"", ""formal_start"": 0, ""formal_end"": 1, ""informal_start"": 0, ""informal_end"": 2}, {""operation"": ""replace"", ""formal_text"": ""ex"", ""informal_text"": ""kh"", ""formal_start"": 2, ""formal_end"": 4, ""informal_start"": 3, ""informal_end"": 5}]",reviewed,,false,seed_lookup,2026-08-23T13:09:33.291090+00:00
471:8,471,8,way,waay,waay,INTJ,wo,wo,UNKNOWN,no,deletion,"[""deletion""]","[{""operation"": ""delete"", ""formal_text"": ""a"", ""informal_text"": """", ""formal_start"": 2, ""formal_end"": 3, ""informal_start"": 2, ""informal_end"": 2}]",reviewed,,false,seed_lookup,2026-08-23T13:09:43.449100+00:00
472:0,472,0,goné,gone,gone,NOUN,wo,wo,UNKNOWN,no,diacritic,"[""diacritic"", ""phonetic_spelling""]","[{""operation"": ""replace"", ""formal_text"": ""e"", ""informal_text"": ""é"", ""formal_start"": 3, ""formal_end"": 4, ""informal_start"": 3, ""informal_end"": 4}]",reviewed,,false,ambiguous_language_seed_lookup,2026-08-23T13:09:59.331084+00:00
472:1,472,1,gui,gi,gi,DET,wo,wo,UNKNOWN,no,insertion,"[""insertion"", ""phonetic_spelling""]","[{""operation"": ""insert"", ""formal_text"": """", ""informal_text"": ""u"", ""formal_start"": 1, ""formal_end"": 1, ""informal_start"": 1, ""informal_end"": 2}]",reviewed,,false,ambiguous_language_seed_lookup,2026-08-23T13:10:14.524186+00:00
472:2,472,2,meuna,mëna,mëna,VERB,wo,wo,UNKNOWN,no,diacritic,"[""diacritic"", ""substitution"", ""phonetic_spelling""]","[{""operation"": ""replace"", ""formal_text"": ""ë"", ""informal_text"": ""eu"", ""formal_start"": 1, ""formal_end"": 2, ""informal_start"": 1, ""informal_end"": 3}]",reviewed,,true,manual,2026-08-23T13:10:30.419853+00:00
474:1,474,1,couple,couple,couple,NOUN,fr,fr,UNKNOWN,yes,identity,"[""identity""]",[],reviewed,,false,french_seed_lookup,2026-08-23T13:10:36.879385+00:00
474:2,474,2,sakh,sax,sax,ADV,wo,wo,UNKNOWN,no,substitution,"[""substitution"", ""phonetic_spelling""]","[{""operation"": ""replace"", ""formal_text"": ""x"", ""informal_text"": ""kh"", ""formal_start"": 2, ""formal_end"": 3, ""informal_start"": 2, ""informal_end"": 4}]",reviewed,,false,ambiguous_language_seed_lookup,2026-08-23T13:10:51.095416+00:00
3576:13,3576,13,sakh,sax,sax,ADV,wo,wo,UNKNOWN,no,substitution,"[""substitution"", ""phonetic_spelling""]","[{""operation"": ""replace"", ""formal_text"": ""x"", ""informal_text"": ""kh"", ""formal_start"": 2, ""formal_end"": 3, ""informal_start"": 2, ""informal_end"": 4}]",reviewed,AUTO_CONFIRMED_MAPPING_DEFAULT,false,confirmed_mapping_default,2026-08-23T13:10:51.098430+00:00
5931:5,5931,5,sakh,sax,sax,ADV,wo,wo,UNKNOWN,no,substitution,"[""substitution"", ""phonetic_spelling""]","[{""operation"": ""replace"", ""formal_text"": ""x"", ""informal_text"": ""kh"", ""formal_start"": 2, ""formal_end"": 3, ""informal_start"": 2, ""informal_end"": 4}]",reviewed,AUTO_CONFIRMED_MAPPING_DEFAULT,false,confirmed_mapping_default,2026-08-23T13:10:51.098430+00:00
474:3,474,3,nekhoul,neexul,neexul,VERB,wo,wo,UNKNOWN,no,substitution,"[""substitution"", ""phonetic_spelling""]","[{""operation"": ""replace"", ""formal_text"": ""ex"", ""informal_text"": ""kho"", ""formal_start"": 2, ""formal_end"": 4, ""informal_start"": 2, ""informal_end"": 5}]",reviewed,,true,manual,2026-08-23T13:11:04.122377+00:00
476:1,476,1,fékhé,fexe,fexe,VERB,wo,wo,UNKNOWN,no,diacritic,"[""diacritic"", ""substitution"", ""phonetic_spelling""]","[{""operation"": ""replace"", ""formal_text"": ""exe"", ""informal_text"": ""ékhé"", ""formal_start"": 1, ""formal_end"": 4, ""informal_start"": 1, ""informal_end"": 5}]",reviewed,,false,seed_lookup,2026-08-23T13:11:15.960089+00:00
476:4,476,4,gnou,ñu,ñu,PRON,wo,wo,UNKNOWN,no,diacritic,"[""diacritic"", ""substitution"", ""phonetic_spelling""]","[{""operation"": ""replace"", ""formal_text"": ""ñ"", ""informal_text"": ""gno"", ""formal_start"": 0, ""formal_end"": 1, ""informal_start"": 0, ""informal_end"": 3}]",reviewed,,false,seed_lookup,2026-08-23T13:11:38.298231+00:00
487:2,487,2,premiére,première,premier,ADJ,fr,fr,UNKNOWN,yes,french_spelling,"[""french_spelling""]","[{""operation"": ""replace"", ""formal_text"": ""è"", ""informal_text"": ""é"", ""formal_start"": 5, ""formal_end"": 6, ""informal_start"": 5, ""informal_end"": 6}]",reviewed,,false,french_seed_lookup,2026-08-23T13:11:47.505582+00:00
487:5,487,5,bagne,bañ,bañ,VERB,wo,wo,UNKNOWN,no,diacritic,"[""diacritic"", ""substitution"", ""phonetic_spelling""]","[{""operation"": ""replace"", ""formal_text"": ""ñ"", ""informal_text"": ""gne"", ""formal_start"": 2, ""formal_end"": 3, ""informal_start"": 2, ""informal_end"": 5}]",reviewed,,false,seed_lookup,2026-08-23T13:11:57.025374+00:00
487:8,487,8,serié,série,série,NOUN,fr,fr,UNKNOWN,yes,french_spelling,"[""french_spelling""]","[{""operation"": ""replace"", ""formal_text"": ""é"", ""informal_text"": ""e"", ""formal_start"": 1, ""formal_end"": 2, ""informal_start"": 1, ""informal_end"": 2}, {""operation"": ""replace"", ""formal_text"": ""e"", ""informal_text"": ""é"", ""formal_start"": 4, ""formal_end"": 5, ""informal_start"": 4, ""informal_end"": 5}]",reviewed,,false,french_seed_lookup,2026-08-23T13:12:01.845922+00:00
3521:0,3521,0,mais,mais,mais,CCONJ,fr,fr,UNKNOWN,yes,identity,"[""identity""]",[],reviewed,,false,french_seed_lookup,2026-08-23T13:12:15.525228+00:00
3521:1,3521,1,song,song,song,UNKNOWN,fr,fr,UNKNOWN,yes,identity,"[""identity""]",[],uncertain,,false,ambiguous_language_seed_lookup,2026-08-23T13:12:41.829749+00:00
3534:0,3534,0,amdy,amdy,amdy,PROPN,unknown,unknown,PERSON,yes,identity,"[""identity""]",[],reviewed,,true,manual,2026-08-23T13:12:49.011371+00:00
3534:2,3534,2,amdy,amdy,amdy,PROPN,unknown,unknown,PERSON,yes,identity,"[""identity""]",[],reviewed,AUTO_IDENTITY_LOOKUP,false,curated_lookup,2026-08-23T13:12:49.013362+00:00
3534:1,3534,1,ioe,yow,yow,PRON,wo,wo,UNKNOWN,no,substitution,"[""substitution""]","[{""operation"": ""replace"", ""formal_text"": ""y"", ""informal_text"": ""i"", ""formal_start"": 0, ""formal_end"": 1, ""informal_start"": 0, ""informal_end"": 1}, {""operation"": ""replace"", ""formal_text"": ""w"", ""informal_text"": ""e"", ""formal_start"": 2, ""formal_end"": 3, ""informal_start"": 2, ""informal_end"": 3}]",reviewed,,false,seed_lookup,2026-08-23T13:12:55.084925+00:00
3534:3,3534,3,ioe,yow,yow,PRON,wo,wo,UNKNOWN,no,substitution,"[""substitution""]","[{""operation"": ""replace"", ""formal_text"": ""y"", ""informal_text"": ""i"", ""formal_start"": 0, ""formal_end"": 1, ""informal_start"": 0, ""informal_end"": 1}, {""operation"": ""replace"", ""formal_text"": ""w"", ""informal_text"": ""e"", ""formal_start"": 2, ""formal_end"": 3, ""informal_start"": 2, ""informal_end"": 3}]",reviewed,,false,seed_lookup,2026-08-23T13:13:04.755148+00:00
3534:4,3534,4,diémo,jéemo,jéemo,VERB,wo,wo,UNKNOWN,no,deletion,"[""deletion"", ""substitution""]","[{""operation"": ""replace"", ""formal_text"": ""j"", ""informal_text"": ""di"", ""formal_start"": 0, ""formal_end"": 1, ""informal_start"": 0, ""informal_end"": 2}, {""operation"": ""delete"", ""formal_text"": ""e"", ""informal_text"": """", ""formal_start"": 2, ""formal_end"": 3, ""informal_start"": 3, ""informal_end"": 3}]",reviewed,,true,manual,2026-08-23T13:13:21.950133+00:00
3534:5,3534,5,dra,dara,dara,ADV,wo,wo,UNKNOWN,no,abbreviation,"[""abbreviation""]","[{""operation"": ""delete"", ""formal_text"": ""a"", ""informal_text"": """", ""formal_start"": 1, ""formal_end"": 2, ""informal_start"": 1, ""informal_end"": 1}]",reviewed,,false,seed_lookup,2026-08-23T13:13:31.959222+00:00
3541:1,3541,1,clando,clando,clando,UNKNOWN,unknown,fr,UNKNOWN,uncertain,identity,"[""identity""]",[],uncertain,,true,manual,2026-08-23T13:13:43.091178+00:00
3541:3,3541,3,tmitt,tamit,tamit,UNKNOWN,wo,wo,UNKNOWN,no,abbreviation,"[""abbreviation"", ""repetition"", ""deletion"", ""insertion""]","[{""operation"": ""delete"", ""formal_text"": ""a"", ""informal_text"": """", ""formal_start"": 1, ""formal_end"": 2, ""informal_start"": 1, ""informal_end"": 1}, {""operation"": ""insert"", ""formal_text"": """", ""informal_text"": ""t"", ""formal_start"": 5, ""formal_end"": 5, ""informal_start"": 4, ""informal_end"": 5}]",reviewed,,true,curated_lookup,2026-08-23T13:13:55.381455+00:00
3541:5,3541,5,sounou,sonn,sonn,VERB,wo,wo,UNKNOWN,no,insertion,"[""insertion"", ""substitution""]","[{""operation"": ""insert"", ""formal_text"": """", ""informal_text"": ""u"", ""formal_start"": 2, ""formal_end"": 2, ""informal_start"": 2, ""informal_end"": 3}, {""operation"": ""replace"", ""formal_text"": ""n"", ""informal_text"": ""ou"", ""formal_start"": 3, ""formal_end"": 4, ""informal_start"": 4, ""informal_end"": 6}]",reviewed,,false,seed_lookup,2026-08-23T13:14:02.635923+00:00
3543:0,3543,0,tay,tay,tay,UNKNOWN,wo,wo,UNKNOWN,no,identity,"[""identity""]",[],reviewed,,false,seed_lookup,2026-08-23T13:14:16.036419+00:00
3543:1,3543,1,lay,laay,laay,UNKNOWN,wo,wo,UNKNOWN,no,deletion,"[""deletion""]","[{""operation"": ""delete"", ""formal_text"": ""a"", ""informal_text"": """", ""formal_start"": 2, ""formal_end"": 3, ""informal_start"": 2, ""informal_end"": 2}]",reviewed,,true,seed_lookup,2026-08-23T13:14:26.793346+00:00
3543:2,3543,2,niouss,ñuus,ñuus,VERB,wo,wo,UNKNOWN,no,diacritic,"[""diacritic"", ""repetition"", ""insertion"", ""substitution"", ""phonetic_spelling""]","[{""operation"": ""replace"", ""formal_text"": ""ñu"", ""informal_text"": ""nio"", ""formal_start"": 0, ""formal_end"": 2, ""informal_start"": 0, ""informal_end"": 3}, {""operation"": ""insert"", ""formal_text"": """", ""informal_text"": ""s"", ""formal_start"": 4, ""formal_end"": 4, ""informal_start"": 5, ""informal_end"": 6}]",reviewed,,true,manual,2026-08-23T13:14:44.059217+00:00
3543:6,3543,6,bania,baña,baña,VERB,wo,wo,UNKNOWN,no,diacritic,"[""diacritic"", ""substitution"", ""phonetic_spelling""]","[{""operation"": ""replace"", ""formal_text"": ""ñ"", ""informal_text"": ""ni"", ""formal_start"": 2, ""formal_end"": 3, ""informal_start"": 2, ""informal_end"": 4}]",reviewed,,false,seed_lookup,2026-08-23T13:15:12.697226+00:00
3543:7,3543,7,khol,xool,xool,VERB,wo,wo,UNKNOWN,no,substitution,"[""substitution""]","[{""operation"": ""replace"", ""formal_text"": ""xo"", ""informal_text"": ""kh"", ""formal_start"": 0, ""formal_end"": 2, ""informal_start"": 0, ""informal_end"": 2}]",reviewed,,false,seed_lookup,2026-08-23T13:15:32.090889+00:00
3543:8,3543,8,ben,benn,benn,NOUN,wo,wo,UNKNOWN,no,deletion,"[""deletion""]","[{""operation"": ""delete"", ""formal_text"": ""n"", ""informal_text"": """", ""formal_start"": 3, ""formal_end"": 4, ""informal_start"": 3, ""informal_end"": 3}]",reviewed,,false,seed_lookup,2026-08-23T13:16:17.961856+00:00
3543:9,3543,9,place,place,place,NOUN,fr,fr,UNKNOWN,yes,identity,"[""identity""]",[],reviewed,,false,french_seed_lookup,2026-08-23T13:16:26.095903+00:00
3543:10,3543,10,ibnou,ibnou,ibnou,PROPN,unknown,unknown,PERSON,yes,identity,"[""identity""]",[],reviewed,,true,manual,2026-08-23T13:16:32.024101+00:00
3554:0,3554,0,ibnou,ibnou,ibnou,PROPN,unknown,unknown,PERSON,yes,identity,"[""identity""]",[],reviewed,AUTO_IDENTITY_LOOKUP,false,curated_lookup,2026-08-23T13:16:32.026097+00:00
3588:1,3588,1,ibnou,ibnou,ibnou,PROPN,unknown,unknown,PERSON,yes,identity,"[""identity""]",[],reviewed,AUTO_IDENTITY_LOOKUP,false,curated_lookup,2026-08-23T13:16:32.026097+00:00
5890:1,5890,1,ibnou,ibnou,ibnou,PROPN,unknown,unknown,PERSON,yes,identity,"[""identity""]",[],reviewed,AUTO_IDENTITY_LOOKUP,false,curated_lookup,2026-08-23T13:16:32.026097+00:00
5931:0,5931,0,ibnou,ibnou,ibnou,PROPN,unknown,unknown,PERSON,yes,identity,"[""identity""]",[],reviewed,AUTO_IDENTITY_LOOKUP,false,curated_lookup,2026-08-23T13:16:32.027097+00:00
3543:14,3543,14,toudeh,tudde,tudde,VERB,wo,wo,UNKNOWN,no,deletion,"[""deletion"", ""insertion""]","[{""operation"": ""insert"", ""formal_text"": """", ""informal_text"": ""o"", ""formal_start"": 1, ""formal_end"": 1, ""informal_start"": 1, ""informal_end"": 2}, {""operation"": ""delete"", ""formal_text"": ""d"", ""informal_text"": """", ""formal_start"": 3, ""formal_end"": 4, ""informal_start"": 4, ""informal_end"": 4}, {""operation"": ""insert"", ""formal_text"": """", ""informal_text"": ""h"", ""formal_start"": 5, ""formal_end"": 5, ""informal_start"": 5, ""informal_end"": 6}]",reviewed,,false,seed_lookup,2026-08-23T13:16:44.640965+00:00
3557:2,3557,2,ligey,liggéey,liggéey,VERB,wo,wo,UNKNOWN,no,diacritic,"[""diacritic"", ""deletion""]","[{""operation"": ""delete"", ""formal_text"": ""gé"", ""informal_text"": """", ""formal_start"": 3, ""formal_end"": 5, ""informal_start"": 3, ""informal_end"": 3}]",reviewed,,false,seed_lookup,2026-08-23T13:16:53.709140+00:00
3557:5,3557,5,gate,gàtt,gàtt,VERB,wo,wo,UNKNOWN,no,diacritic,"[""diacritic"", ""substitution""]","[{""operation"": ""replace"", ""formal_text"": ""à"", ""informal_text"": ""a"", ""formal_start"": 1, ""formal_end"": 2, ""informal_start"": 1, ""informal_end"": 2}, {""operation"": ""replace"", ""formal_text"": ""t"", ""informal_text"": ""e"", ""formal_start"": 3, ""formal_end"": 4, ""informal_start"": 3, ""informal_end"": 4}]",reviewed,,false,seed_lookup,2026-08-23T13:17:03.697283+00:00
3561:1,3561,1,leyla,leyla,leyla,PROPN,unknown,unknown,PERSON,yes,identity,"[""identity""]",[],reviewed,,true,manual,2026-08-23T13:17:09.643663+00:00
3561:2,3561,2,eumboul,ëmbul,ëmbul,VERB,wo,wo,UNKNOWN,no,diacritic,"[""diacritic"", ""insertion"", ""substitution"", ""phonetic_spelling""]","[{""operation"": ""replace"", ""formal_text"": ""ë"", ""informal_text"": ""eu"", ""formal_start"": 0, ""formal_end"": 1, ""informal_start"": 0, ""informal_end"": 2}, {""operation"": ""insert"", ""formal_text"": """", ""informal_text"": ""o"", ""formal_start"": 3, ""formal_end"": 3, ""informal_start"": 4, ""informal_end"": 5}]",reviewed,,true,manual,2026-08-23T13:17:27.133837+00:00
3561:3,3561,3,won,woon,woon,VERB,wo,wo,UNKNOWN,no,deletion,"[""deletion""]","[{""operation"": ""delete"", ""formal_text"": ""o"", ""informal_text"": """", ""formal_start"": 2, ""formal_end"": 3, ""informal_start"": 2, ""informal_end"": 2}]",reviewed,,false,seed_lookup,2026-08-23T13:17:35.820454+00:00
3564:1,3564,1,nékh,neex,neex,VERB,wo,wo,UNKNOWN,no,diacritic,"[""diacritic"", ""substitution"", ""phonetic_spelling""]","[{""operation"": ""replace"", ""formal_text"": ""eex"", ""informal_text"": ""ékh"", ""formal_start"": 1, ""formal_end"": 4, ""informal_start"": 1, ""informal_end"": 4}]",reviewed,,false,seed_lookup,2026-08-23T13:17:44.048143+00:00
3565:2,3565,2,autom,wotom,wotom,NOUN,wo,wo,UNKNOWN,no,substitution,"[""substitution""]","[{""operation"": ""replace"", ""formal_text"": ""wo"", ""informal_text"": ""au"", ""formal_start"": 0, ""formal_end"": 2, ""informal_start"": 0, ""informal_end"": 2}]",reviewed,,true,manual,2026-08-23T13:18:14.476337+00:00
3565:5,3565,5,vert,vert,vert,NOUN,fr,fr,UNKNOWN,yes,identity,"[""identity""]",[],reviewed,,false,french_seed_lookup,2026-08-23T13:18:35.611469+00:00
3565:7,3565,7,dou,du,du,UNKNOWN,wo,wo,UNKNOWN,no,insertion,"[""insertion"", ""phonetic_spelling""]","[{""operation"": ""insert"", ""formal_text"": """", ""informal_text"": ""o"", ""formal_start"": 1, ""formal_end"": 1, ""informal_start"": 1, ""informal_end"": 2}]",uncertain,,false,ambiguous_language_seed_lookup,2026-08-23T13:18:51.264886+00:00
3565:8,3565,8,yégue,yéeg,yéeg,VERB,wo,wo,UNKNOWN,no,deletion,"[""deletion"", ""insertion""]","[{""operation"": ""insert"", ""formal_text"": """", ""informal_text"": ""gu"", ""formal_start"": 2, ""formal_end"": 2, ""informal_start"": 2, ""informal_end"": 4}, {""operation"": ""delete"", ""formal_text"": ""g"", ""informal_text"": """", ""formal_start"": 3, ""formal_end"": 4, ""informal_start"": 5, ""informal_end"": 5}]",reviewed,,false,seed_lookup,2026-08-23T13:20:25.545809+00:00
3566:0,3566,0,papeu,papeu,papeu,PROPN,unknown,unknown,PERSON,yes,identity,"[""identity""]",[],reviewed,,true,manual,2026-08-23T13:20:37.455976+00:00
3566:2,3566,2,day,day,day,UNKNOWN,wo,wo,UNKNOWN,no,identity,"[""identity""]",[],reviewed,,false,seed_lookup,2026-08-23T13:20:46.215563+00:00
3566:3,3566,3,takk,takk,takk,VERB,wo,wo,UNKNOWN,no,identity,"[""identity""]",[],reviewed,,false,seed_lookup,2026-08-23T13:20:53.183583+00:00
3566:6,3566,6,wo,woo,woo,VERB,wo,wo,UNKNOWN,no,deletion,"[""deletion""]","[{""operation"": ""delete"", ""formal_text"": ""o"", ""informal_text"": """", ""formal_start"": 2, ""formal_end"": 3, ""informal_start"": 2, ""informal_end"": 2}]",reviewed,,false,seed_lookup,2026-08-23T13:21:00.853513+00:00
3566:7,3566,7,dôme,doom,doom,NOUN,wo,wo,UNKNOWN,no,diacritic,"[""diacritic"", ""insertion"", ""substitution""]","[{""operation"": ""replace"", ""formal_text"": ""oo"", ""informal_text"": ""ô"", ""formal_start"": 1, ""formal_end"": 3, ""informal_start"": 1, ""informal_end"": 2}, {""operation"": ""insert"", ""formal_text"": """", ""informal_text"": ""e"", ""formal_start"": 4, ""formal_end"": 4, ""informal_start"": 3, ""informal_end"": 4}]",reviewed,,false,seed_lookup,2026-08-23T13:21:08.765444+00:00
3566:10,3566,10,lathie,laaj,laaj,VERB,wo,wo,UNKNOWN,no,substitution,"[""substitution""]","[{""operation"": ""replace"", ""formal_text"": ""aj"", ""informal_text"": ""thie"", ""formal_start"": 2, ""formal_end"": 4, ""informal_start"": 2, ""informal_end"": 6}]",reviewed,,false,seed_lookup,2026-08-23T13:21:28.249439+00:00
3566:11,3566,11,sen,seen,Seen,DET,wo,wo,UNKNOWN,no,deletion,"[""deletion""]","[{""operation"": ""delete"", ""formal_text"": ""e"", ""informal_text"": """", ""formal_start"": 2, ""formal_end"": 3, ""informal_start"": 2, ""informal_end"": 2}]",reviewed,,false,seed_lookup,2026-08-23T13:21:41.426750+00:00
3569:0,3569,0,ibrahim,ibrahim,ibrahim,PROPN,unknown,unknown,PERSON,yes,identity,"[""identity""]",[],reviewed,,true,manual,2026-08-23T13:21:49.572439+00:00
3569:2,3569,2,amount,amul,amul,VERB,wo,wo,UNKNOWN,no,insertion,"[""insertion"", ""substitution""]","[{""operation"": ""insert"", ""formal_text"": """", ""informal_text"": ""o"", ""formal_start"": 2, ""formal_end"": 2, ""informal_start"": 2, ""informal_end"": 3}, {""operation"": ""replace"", ""formal_text"": ""l"", ""informal_text"": ""nt"", ""formal_start"": 3, ""formal_end"": 4, ""informal_start"": 4, ""informal_end"": 6}]",reviewed,,false,curated_lookup,2026-08-23T13:23:08.317247+00:00
3569:3,3569,3,morome,morom,morom,NOUN,wo,wo,UNKNOWN,no,insertion,"[""insertion""]","[{""operation"": ""insert"", ""formal_text"": """", ""informal_text"": ""e"", ""formal_start"": 5, ""formal_end"": 5, ""informal_start"": 5, ""informal_end"": 6}]",reviewed,,false,seed_lookup,2026-08-23T13:23:15.675530+00:00
3570:0,3570,0,lou,lu,lu,CCONJ,wo,wo,UNKNOWN,no,insertion,"[""insertion"", ""phonetic_spelling""]","[{""operation"": ""insert"", ""formal_text"": """", ""informal_text"": ""o"", ""formal_start"": 1, ""formal_end"": 1, ""informal_start"": 1, ""informal_end"": 2}]",reviewed,,false,ambiguous_language_seed_lookup,2026-08-23T13:23:42.404674+00:00
3570:1,3570,1,bonne,bon,bon,VERB,wo,wo,UNKNOWN,no,repetition,"[""repetition"", ""insertion""]","[{""operation"": ""insert"", ""formal_text"": """", ""informal_text"": ""ne"", ""formal_start"": 3, ""formal_end"": 3, ""informal_start"": 3, ""informal_end"": 5}]",reviewed,,false,ambiguous_language_seed_lookup,2026-08-23T13:24:06.731261+00:00
3570:3,3570,3,mouthieu,mucc,mucc,NOUN,wo,wo,UNKNOWN,no,insertion,"[""insertion"", ""substitution""]","[{""operation"": ""insert"", ""formal_text"": """", ""informal_text"": ""o"", ""formal_start"": 1, ""formal_end"": 1, ""informal_start"": 1, ""informal_end"": 2}, {""operation"": ""replace"", ""formal_text"": ""cc"", ""informal_text"": ""thieu"", ""formal_start"": 2, ""formal_end"": 4, ""informal_start"": 3, ""informal_end"": 8}]",reviewed,,false,seed_lookup,2026-08-23T13:24:23.875550+00:00
3570:4,3570,4,bilay,bilay,bilay,UNKNOWN,wo,wo,UNKNOWN,no,identity,"[""identity""]",[],reviewed,,true,manual,2026-08-23T13:24:37.607193+00:00
3575:0,3575,0,thiapp,capp,capp,VERB,wo,wo,UNKNOWN,no,substitution,"[""substitution"", ""phonetic_spelling""]","[{""operation"": ""replace"", ""formal_text"": ""c"", ""informal_text"": ""thi"", ""formal_start"": 0, ""formal_end"": 1, ""informal_start"": 0, ""informal_end"": 3}]",reviewed,,false,seed_lookup,2026-08-23T13:24:48.990975+00:00
3575:2,3575,2,si,si,si,UNKNOWN,wo,wo,UNKNOWN,no,identity,"[""identity""]",[],reviewed,AUTO_CONFIRMED_MAPPING_DEFAULT,false,confirmed_mapping_default,2026-08-23T13:25:48.785947+00:00
3575:4,3575,4,sandi,sànni,sànni,VERB,wo,wo,UNKNOWN,no,diacritic,"[""diacritic"", ""substitution""]","[{""operation"": ""replace"", ""formal_text"": ""à"", ""informal_text"": ""a"", ""formal_start"": 1, ""formal_end"": 2, ""informal_start"": 1, ""informal_end"": 2}, {""operation"": ""replace"", ""formal_text"": ""n"", ""informal_text"": ""d"", ""formal_start"": 3, ""formal_end"": 4, ""informal_start"": 3, ""informal_end"": 4}]",reviewed,,false,seed_lookup,2026-08-23T13:25:59.448422+00:00
3575:6,3575,6,si,si,si,UNKNOWN,wo,wo,UNKNOWN,no,identity,"[""identity""]",[],reviewed,AUTO_CONFIRMED_MAPPING_DEFAULT,false,confirmed_mapping_default,2026-08-23T13:27:32.983296+00:00
3575:7,3575,7,al,àll,àll,NOUN,wo,wo,UNKNOWN,no,diacritic,"[""diacritic"", ""deletion"", ""substitution""]","[{""operation"": ""replace"", ""formal_text"": ""à"", ""informal_text"": ""a"", ""formal_start"": 0, ""formal_end"": 1, ""informal_start"": 0, ""informal_end"": 1}, {""operation"": ""delete"", ""formal_text"": ""l"", ""informal_text"": """", ""formal_start"": 2, ""formal_end"": 3, ""informal_start"": 2, ""informal_end"": 2}]",reviewed,,false,seed_lookup,2026-08-23T13:27:39.447276+00:00
3576:0,3576,0,ngaka,ngaka,ngaka,PROPN,unknown,unknown,PERSON,yes,identity,"[""identity""]",[],reviewed,,true,manual,2026-08-23T13:27:49.699578+00:00
3576:1,3576,1,comme,comme,comme,CCONJ,fr,fr,UNKNOWN,yes,identity,"[""identity""]",[],reviewed,,false,french_seed_lookup,2026-08-23T13:27:59.079260+00:00
3576:2,3576,2,un,un,un,DET,fr,fr,UNKNOWN,yes,identity,"[""identity""]",[],reviewed,,false,ambiguous_language_seed_lookup,2026-08-23T13:28:14.196449+00:00
3576:4,3576,4,de,de,de,DET,fr,fr,UNKNOWN,yes,identity,"[""identity""]",[],reviewed,AUTO_CONFIRMED_MAPPING_DEFAULT,false,confirmed_mapping_default,2026-08-23T13:29:29.856680+00:00
3576:6,3576,6,ans,ans,ans,NOUN,fr,fr,UNKNOWN,yes,identity,"[""identity""]",[],reviewed,,true,manual,2026-08-24T17:20:23.901124+00:00
3576:8,3576,8,se,se,se,PRON,fr,fr,UNKNOWN,yes,identity,"[""identity""]",[],reviewed,,false,french_seed_lookup,2026-08-24T17:20:33.374189+00:00
3576:9,3576,9,cherche,cherche,cherche,VERB,fr,fr,UNKNOWN,yes,identity,"[""identity""]",[],reviewed,,false,french_seed_lookup,2026-08-24T17:20:39.905283+00:00
3576:10,3576,10,da,da,da,UNKNOWN,wo,wo,UNKNOWN,no,identity,"[""identity""]",[],reviewed,,false,ambiguous_language_seed_lookup,2026-08-24T17:21:14.833288+00:00
3576:11,3576,11,gueye,ngay,ngay,VERB,wo,wo,UNKNOWN,no,multiple,"[""multiple""]","[{""operation"": ""delete"", ""formal_text"": ""n"", ""informal_text"": """", ""formal_start"": 0, ""formal_end"": 1, ""informal_start"": 0, ""informal_end"": 0}, {""operation"": ""replace"", ""formal_text"": ""a"", ""informal_text"": ""ue"", ""formal_start"": 2, ""formal_end"": 3, ""informal_start"": 1, ""informal_end"": 3}, {""operation"": ""insert"", ""formal_text"": """", ""informal_text"": ""e"", ""formal_start"": 4, ""formal_end"": 4, ""informal_start"": 4, ""informal_end"": 5}]",reviewed,,true,curated_lookup,2026-08-24T17:21:40.156886+00:00
3576:12,3576,12,rousse,rus,rus,VERB,wo,wo,UNKNOWN,no,repetition,"[""repetition"", ""insertion"", ""phonetic_spelling""]","[{""operation"": ""insert"", ""formal_text"": """", ""informal_text"": ""o"", ""formal_start"": 1, ""formal_end"": 1, ""informal_start"": 1, ""informal_end"": 2}, {""operation"": ""insert"", ""formal_text"": """", ""informal_text"": ""se"", ""formal_start"": 3, ""formal_end"": 3, ""informal_start"": 4, ""informal_end"": 6}]",reviewed,,false,ambiguous_language_seed_lookup,2026-08-24T17:21:53.390177+00:00
3576:14,3576,14,fethieul,feccal,feccal,VERB,wo,wo,UNKNOWN,no,substitution,"[""substitution"", ""phonetic_spelling""]","[{""operation"": ""replace"", ""formal_text"": ""cca"", ""informal_text"": ""thieu"", ""formal_start"": 2, ""formal_end"": 5, ""informal_start"": 2, ""informal_end"": 7}]",reviewed,,true,manual,2026-08-24T17:22:16.337365+00:00
3576:15,3576,15,président,président,président,NOUN,fr,fr,UNKNOWN,yes,identity,"[""identity""]",[],reviewed,,false,french_seed_lookup,2026-08-24T17:22:24.392090+00:00
3576:17,3576,17,dip,dip,dip,PROPN,unknown,unknown,PERSON,yes,identity,"[""identity""]",[],reviewed,,true,manual,2026-08-24T17:22:31.632866+00:00
3576:18,3576,18,on,on,on,PRON,fr,fr,UNKNOWN,yes,identity,"[""identity""]",[],reviewed,,false,french_seed_lookup,2026-08-24T17:22:37.734320+00:00
3576:20,3576,20,le,le,le,DET,fr,fr,UNKNOWN,yes,identity,"[""identity""]",[],reviewed,,false,french_seed_lookup,2026-08-24T17:22:46.820123+00:00
3576:22,3576,22,plus,plus,plus,ADV,fr,fr,UNKNOWN,yes,identity,"[""identity""]",[],reviewed,,false,french_seed_lookup,2026-08-24T17:22:52.780703+00:00
3577:2,3577,2,kom,comme,comme,ADV,fr,fr,UNKNOWN,yes,french_spelling,"[""french_spelling""]","[{""operation"": ""replace"", ""formal_text"": ""c"", ""informal_text"": ""k"", ""formal_start"": 0, ""formal_end"": 1, ""informal_start"": 0, ""informal_end"": 1}, {""operation"": ""delete"", ""formal_text"": ""me"", ""informal_text"": """", ""formal_start"": 3, ""formal_end"": 5, ""informal_start"": 3, ""informal_end"": 3}]",reviewed,,false,french_seed_lookup,2026-08-24T17:23:18.234077+00:00
3577:4,3577,4,dooff,dof,dof,NOUN,wo,wo,UNKNOWN,no,repetition,"[""repetition"", ""insertion""]","[{""operation"": ""insert"", ""formal_text"": """", ""informal_text"": ""o"", ""formal_start"": 2, ""formal_end"": 2, ""informal_start"": 2, ""informal_end"": 3}, {""operation"": ""insert"", ""formal_text"": """", ""informal_text"": ""f"", ""formal_start"": 3, ""formal_end"": 3, ""informal_start"": 4, ""informal_end"": 5}]",reviewed,,false,seed_lookup,2026-08-24T17:23:29.706245+00:00
3579:4,3579,4,maneu,man,man,PRON,wo,wo,UNKNOWN,no,insertion,"[""insertion""]","[{""operation"": ""insert"", ""formal_text"": """", ""informal_text"": ""eu"", ""formal_start"": 3, ""formal_end"": 3, ""informal_start"": 3, ""informal_end"": 5}]",reviewed,,false,ambiguous_language_seed_lookup,2026-08-24T17:23:51.504272+00:00
3579:6,3579,6,liguey,liggéey,liggéey,VERB,wo,wo,UNKNOWN,no,diacritic,"[""diacritic"", ""substitution""]","[{""operation"": ""replace"", ""formal_text"": ""gé"", ""informal_text"": ""u"", ""formal_start"": 3, ""formal_end"": 5, ""informal_start"": 3, ""informal_end"": 4}]",reviewed,,false,seed_lookup,2026-08-24T17:24:09.823635+00:00
3579:9,3579,9,touti,tuuti,tuuti,VERB,wo,wo,UNKNOWN,no,substitution,"[""substitution"", ""phonetic_spelling""]","[{""operation"": ""replace"", ""formal_text"": ""u"", ""informal_text"": ""o"", ""formal_start"": 1, ""formal_end"": 2, ""informal_start"": 1, ""informal_end"": 2}]",reviewed,,false,seed_lookup,2026-08-24T17:24:24.292694+00:00
3581:0,3581,0,boutitou,butitu,butitu,NOUN,wo,wo,UNKNOWN,no,insertion,"[""insertion"", ""phonetic_spelling""]","[{""operation"": ""insert"", ""formal_text"": """", ""informal_text"": ""o"", ""formal_start"": 1, ""formal_end"": 1, ""informal_start"": 1, ""informal_end"": 2}, {""operation"": ""insert"", ""formal_text"": """", ""informal_text"": ""o"", ""formal_start"": 5, ""formal_end"": 5, ""informal_start"": 6, ""informal_end"": 7}]",reviewed,,true,manual,2026-08-24T17:24:36.605420+00:00
3581:1,3581,1,guinar,ginaar,ginaar,NOUN,wo,wo,UNKNOWN,no,deletion,"[""deletion"", ""insertion"", ""phonetic_spelling""]","[{""operation"": ""insert"", ""formal_text"": """", ""informal_text"": ""u"", ""formal_start"": 1, ""formal_end"": 1, ""informal_start"": 1, ""informal_end"": 2}, {""operation"": ""delete"", ""formal_text"": ""a"", ""informal_text"": """", ""formal_start"": 4, ""formal_end"": 5, ""informal_start"": 5, ""informal_end"": 5}]",reviewed,,false,seed_lookup,2026-08-24T17:25:03.392656+00:00
3581:2,3581,2,non,non,non,ADV,fr,fr,UNKNOWN,yes,identity,"[""identity""]",[],reviewed,,false,french_seed_lookup,2026-08-24T17:25:14.066210+00:00
3581:3,3581,3,nabou,nabou,nabou,PROPN,wo,unknown,PERSON,yes,identity,"[""identity""]",[],reviewed,,true,manual,2026-08-24T17:25:21.145386+00:00
5934:1,5934,1,nabou,nabou,nabou,PROPN,unknown,unknown,PERSON,yes,identity,"[""identity""]",[],reviewed,AUTO_IDENTITY_LOOKUP,false,curated_lookup,2026-08-24T17:25:21.147386+00:00
3581:4,3581,4,meun,mën,mën,VERB,wo,wo,UNKNOWN,no,diacritic,"[""diacritic"", ""substitution"", ""phonetic_spelling""]","[{""operation"": ""replace"", ""formal_text"": ""ë"", ""informal_text"": ""eu"", ""formal_start"": 1, ""formal_end"": 2, ""informal_start"": 1, ""informal_end"": 3}]",reviewed,,false,seed_lookup,2026-08-24T17:25:30.134448+00:00
3581:6,3581,6,ray,rey,rey,VERB,wo,wo,UNKNOWN,no,substitution,"[""substitution""]","[{""operation"": ""replace"", ""formal_text"": ""e"", ""informal_text"": ""a"", ""formal_start"": 1, ""formal_end"": 2, ""informal_start"": 1, ""informal_end"": 2}]",reviewed,,false,seed_lookup,2026-08-24T17:25:41.418950+00:00
3584:4,3584,4,bonne,bon,bon,VERB,wo,wo,UNKNOWN,no,repetition,"[""repetition"", ""insertion""]","[{""operation"": ""insert"", ""formal_text"": """", ""informal_text"": ""ne"", ""formal_start"": 3, ""formal_end"": 3, ""informal_start"": 3, ""informal_end"": 5}]",reviewed,,false,ambiguous_language_seed_lookup,2026-08-24T17:26:04.862326+00:00
5901:8,5901,8,bonne,bon,bon,VERB,wo,wo,UNKNOWN,no,repetition,"[""repetition"", ""insertion""]","[{""operation"": ""insert"", ""formal_text"": """", ""informal_text"": ""ne"", ""formal_start"": 3, ""formal_end"": 3, ""informal_start"": 3, ""informal_end"": 5}]",reviewed,AUTO_CONFIRMED_MAPPING_DEFAULT,false,confirmed_mapping_default,2026-08-24T17:26:04.864324+00:00
3584:5,3584,5,leu,la,la,PRON,wo,wo,UNKNOWN,no,substitution,"[""substitution""]","[{""operation"": ""replace"", ""formal_text"": ""a"", ""informal_text"": ""eu"", ""formal_start"": 1, ""formal_end"": 2, ""informal_start"": 1, ""informal_end"": 3}]",reviewed,,false,ambiguous_language_seed_lookup,2026-08-24T17:26:27.171356+00:00
3584:6,3584,6,t,te,te,CCONJ,wo,wo,UNKNOWN,no,abbreviation,"[""abbreviation"", ""deletion""]","[{""operation"": ""delete"", ""formal_text"": ""e"", ""informal_text"": """", ""formal_start"": 1, ""formal_end"": 2, ""informal_start"": 1, ""informal_end"": 1}]",reviewed,,false,ambiguous_language_seed_lookup,2026-08-24T17:26:44.662618+00:00
3587:0,3587,0,alhamdoulilah,alhamdoulilah,alhamdoulilah,UNKNOWN,wo,wo,UNKNOWN,yes,identity,"[""identity""]",[],reviewed,,true,manual,2026-08-24T17:27:13.643725+00:00
3587:3,3587,3,fégne,feeñ,feeñ,VERB,wo,wo,UNKNOWN,no,deletion,"[""deletion"", ""insertion"", ""phonetic_spelling""]","[{""operation"": ""insert"", ""formal_text"": """", ""informal_text"": ""égn"", ""formal_start"": 1, ""formal_end"": 1, ""informal_start"": 1, ""informal_end"": 4}, {""operation"": ""delete"", ""formal_text"": ""eñ"", ""informal_text"": """", ""formal_start"": 2, ""formal_end"": 4, ""informal_start"": 5, ""informal_end"": 5}]",reviewed,,false,seed_lookup,2026-08-24T17:27:20.664159+00:00
3588:0,3588,0,boy,boy,boy,UNKNOWN,wo,wo,UNKNOWN,yes,identity,"[""identity""]",[],reviewed,,false,ambiguous_language_seed_lookup,2026-08-24T17:27:44.173759+00:00
3588:2,3588,2,dou,du,du,UNKNOWN,wo,wo,UNKNOWN,no,insertion,"[""insertion"", ""phonetic_spelling""]","[{""operation"": ""insert"", ""formal_text"": """", ""informal_text"": ""o"", ""formal_start"": 1, ""formal_end"": 1, ""informal_start"": 1, ""informal_end"": 2}]",reviewed,,false,ambiguous_language_seed_lookup,2026-08-24T17:27:59.264527+00:00
3588:3,3588,3,dem,dem,dem,VERB,wo,wo,UNKNOWN,no,identity,"[""identity""]",[],reviewed,,false,ambiguous_language_seed_lookup,2026-08-24T17:28:08.362422+00:00
3592:3,3592,3,kakir,kakir,kakir,PROPN,unknown,unknown,PERSON,yes,identity,"[""identity""]",[],reviewed,,true,manual,2026-08-24T17:28:14.760788+00:00
3593:2,3593,2,bo,boo,boo,CCONJ,wo,wo,UNKNOWN,no,deletion,"[""deletion""]","[{""operation"": ""delete"", ""formal_text"": ""o"", ""informal_text"": """", ""formal_start"": 2, ""formal_end"": 3, ""informal_start"": 2, ""informal_end"": 2}]",reviewed,,false,curated_lookup,2026-08-24T17:28:21.466736+00:00
5932:4,5932,4,bo,boo,boo,CCONJ,wo,wo,UNKNOWN,no,deletion,"[""deletion""]","[{""operation"": ""delete"", ""formal_text"": ""o"", ""informal_text"": """", ""formal_start"": 2, ""formal_end"": 3, ""informal_start"": 2, ""informal_end"": 2}]",reviewed,AUTO_CONFIRMED_MAPPING_DEFAULT,false,confirmed_mapping_default,2026-08-24T17:28:21.469732+00:00
3593:3,3593,3,nioussoul,ñuusul,ñuusul,VERB,wo,wo,UNKNOWN,no,diacritic,"[""diacritic"", ""repetition"", ""insertion"", ""substitution"", ""phonetic_spelling""]","[{""operation"": ""replace"", ""formal_text"": ""ñu"", ""informal_text"": ""nio"", ""formal_start"": 0, ""formal_end"": 2, ""informal_start"": 0, ""informal_end"": 3}, {""operation"": ""insert"", ""formal_text"": """", ""informal_text"": ""so"", ""formal_start"": 4, ""formal_end"": 4, ""informal_start"": 5, ""informal_end"": 7}]",reviewed,,true,manual,2026-08-24T17:28:41.024558+00:00
3593:6,3593,6,bala,bala,bala,ADP,wo,wo,UNKNOWN,no,identity,"[""identity""]",[],reviewed,,false,seed_lookup,2026-08-24T17:28:52.057609+00:00
3593:9,3593,9,gui,gi,gi,DET,wo,wo,UNKNOWN,no,insertion,"[""insertion""]","[{""operation"": ""insert"", ""formal_text"": """", ""informal_text"": ""u"", ""formal_start"": 1, ""formal_end"": 1, ""informal_start"": 1, ""informal_end"": 2}]",reviewed,,false,ambiguous_language_seed_lookup,2026-08-24T17:29:31.416588+00:00
3596:2,3596,2,nex,neex,neex,VERB,wo,wo,UNKNOWN,no,deletion,"[""deletion""]","[{""operation"": ""delete"", ""formal_text"": ""e"", ""informal_text"": """", ""formal_start"": 2, ""formal_end"": 3, ""informal_start"": 2, ""informal_end"": 2}]",reviewed,,false,seed_lookup,2026-08-24T17:30:50.535512+00:00
3596:4,3596,4,déh,de,de,UNKNOWN,wo,wo,UNKNOWN,no,diacritic,"[""diacritic"", ""substitution""]","[{""operation"": ""replace"", ""formal_text"": ""e"", ""informal_text"": ""éh"", ""formal_start"": 1, ""formal_end"": 2, ""informal_start"": 1, ""informal_end"": 3}]",reviewed,,false,ambiguous_language_seed_lookup,2026-08-24T17:31:17.337921+00:00
3596:8,3596,8,fégne,feeñ,feeñ,VERB,wo,wo,UNKNOWN,no,deletion,"[""deletion"", ""insertion"", ""phonetic_spelling""]","[{""operation"": ""insert"", ""formal_text"": """", ""informal_text"": ""égn"", ""formal_start"": 1, ""formal_end"": 1, ""informal_start"": 1, ""informal_end"": 4}, {""operation"": ""delete"", ""formal_text"": ""eñ"", ""informal_text"": """", ""formal_start"": 2, ""formal_end"": 4, ""informal_start"": 5, ""informal_end"": 5}]",reviewed,,false,seed_lookup,2026-08-24T17:31:28.739770+00:00
5871:1,5871,1,da,da,da,UNKNOWN,wo,wo,UNKNOWN,no,identity,"[""identity""]",[],reviewed,,false,ambiguous_language_seed_lookup,2026-08-24T17:31:39.444821+00:00
5871:2,5871,2,soukou,sukk,sukk,VERB,wo,wo,UNKNOWN,no,insertion,"[""insertion"", ""substitution""]","[{""operation"": ""insert"", ""formal_text"": """", ""informal_text"": ""o"", ""formal_start"": 1, ""formal_end"": 1, ""informal_start"": 1, ""informal_end"": 2}, {""operation"": ""replace"", ""formal_text"": ""k"", ""informal_text"": ""ou"", ""formal_start"": 3, ""formal_end"": 4, ""informal_start"": 4, ""informal_end"": 6}]",reviewed,,false,seed_lookup,2026-08-24T17:32:08.834557+00:00
5871:3,5871,3,yennn,yeen,yeen,PRON,wo,wo,UNKNOWN,no,repetition,"[""repetition"", ""deletion"", ""insertion""]","[{""operation"": ""delete"", ""formal_text"": ""e"", ""informal_text"": """", ""formal_start"": 2, ""formal_end"": 3, ""informal_start"": 2, ""informal_end"": 2}, {""operation"": ""insert"", ""formal_text"": """", ""informal_text"": ""nn"", ""formal_start"": 4, ""formal_end"": 4, ""informal_start"": 3, ""informal_end"": 5}]",reviewed,,false,seed_lookup,2026-08-24T17:32:17.557011+00:00
5875:0,5875,0,doff,dof,dof,NOUN,wo,wo,UNKNOWN,no,repetition,"[""repetition""]","[{""operation"": ""insert"", ""formal_text"": """", ""informal_text"": ""f"", ""formal_start"": 3, ""formal_end"": 3, ""informal_start"": 3, ""informal_end"": 4}]",reviewed,,false,seed_lookup,2026-08-24T17:32:34.327888+00:00
5875:1,5875,1,bou,bu,bu,CCONJ,unknown,wo,UNKNOWN,no,insertion,"[""insertion"", ""phonetic_spelling""]","[{""operation"": ""insert"", ""formal_text"": """", ""informal_text"": ""o"", ""formal_start"": 1, ""formal_end"": 1, ""informal_start"": 1, ""informal_end"": 2}]",uncertain,,false,ambiguous_language_seed_lookup,2026-08-24T17:33:04.352752+00:00
5875:3,5875,3,ndeysann,ndeysaan,ndeysaan,INTJ,wo,wo,UNKNOWN,no,repetition,"[""repetition"", ""deletion"", ""insertion""]","[{""operation"": ""delete"", ""formal_text"": ""a"", ""informal_text"": """", ""formal_start"": 6, ""formal_end"": 7, ""informal_start"": 6, ""informal_end"": 6}, {""operation"": ""insert"", ""formal_text"": """", ""informal_text"": ""n"", ""formal_start"": 8, ""formal_end"": 8, ""informal_start"": 7, ""informal_end"": 8}]",reviewed,,false,seed_lookup,2026-08-24T17:33:13.274914+00:00
5877:2,5877,2,nekoul,nekkul,nekkul,VERB,wo,wo,UNKNOWN,no,substitution,"[""substitution"", ""phonetic_spelling""]","[{""operation"": ""replace"", ""formal_text"": ""k"", ""informal_text"": ""o"", ""formal_start"": 3, ""formal_end"": 4, ""informal_start"": 3, ""informal_end"": 4}]",reviewed,,true,manual,2026-08-24T17:33:35.205406+00:00
5879:0,5879,0,doff,dof,dof,NOUN,wo,wo,UNKNOWN,no,repetition,"[""repetition""]","[{""operation"": ""insert"", ""formal_text"": """", ""informal_text"": ""f"", ""formal_start"": 3, ""formal_end"": 3, ""informal_start"": 3, ""informal_end"": 4}]",reviewed,,false,seed_lookup,2026-08-24T17:33:48.236395+00:00
5879:1,5879,1,bu,bu,bu,CCONJ,wo,wo,UNKNOWN,no,identity,"[""identity""]",[],uncertain,,false,ambiguous_language_seed_lookup,2026-08-24T17:33:57.927795+00:00
5879:2,5879,2,reww,reew,reew,VERB,wo,wo,UNKNOWN,no,repetition,"[""repetition"", ""deletion"", ""insertion""]","[{""operation"": ""delete"", ""formal_text"": ""e"", ""informal_text"": """", ""formal_start"": 2, ""formal_end"": 3, ""informal_start"": 2, ""informal_end"": 2}, {""operation"": ""insert"", ""formal_text"": """", ""informal_text"": ""w"", ""formal_start"": 4, ""formal_end"": 4, ""informal_start"": 3, ""informal_end"": 4}]",reviewed,,false,seed_lookup,2026-08-24T17:34:06.300500+00:00
5884:1,5884,1,khel,xel,xel,NOUN,wo,wo,UNKNOWN,no,substitution,"[""substitution"", ""phonetic_spelling""]","[{""operation"": ""replace"", ""formal_text"": ""x"", ""informal_text"": ""kh"", ""formal_start"": 0, ""formal_end"": 1, ""informal_start"": 0, ""informal_end"": 2}]",reviewed,,false,seed_lookup,2026-08-24T17:34:13.014447+00:00
5886:2,5886,2,foulla,fulla,fulla,NOUN,wo,wo,UNKNOWN,no,insertion,"[""insertion"", ""phonetic_spelling""]","[{""operation"": ""insert"", ""formal_text"": """", ""informal_text"": ""o"", ""formal_start"": 1, ""formal_end"": 1, ""informal_start"": 1, ""informal_end"": 2}]",reviewed,,false,ambiguous_language_seed_lookup,2026-08-24T17:34:38.294209+00:00
5890:0,5890,0,ndeysane,ndeysaan,ndeysaan,INTJ,wo,wo,UNKNOWN,no,deletion,"[""deletion"", ""insertion""]","[{""operation"": ""delete"", ""formal_text"": ""a"", ""informal_text"": """", ""formal_start"": 6, ""formal_end"": 7, ""informal_start"": 6, ""informal_end"": 6}, {""operation"": ""insert"", ""formal_text"": """", ""informal_text"": ""e"", ""formal_start"": 8, ""formal_end"": 8, ""informal_start"": 7, ""informal_end"": 8}]",reviewed,,false,seed_lookup,2026-08-24T17:34:46.156028+00:00
5890:3,5890,3,yeureum,yërëm,yërëm,NOUN,wo,wo,UNKNOWN,no,diacritic,"[""diacritic"", ""substitution"", ""phonetic_spelling""]","[{""operation"": ""replace"", ""formal_text"": ""ë"", ""informal_text"": ""eu"", ""formal_start"": 1, ""formal_end"": 2, ""informal_start"": 1, ""informal_end"": 3}, {""operation"": ""replace"", ""formal_text"": ""ë"", ""informal_text"": ""eu"", ""formal_start"": 3, ""formal_end"": 4, ""informal_start"": 4, ""informal_end"": 6}]",reviewed,,false,seed_lookup,2026-08-24T17:34:54.986656+00:00
5891:1,5891,1,yéne,yeen,yeen,PRON,wo,wo,UNKNOWN,no,diacritic,"[""diacritic"", ""deletion"", ""insertion""]","[{""operation"": ""insert"", ""formal_text"": """", ""informal_text"": ""én"", ""formal_start"": 1, ""formal_end"": 1, ""informal_start"": 1, ""informal_end"": 3}, {""operation"": ""delete"", ""formal_text"": ""en"", ""informal_text"": """", ""formal_start"": 2, ""formal_end"": 4, ""informal_start"": 4, ""informal_end"": 4}]",reviewed,,false,seed_lookup,2026-08-24T17:35:00.832791+00:00
5891:6,5891,6,nit,nit,nit,NOUN,wo,wo,UNKNOWN,no,identity,"[""identity""]",[],reviewed,,false,ambiguous_language_seed_lookup,2026-08-24T17:35:12.330204+00:00
5891:9,5891,9,koubére,kubéer,kubéer,NOUN,wo,wo,UNKNOWN,no,deletion,"[""deletion"", ""insertion"", ""phonetic_spelling""]","[{""operation"": ""insert"", ""formal_text"": """", ""informal_text"": ""o"", ""formal_start"": 1, ""formal_end"": 1, ""informal_start"": 1, ""informal_end"": 2}, {""operation"": ""insert"", ""formal_text"": """", ""informal_text"": ""r"", ""formal_start"": 4, ""formal_end"": 4, ""informal_start"": 5, ""informal_end"": 6}, {""operation"": ""delete"", ""formal_text"": ""r"", ""informal_text"": """", ""formal_start"": 5, ""formal_end"": 6, ""informal_start"": 7, ""informal_end"": 7}]",reviewed,,false,seed_lookup,2026-08-24T17:35:24.912673+00:00
5897:1,5897,1,kase,kese,kese,ADV,wo,wo,UNKNOWN,no,substitution,"[""substitution""]","[{""operation"": ""replace"", ""formal_text"": ""e"", ""informal_text"": ""a"", ""formal_start"": 1, ""formal_end"": 2, ""informal_start"": 1, ""informal_end"": 2}]",reviewed,,false,seed_lookup,2026-08-24T17:35:49.134090+00:00
5897:3,5897,3,diaral,jaral,jaral,VERB,wo,wo,UNKNOWN,no,substitution,"[""substitution"", ""phonetic_spelling""]","[{""operation"": ""replace"", ""formal_text"": ""j"", ""informal_text"": ""di"", ""formal_start"": 0, ""formal_end"": 1, ""informal_start"": 0, ""informal_end"": 2}]",reviewed,,true,manual,2026-08-24T17:36:03.863345+00:00
5897:4,5897,4,liii,li,li,DET,wo,wo,UNKNOWN,no,repetition,"[""repetition""]","[{""operation"": ""insert"", ""formal_text"": """", ""informal_text"": ""ii"", ""formal_start"": 2, ""formal_end"": 2, ""informal_start"": 2, ""informal_end"": 4}]",reviewed,,false,ambiguous_language_seed_lookup,2026-08-24T17:36:20.112719+00:00
5900:0,5900,0,ohhh,oh,oh,INTJ,fr,fr,UNKNOWN,yes,repetition,"[""repetition"", ""french_spelling""]","[{""operation"": ""insert"", ""formal_text"": """", ""informal_text"": ""hh"", ""formal_start"": 2, ""formal_end"": 2, ""informal_start"": 2, ""informal_end"": 4}]",reviewed,,false,french_seed_lookup,2026-08-24T17:36:32.981874+00:00
5900:1,5900,1,yeureum,yërëm,yërëm,NOUN,wo,wo,UNKNOWN,no,diacritic,"[""diacritic"", ""substitution"", ""phonetic_spelling""]","[{""operation"": ""replace"", ""formal_text"": ""ë"", ""informal_text"": ""eu"", ""formal_start"": 1, ""formal_end"": 2, ""informal_start"": 1, ""informal_end"": 3}, {""operation"": ""replace"", ""formal_text"": ""ë"", ""informal_text"": ""eu"", ""formal_start"": 3, ""formal_end"": 4, ""informal_start"": 4, ""informal_end"": 6}]",reviewed,,false,seed_lookup,2026-08-24T17:36:41.109236+00:00
5901:1,5901,1,nīarél,ñaareel,ñaareel,NUM,wo,wo,UNKNOWN,no,diacritic,"[""diacritic"", ""substitution""]","[{""operation"": ""replace"", ""formal_text"": ""ña"", ""informal_text"": ""nī"", ""formal_start"": 0, ""formal_end"": 2, ""informal_start"": 0, ""informal_end"": 2}, {""operation"": ""replace"", ""formal_text"": ""ee"", ""informal_text"": ""é"", ""formal_start"": 4, ""formal_end"": 6, ""informal_start"": 4, ""informal_end"": 5}]",reviewed,,false,seed_lookup,2026-08-24T17:37:45.566995+00:00
5901:4,5901,4,ame,am,am,VERB,wo,wo,UNKNOWN,no,insertion,"[""insertion""]","[{""operation"": ""insert"", ""formal_text"": """", ""informal_text"": ""e"", ""formal_start"": 2, ""formal_end"": 2, ""informal_start"": 2, ""informal_end"": 3}]",reviewed,,false,ambiguous_language_seed_lookup,2026-08-24T17:37:56.528417+00:00
5901:6,5901,6,waye,waay,waay,INTJ,wo,wo,UNKNOWN,no,deletion,"[""deletion"", ""insertion""]","[{""operation"": ""delete"", ""formal_text"": ""a"", ""informal_text"": """", ""formal_start"": 2, ""formal_end"": 3, ""informal_start"": 2, ""informal_end"": 2}, {""operation"": ""insert"", ""formal_text"": """", ""informal_text"": ""e"", ""formal_start"": 4, ""formal_end"": 4, ""informal_start"": 3, ""informal_end"": 4}]",reviewed,,false,seed_lookup,2026-08-24T17:38:41.492098+00:00
5901:7,5901,7,you,yu,yu,DET,wo,wo,UNKNOWN,no,insertion,"[""insertion"", ""phonetic_spelling""]","[{""operation"": ""insert"", ""formal_text"": """", ""informal_text"": ""o"", ""formal_start"": 1, ""formal_end"": 1, ""informal_start"": 1, ""informal_end"": 2}]",reviewed,,false,ambiguous_language_seed_lookup,2026-08-24T17:38:56.089738+00:00
5901:21,5901,21,you,yu,yu,DET,wo,wo,UNKNOWN,no,insertion,"[""insertion"", ""phonetic_spelling""]","[{""operation"": ""insert"", ""formal_text"": """", ""informal_text"": ""o"", ""formal_start"": 1, ""formal_end"": 1, ""informal_start"": 1, ""informal_end"": 2}]",reviewed,AUTO_CONFIRMED_MAPPING_DEFAULT,false,confirmed_mapping_default,2026-08-24T17:38:56.092732+00:00
5936:2,5936,2,you,yu,yu,DET,wo,wo,UNKNOWN,no,insertion,"[""insertion"", ""phonetic_spelling""]","[{""operation"": ""insert"", ""formal_text"": """", ""informal_text"": ""o"", ""formal_start"": 1, ""formal_end"": 1, ""informal_start"": 1, ""informal_end"": 2}]",reviewed,AUTO_CONFIRMED_MAPPING_DEFAULT,false,confirmed_mapping_default,2026-08-24T17:38:56.093731+00:00
5901:9,5901,9,rékh,rek,rek,UNKNOWN,wo,wo,UNKNOWN,no,diacritic,"[""diacritic"", ""insertion"", ""substitution""]","[{""operation"": ""replace"", ""formal_text"": ""e"", ""informal_text"": ""é"", ""formal_start"": 1, ""formal_end"": 2, ""informal_start"": 1, ""informal_end"": 2}, {""operation"": ""insert"", ""formal_text"": """", ""informal_text"": ""h"", ""formal_start"": 3, ""formal_end"": 3, ""informal_start"": 3, ""informal_end"": 4}]",reviewed,,true,curated_lookup,2026-08-24T17:39:03.657854+00:00
5901:10,5901,10,mé,mais,mais,CCONJ,fr,fr,UNKNOWN,yes,french_spelling,"[""french_spelling""]","[{""operation"": ""replace"", ""formal_text"": ""ais"", ""informal_text"": ""é"", ""formal_start"": 1, ""formal_end"": 4, ""informal_start"": 1, ""informal_end"": 2}]",reviewed,,false,french_seed_lookup,2026-08-24T17:39:21.604807+00:00
5901:12,5901,12,bakh,baax,baax,NOUN,wo,wo,UNKNOWN,no,substitution,"[""substitution"", ""phonetic_spelling""]","[{""operation"": ""replace"", ""formal_text"": ""ax"", ""informal_text"": ""kh"", ""formal_start"": 2, ""formal_end"": 4, ""informal_start"": 2, ""informal_end"": 4}]",reviewed,,false,seed_lookup,2026-08-24T17:39:35.582328+00:00
5901:13,5901,13,té,te,te,CCONJ,wo,wo,UNKNOWN,no,diacritic,"[""diacritic"", ""phonetic_spelling""]","[{""operation"": ""replace"", ""formal_text"": ""e"", ""informal_text"": ""é"", ""formal_start"": 1, ""formal_end"": 2, ""informal_start"": 1, ""informal_end"": 2}]",reviewed,,false,ambiguous_language_seed_lookup,2026-08-24T17:39:59.970983+00:00
5901:15,5901,15,khame,xam,xam,VERB,wo,wo,UNKNOWN,no,insertion,"[""insertion"", ""substitution"", ""phonetic_spelling""]","[{""operation"": ""replace"", ""formal_text"": ""x"", ""informal_text"": ""kh"", ""formal_start"": 0, ""formal_end"": 1, ""informal_start"": 0, ""informal_end"": 2}, {""operation"": ""insert"", ""formal_text"": """", ""informal_text"": ""e"", ""formal_start"": 3, ""formal_end"": 3, ""informal_start"": 4, ""informal_end"": 5}]",reviewed,,false,seed_lookup,2026-08-24T17:40:17.101250+00:00
5901:16,5901,16,lén,leen,leen,PRON,wo,wo,UNKNOWN,no,diacritic,"[""diacritic"", ""substitution""]","[{""operation"": ""replace"", ""formal_text"": ""ee"", ""informal_text"": ""é"", ""formal_start"": 1, ""formal_end"": 3, ""informal_start"": 1, ""informal_end"": 2}]",reviewed,,false,seed_lookup,2026-08-24T17:40:22.256464+00:00
5901:18,5901,18,ame,am,am,VERB,wo,wo,UNKNOWN,no,insertion,"[""insertion""]","[{""operation"": ""insert"", ""formal_text"": """", ""informal_text"": ""e"", ""formal_start"": 2, ""formal_end"": 2, ""informal_start"": 2, ""informal_end"": 3}]",reviewed,,false,ambiguous_language_seed_lookup,2026-08-24T17:40:41.260595+00:00
5901:20,5901,20,awo,aawo,aawo,NOUN,wo,wo,UNKNOWN,no,deletion,"[""deletion""]","[{""operation"": ""delete"", ""formal_text"": ""a"", ""informal_text"": """", ""formal_start"": 0, ""formal_end"": 1, ""informal_start"": 0, ""informal_end"": 0}]",reviewed,,false,seed_lookup,2026-08-24T17:40:48.050955+00:00
5901:22,5901,22,hypocrite,hypocrite,hypocrite,ADJ,fr,fr,UNKNOWN,yes,identity,"[""identity""]",[],reviewed,,false,french_seed_lookup,2026-08-24T17:40:55.699269+00:00
5905:1,5905,1,soukou,sukk,sukk,NOUN,wo,wo,UNKNOWN,no,insertion,"[""insertion"", ""substitution""]","[{""operation"": ""insert"", ""formal_text"": """", ""informal_text"": ""o"", ""formal_start"": 1, ""formal_end"": 1, ""informal_start"": 1, ""informal_end"": 2}, {""operation"": ""replace"", ""formal_text"": ""k"", ""informal_text"": ""ou"", ""formal_start"": 3, ""formal_end"": 4, ""informal_start"": 4, ""informal_end"": 6}]",reviewed,,false,seed_lookup,2026-08-24T17:41:08.942162+00:00
5909:1,5909,1,guem,gëm,gëm,VERB,wo,wo,UNKNOWN,no,diacritic,"[""diacritic"", ""substitution""]","[{""operation"": ""replace"", ""formal_text"": ""ë"", ""informal_text"": ""ue"", ""formal_start"": 1, ""formal_end"": 2, ""informal_start"": 1, ""informal_end"": 3}]",reviewed,,false,seed_lookup,2026-08-24T17:41:20.689914+00:00
5909:3,5909,3,chiekh,chiekh,chiekh,PROPN,unknown,unknown,PERSON,yes,identity,"[""identity""]",[],reviewed,,true,manual,2026-08-24T17:41:27.860117+00:00
5909:4,5909,4,tidaiane,tidaiane,tidaiane,PROPN,unknown,unknown,PERSON,yes,identity,"[""identity""]",[],reviewed,,true,manual,2026-08-24T17:41:32.974796+00:00
5909:6,5909,6,aicha,aicha,aicha,PROPN,unknown,unknown,PERSON,yes,identity,"[""identity""]",[],reviewed,,true,manual,2026-08-24T17:41:55.444722+00:00
5909:7,5909,7,dane,dañ,dañ,PRON,wo,wo,UNKNOWN,no,diacritic,"[""diacritic"", ""substitution""]","[{""operation"": ""replace"", ""formal_text"": ""ñ"", ""informal_text"": ""ne"", ""formal_start"": 2, ""formal_end"": 3, ""informal_start"": 2, ""informal_end"": 4}]",reviewed,,false,seed_lookup,2026-08-24T17:46:54.722872+00:00
5909:8,5909,8,beuguate,bëggante,bëggante,VERB,wo,wo,UNKNOWN,no,diacritic,"[""diacritic"", ""deletion"", ""substitution""]","[{""operation"": ""replace"", ""formal_text"": ""ë"", ""informal_text"": ""eu"", ""formal_start"": 1, ""formal_end"": 2, ""informal_start"": 1, ""informal_end"": 3}, {""operation"": ""replace"", ""formal_text"": ""g"", ""informal_text"": ""u"", ""formal_start"": 3, ""formal_end"": 4, ""informal_start"": 4, ""informal_end"": 5}, {""operation"": ""delete"", ""formal_text"": ""n"", ""informal_text"": """", ""formal_start"": 5, ""formal_end"": 6, ""informal_start"": 6, ""informal_end"": 6}]",reviewed,,false,seed_lookup,2026-08-24T17:47:16.148996+00:00
5909:10,5909,10,lalale,laalal,laalal,VERB,wo,wo,UNKNOWN,no,deletion,"[""deletion"", ""insertion""]","[{""operation"": ""delete"", ""formal_text"": ""a"", ""informal_text"": """", ""formal_start"": 1, ""formal_end"": 2, ""informal_start"": 1, ""informal_end"": 1}, {""operation"": ""insert"", ""formal_text"": """", ""informal_text"": ""e"", ""formal_start"": 6, ""formal_end"": 6, ""informal_start"": 5, ""informal_end"": 6}]",reviewed,,false,curated_lookup,2026-08-24T17:47:21.561248+00:00
5911:0,5911,0,salimate,salimate,salimate,PROPN,unknown,unknown,PERSON,yes,identity,"[""identity""]",[],reviewed,,true,manual,2026-08-24T17:47:29.470236+00:00
5911:1,5911,1,gorr,góor,góor,NOUN,wo,wo,UNKNOWN,no,diacritic,"[""diacritic"", ""repetition"", ""deletion"", ""insertion""]","[{""operation"": ""delete"", ""formal_text"": ""ó"", ""informal_text"": """", ""formal_start"": 1, ""formal_end"": 2, ""informal_start"": 1, ""informal_end"": 1}, {""operation"": ""insert"", ""formal_text"": """", ""informal_text"": ""r"", ""formal_start"": 4, ""formal_end"": 4, ""informal_start"": 3, ""informal_end"": 4}]",reviewed,,false,seed_lookup,2026-08-24T17:48:27.806522+00:00
5917:2,5917,2,palestine,palestine,palestine,PROPN,unknown,unknown,LOCATION,yes,identity,"[""identity""]",[],reviewed,,true,manual,2026-08-24T17:48:47.886902+00:00
5917:3,5917,3,amm,am,am,VERB,wo,wo,UNKNOWN,no,repetition,"[""repetition""]","[{""operation"": ""insert"", ""formal_text"": """", ""informal_text"": ""m"", ""formal_start"": 2, ""formal_end"": 2, ""informal_start"": 2, ""informal_end"": 3}]",reviewed,,false,ambiguous_language_seed_lookup,2026-08-24T17:49:07.702323+00:00
5917:4,5917,4,djamm,jàmm,jàmm,NOUN,wo,wo,UNKNOWN,no,diacritic,"[""diacritic"", ""insertion"", ""substitution""]","[{""operation"": ""insert"", ""formal_text"": """", ""informal_text"": ""d"", ""formal_start"": 0, ""formal_end"": 0, ""informal_start"": 0, ""informal_end"": 1}, {""operation"": ""replace"", ""formal_text"": ""à"", ""informal_text"": ""a"", ""formal_start"": 1, ""formal_end"": 2, ""informal_start"": 2, ""informal_end"": 3}]",reviewed,,false,seed_lookup,2026-08-24T17:49:32.699897+00:00
5920:0,5920,0,ohh,ohh,ohh,INTJ,fr,fr,UNKNOWN,yes,identity,"[""identity""]",[],reviewed,,true,manual,2026-08-24T17:49:46.260333+00:00
5920:6,5920,6,doundnou,dund,dund,VERB,wo,wo,UNKNOWN,no,insertion,"[""insertion""]","[{""operation"": ""insert"", ""formal_text"": """", ""informal_text"": ""o"", ""formal_start"": 1, ""formal_end"": 1, ""informal_start"": 1, ""informal_end"": 2}, {""operation"": ""insert"", ""formal_text"": """", ""informal_text"": ""nou"", ""formal_start"": 4, ""formal_end"": 4, ""informal_start"": 5, ""informal_end"": 8}]",reviewed,,false,seed_lookup,2026-08-24T17:50:21.390386+00:00
5920:8,5920,8,nékh,neex,neex,VERB,wo,wo,UNKNOWN,no,diacritic,"[""diacritic"", ""substitution"", ""phonetic_spelling""]","[{""operation"": ""replace"", ""formal_text"": ""eex"", ""informal_text"": ""ékh"", ""formal_start"": 1, ""formal_end"": 4, ""informal_start"": 1, ""informal_end"": 4}]",reviewed,,false,seed_lookup,2026-08-24T17:51:45.404390+00:00
5920:11,5920,11,machalla,machalla,machalla,INTJ,wo,wo,UNKNOWN,yes,identity,"[""identity""]",[],reviewed,,true,manual,2026-08-24T17:52:05.101745+00:00
5920:12,5920,12,diamou,jàmm,jàmm,NOUN,wo,wo,UNKNOWN,no,diacritic,"[""diacritic"", ""substitution""]","[{""operation"": ""replace"", ""formal_text"": ""jà"", ""informal_text"": ""dia"", ""formal_start"": 0, ""formal_end"": 2, ""informal_start"": 0, ""informal_end"": 3}, {""operation"": ""replace"", ""formal_text"": ""m"", ""informal_text"": ""ou"", ""formal_start"": 3, ""formal_end"": 4, ""informal_start"": 4, ""informal_end"": 6}]",reviewed,,false,seed_lookup,2026-08-24T17:52:13.143797+00:00
5920:13,5920,13,nèkh,neex,neex,VERB,wo,wo,UNKNOWN,no,diacritic,"[""diacritic"", ""substitution"", ""phonetic_spelling""]","[{""operation"": ""replace"", ""formal_text"": ""eex"", ""informal_text"": ""èkh"", ""formal_start"": 1, ""formal_end"": 4, ""informal_start"": 1, ""informal_end"": 4}]",reviewed,,false,seed_lookup,2026-08-24T17:52:20.349412+00:00
5926:0,5926,0,café,café,café,NOUN,fr,fr,UNKNOWN,yes,identity,"[""identity""]",[],reviewed,,false,french_seed_lookup,2026-08-24T17:52:28.627302+00:00
5926:1,5926,1,touba,touba,touba,PROPN,unknown,unknown,LOCATION,yes,identity,"[""identity""]",[],reviewed,,true,manual,2026-08-24T17:52:47.634377+00:00
5926:2,5926,2,xelcom,xelcom,xelcom,PROPN,unknown,unknown,LOCATION,yes,identity,"[""identity""]",[],reviewed,,true,manual,2026-08-24T17:52:56.741266+00:00
5926:4,5926,4,bou,bu,bu,CCONJ,wo,wo,UNKNOWN,no,insertion,"[""insertion"", ""phonetic_spelling""]","[{""operation"": ""insert"", ""formal_text"": """", ""informal_text"": ""o"", ""formal_start"": 1, ""formal_end"": 1, ""informal_start"": 1, ""informal_end"": 2}]",reviewed,,false,ambiguous_language_seed_lookup,2026-08-24T17:53:13.419012+00:00
5926:5,5926,5,bakha,baax,baax,UNKNOWN,wo,wo,UNKNOWN,no,deletion,"[""deletion"", ""insertion""]","[{""operation"": ""insert"", ""formal_text"": """", ""informal_text"": ""kh"", ""formal_start"": 2, ""formal_end"": 2, ""informal_start"": 2, ""informal_end"": 4}, {""operation"": ""delete"", ""formal_text"": ""x"", ""informal_text"": """", ""formal_start"": 3, ""formal_end"": 4, ""informal_start"": 5, ""informal_end"": 5}]",reviewed,,false,seed_lookup,2026-08-24T17:53:24.459629+00:00
5931:1,5931,1,thiam,thiam,thiam,PROPN,unknown,unknown,PERSON,yes,identity,"[""identity""]",[],reviewed,AUTO_IDENTITY_LOOKUP,false,curated_lookup,2026-08-24T17:54:19.058707+00:00
5931:2,5931,2,t,te,te,CCONJ,wo,wo,UNKNOWN,no,abbreviation,"[""abbreviation""]","[{""operation"": ""delete"", ""formal_text"": ""e"", ""informal_text"": """", ""formal_start"": 1, ""formal_end"": 2, ""informal_start"": 1, ""informal_end"": 1}]",reviewed,,false,ambiguous_language_seed_lookup,2026-08-24T17:54:52.421775+00:00
5931:3,5931,3,mom,moom,moom,PRON,wo,wo,UNKNOWN,no,deletion,"[""deletion""]","[{""operation"": ""delete"", ""formal_text"": ""o"", ""informal_text"": """", ""formal_start"": 2, ""formal_end"": 3, ""informal_start"": 2, ""informal_end"": 2}]",reviewed,,false,seed_lookup,2026-08-24T17:55:01.115677+00:00
5931:4,5931,4,khamakoul,xamagul,xamagul,VERB,wo,wo,UNKNOWN,no,substitution,"[""substitution""]","[{""operation"": ""replace"", ""formal_text"": ""x"", ""informal_text"": ""kh"", ""formal_start"": 0, ""formal_end"": 1, ""informal_start"": 0, ""informal_end"": 2}, {""operation"": ""replace"", ""formal_text"": ""g"", ""informal_text"": ""ko"", ""formal_start"": 4, ""formal_end"": 5, ""informal_start"": 5, ""informal_end"": 7}]",reviewed,,true,manual,2026-08-24T17:55:17.510938+00:00
5931:6,5931,6,né,ne,ne,CCONJ,wo,wo,UNKNOWN,no,diacritic,"[""diacritic"", ""phonetic_spelling""]","[{""operation"": ""replace"", ""formal_text"": ""e"", ""informal_text"": ""é"", ""formal_start"": 1, ""formal_end"": 2, ""informal_start"": 1, ""informal_end"": 2}]",reviewed,,false,ambiguous_language_seed_lookup,2026-08-24T17:56:52.520460+00:00
5931:9,5931,9,doflo,dofloo,dofloo,VERB,wo,wo,UNKNOWN,no,deletion,"[""deletion""]","[{""operation"": ""delete"", ""formal_text"": ""o"", ""informal_text"": """", ""formal_start"": 5, ""formal_end"": 6, ""informal_start"": 5, ""informal_end"": 5}]",reviewed,,false,seed_lookup,2026-08-24T17:57:03.121308+00:00
5932:5,5932,5,concentré,concentré,concentré,VERB,fr,fr,UNKNOWN,yes,identity,"[""identity""]",[],reviewed,,false,french_seed_lookup,2026-08-24T18:02:24.106638+00:00
5932:6,5932,6,wou,wu,wu,DET,wo,wo,UNKNOWN,no,insertion,"[""insertion"", ""phonetic_spelling""]","[{""operation"": ""insert"", ""formal_text"": """", ""informal_text"": ""o"", ""formal_start"": 1, ""formal_end"": 1, ""informal_start"": 1, ""informal_end"": 2}]",reviewed,,false,ambiguous_language_seed_lookup,2026-08-24T18:02:55.442729+00:00
5932:9,5932,9,niew,ñëw,ñëw,VERB,wo,wo,UNKNOWN,no,diacritic,"[""diacritic"", ""substitution""]","[{""operation"": ""replace"", ""formal_text"": ""ñë"", ""informal_text"": ""nie"", ""formal_start"": 0, ""formal_end"": 2, ""informal_start"": 0, ""informal_end"": 3}]",reviewed,,false,seed_lookup,2026-08-24T18:03:06.483214+00:00
5933:2,5933,2,di,di,di,UNKNOWN,wo,wo,UNKNOWN,no,identity,"[""identity""]",[],reviewed,,false,seed_lookup,2026-08-24T18:03:39.187717+00:00
5933:3,5933,3,tagou,tàggu,tàggu,VERB,wo,wo,UNKNOWN,no,diacritic,"[""diacritic"", ""substitution""]","[{""operation"": ""replace"", ""formal_text"": ""à"", ""informal_text"": ""a"", ""formal_start"": 1, ""formal_end"": 2, ""informal_start"": 1, ""informal_end"": 2}, {""operation"": ""replace"", ""formal_text"": ""g"", ""informal_text"": ""o"", ""formal_start"": 3, ""formal_end"": 4, ""informal_start"": 3, ""informal_end"": 4}]",reviewed,,false,seed_lookup,2026-08-24T18:04:02.644729+00:00
5933:4,5933,4,di,di,di,UNKNOWN,wo,wo,UNKNOWN,no,identity,"[""identity""]",[],reviewed,,false,seed_lookup,2026-08-24T18:04:12.966882+00:00
5933:5,5933,5,diell,jél,jél,VERB,wo,wo,UNKNOWN,no,diacritic,"[""diacritic"", ""repetition"", ""insertion"", ""substitution""]","[{""operation"": ""replace"", ""formal_text"": ""jé"", ""informal_text"": ""die"", ""formal_start"": 0, ""formal_end"": 2, ""informal_start"": 0, ""informal_end"": 3}, {""operation"": ""insert"", ""formal_text"": """", ""informal_text"": ""l"", ""formal_start"": 3, ""formal_end"": 3, ""informal_start"": 4, ""informal_end"": 5}]",reviewed,,false,seed_lookup,2026-08-24T18:05:00.454430+00:00
5933:6,5933,6,yayam,yayam,yayam,NOUN,wo,wo,UNKNOWN,no,identity,"[""identity""]",[],reviewed,,true,manual,2026-08-24T18:05:16.803804+00:00
5934:2,5934,2,gueye,gueye,gueye,PROPN,unknown,unknown,PERSON,yes,identity,"[""identity""]",[],reviewed,,true,manual,2026-08-24T18:05:22.093923+00:00
5934:4,5934,4,nite,nit,nit,NOUN,wo,wo,UNKNOWN,no,insertion,"[""insertion""]","[{""operation"": ""insert"", ""formal_text"": """", ""informal_text"": ""e"", ""formal_start"": 3, ""formal_end"": 3, ""informal_start"": 3, ""informal_end"": 4}]",reviewed,,false,ambiguous_language_seed_lookup,2026-08-24T18:05:33.041646+00:00
5934:5,5934,5,leu,la,la,UNKNOWN,wo,wo,UNKNOWN,no,substitution,"[""substitution""]","[{""operation"": ""replace"", ""formal_text"": ""a"", ""informal_text"": ""eu"", ""formal_start"": 1, ""formal_end"": 2, ""informal_start"": 1, ""informal_end"": 3}]",reviewed,,false,ambiguous_language_seed_lookup,2026-08-24T18:06:49.691624+00:00
5936:0,5936,0,niari,ñaar,ñaar,VERB,wo,wo,UNKNOWN,no,diacritic,"[""diacritic"", ""insertion"", ""substitution"", ""phonetic_spelling""]","[{""operation"": ""replace"", ""formal_text"": ""ña"", ""informal_text"": ""ni"", ""formal_start"": 0, ""formal_end"": 2, ""informal_start"": 0, ""informal_end"": 2}, {""operation"": ""insert"", ""formal_text"": """", ""informal_text"": ""i"", ""formal_start"": 4, ""formal_end"": 4, ""informal_start"": 4, ""informal_end"": 5}]",reviewed,,false,seed_lookup,2026-08-24T18:07:25.362961+00:00
5936:1,5936,1,mak,mag,mag,NOUN,wo,wo,UNKNOWN,no,substitution,"[""substitution""]","[{""operation"": ""replace"", ""formal_text"": ""g"", ""informal_text"": ""k"", ""formal_start"": 2, ""formal_end"": 3, ""informal_start"": 2, ""informal_end"": 3}]",reviewed,,false,ambiguous_language_seed_lookup,2026-08-24T18:09:39.482740+00:00
5936:3,5936,3,réw,reew,reew,VERB,wo,wo,UNKNOWN,no,diacritic,"[""diacritic"", ""substitution"", ""phonetic_spelling""]","[{""operation"": ""replace"", ""formal_text"": ""ee"", ""informal_text"": ""é"", ""formal_start"": 1, ""formal_end"": 3, ""informal_start"": 1, ""informal_end"": 2}]",reviewed,,false,seed_lookup,2026-08-24T18:10:02.936444+00:00
5938:2,5938,2,hummmm,hum,hum,INTJ,fr,fr,UNKNOWN,yes,french_spelling,"[""french_spelling""]","[{""operation"": ""insert"", ""formal_text"": """", ""informal_text"": ""mmm"", ""formal_start"": 3, ""formal_end"": 3, ""informal_start"": 3, ""informal_end"": 6}]",reviewed,,false,french_seed_lookup,2026-08-24T18:10:11.240045+00:00
5938:3,5938,3,souk,sukk,sukk,NOUN,wo,wo,UNKNOWN,no,deletion,"[""deletion"", ""insertion"", ""phonetic_spelling""]","[{""operation"": ""insert"", ""formal_text"": """", ""informal_text"": ""o"", ""formal_start"": 1, ""formal_end"": 1, ""informal_start"": 1, ""informal_end"": 2}, {""operation"": ""delete"", ""formal_text"": ""k"", ""informal_text"": """", ""formal_start"": 3, ""formal_end"": 4, ""informal_start"": 4, ""informal_end"": 4}]",reviewed,,false,seed_lookup,2026-08-24T18:10:32.252214+00:00
5938:6,5938,6,wouyyy,wuy,wuy,INTJ,wo,wo,UNKNOWN,no,repetition,"[""repetition"", ""insertion"", ""phonetic_spelling""]","[{""operation"": ""insert"", ""formal_text"": """", ""informal_text"": ""o"", ""formal_start"": 1, ""formal_end"": 1, ""informal_start"": 1, ""informal_end"": 2}, {""operation"": ""insert"", ""formal_text"": """", ""informal_text"": ""yy"", ""formal_start"": 3, ""formal_end"": 3, ""informal_start"": 4, ""informal_end"": 6}]",reviewed,,false,seed_lookup,2026-08-24T18:10:45.186024+00:00
5938:7,5938,7,guore,góor,góor,VERB,wo,wo,UNKNOWN,no,diacritic,"[""diacritic"", ""insertion"", ""substitution""]","[{""operation"": ""replace"", ""formal_text"": ""ó"", ""informal_text"": ""u"", ""formal_start"": 1, ""formal_end"": 2, ""informal_start"": 1, ""informal_end"": 2}, {""operation"": ""insert"", ""formal_text"": """", ""informal_text"": ""e"", ""formal_start"": 4, ""formal_end"": 4, ""informal_start"": 4, ""informal_end"": 5}]",reviewed,,false,seed_lookup,2026-08-24T18:11:04.644062+00:00
5938:9,5938,9,roye,roy,roy,VERB,wo,wo,UNKNOWN,no,insertion,"[""insertion""]","[{""operation"": ""insert"", ""formal_text"": """", ""informal_text"": ""e"", ""formal_start"": 3, ""formal_end"": 3, ""informal_start"": 3, ""informal_end"": 4}]",reviewed,,false,ambiguous_language_seed_lookup,2026-08-24T18:11:16.060605+00:00
5938:10,5938,10,lén,leen,leen,PRON,wo,wo,UNKNOWN,no,diacritic,"[""diacritic"", ""substitution"", ""phonetic_spelling""]","[{""operation"": ""replace"", ""formal_text"": ""ee"", ""informal_text"": ""é"", ""formal_start"": 1, ""formal_end"": 3, ""informal_start"": 1, ""informal_end"": 2}]",reviewed,,false,seed_lookup,2026-08-24T18:11:34.256795+00:00
5939:1,5939,1,souk,sukk,sukk,NOUN,wo,wo,UNKNOWN,no,deletion,"[""deletion"", ""insertion"", ""phonetic_spelling""]","[{""operation"": ""insert"", ""formal_text"": """", ""informal_text"": ""o"", ""formal_start"": 1, ""formal_end"": 1, ""informal_start"": 1, ""informal_end"": 2}, {""operation"": ""delete"", ""formal_text"": ""k"", ""informal_text"": """", ""formal_start"": 3, ""formal_end"": 4, ""informal_start"": 4, ""informal_end"": 4}]",reviewed,,false,seed_lookup,2026-08-24T18:11:45.947160+00:00
305:0,305,0,khali,khali,khali,PROPN,unknown,unknown,PERSON,yes,identity,"[""identity""]",[],reviewed,AUTO_IDENTITY_LOOKUP,false,curated_lookup,2026-08-24T18:46:26.331948+00:00
305:20,305,20,barina,bari naa,,UNKNOWN,wo,wo,UNKNOWN,no,spacing_merge,"[""spacing_merge"", ""deletion""]","[{""operation"": ""delete"", ""formal_text"": "" "", ""informal_text"": """", ""formal_start"": 4, ""formal_end"": 5, ""informal_start"": 4, ""informal_end"": 4}, {""operation"": ""delete"", ""formal_text"": ""a"", ""informal_text"": """", ""formal_start"": 7, ""formal_end"": 8, ""informal_start"": 6, ""informal_end"": 6}]",reviewed,AUTO_SPACING_MERGE,false,spacing_merge_policy,2026-08-24T18:46:26.332899+00:00
265:6,265,6,rèk,rek,rek,UNKNOWN,wo,wo,UNKNOWN,no,diacritic,"[""diacritic""]","[{""operation"": ""replace"", ""formal_text"": ""e"", ""informal_text"": ""è"", ""formal_start"": 1, ""formal_end"": 2, ""informal_start"": 1, ""informal_end"": 2}]",reviewed,,true,curated_lookup,2026-08-24T18:51:32.170970+00:00
